{"type":"FeatureCollection","features":[{"type":"Feature","id":"way/1110462531","geometry":{"type":"Polygon","coordinates":[[[-108.4088038,54.4921888],[-108.4086607,54.4921496],[-108.4086726,54.4921349],[-108.4086528,54.4921295],[-108.4087077,54.4920618],[-108.4088707,54.4921065],[-108.4088038,54.4921888]]]},"properties":{"building":"yes","osmId":1110462531,"osmType":"way","sourceUrl":"https://www.openstreetmap.org/way/1110462531","renderHeight":4,"heightSource":"Illustrative default"}},{"type":"Feature","id":"way/1110462532","geometry":{"type":"Polygon","coordinates":[[[-108.4085875,54.4920917],[-108.4084757,54.4920514],[-108.4085038,54.4920252],[-108.4084621,54.4920101],[-108.4085193,54.4919566],[-108.4086981,54.492021],[-108.4086517,54.4920645],[-108.4086263,54.4920553],[-108.4085875,54.4920917]]]},"properties":{"building":"yes","osmId":1110462532,"osmType":"way","sourceUrl":"https://www.openstreetmap.org/way/1110462532","renderHeight":4,"heightSource":"Illustrative default"}},{"type":"Feature","id":"way/1110462533","geometry":{"type":"Polygon","coordinates":[[[-108.4082358,54.4920864],[-108.4081692,54.4920463],[-108.4082151,54.4920205],[-108.4081983,54.4920104],[-108.408239,54.4919876],[-108.4083224,54.4920379],[-108.4082358,54.4920864]]]},"properties":{"building":"yes","osmId":1110462533,"osmType":"way","sourceUrl":"https://www.openstreetmap.org/way/1110462533","renderHeight":4,"heightSource":"Illustrative default"}},{"type":"Feature","id":"way/1110462534","geometry":{"type":"Polygon","coordinates":[[[-108.4103173,54.491244],[-108.4102494,54.4912616],[-108.4102165,54.4912189],[-108.4102844,54.4912013],[-108.4103173,54.491244]]]},"properties":{"building":"yes","osmId":1110462534,"osmType":"way","sourceUrl":"https://www.openstreetmap.org/way/1110462534","renderHeight":4,"heightSource":"Illustrative default"}},{"type":"Feature","id":"way/1110462535","geometry":{"type":"Polygon","coordinates":[[[-108.4101599,54.4912759],[-108.4099796,54.4913193],[-108.4099539,54.4912832],[-108.4099929,54.4912738],[-108.4099473,54.4912097],[-108.4100885,54.4911758],[-108.4101599,54.4912759]]]},"properties":{"building":"yes","osmId":1110462535,"osmType":"way","sourceUrl":"https://www.openstreetmap.org/way/1110462535","renderHeight":4,"heightSource":"Illustrative default"}},{"type":"Feature","id":"way/1110462536","geometry":{"type":"Polygon","coordinates":[[[-108.4122391,54.4912802],[-108.4120983,54.4912808],[-108.412097,54.4911704],[-108.4122378,54.4911699],[-108.4122391,54.4912802]]]},"properties":{"building":"yes","osmId":1110462536,"osmType":"way","sourceUrl":"https://www.openstreetmap.org/way/1110462536","renderHeight":4,"heightSource":"Illustrative default"}},{"type":"Feature","id":"way/1110462537","geometry":{"type":"Polygon","coordinates":[[[-108.4130384,54.4908112],[-108.4128984,54.4908129],[-108.4128973,54.490783],[-108.4128325,54.4907838],[-108.4128297,54.4907054],[-108.4130345,54.4907029],[-108.4130384,54.4908112]]]},"properties":{"building":"yes","osmId":1110462537,"osmType":"way","sourceUrl":"https://www.openstreetmap.org/way/1110462537","renderHeight":4,"heightSource":"Illustrative default"}},{"type":"Feature","id":"way/1110462538","geometry":{"type":"Polygon","coordinates":[[[-108.4132888,54.4897553],[-108.4130637,54.4897639],[-108.4130545,54.4896831],[-108.4132797,54.4896746],[-108.4132888,54.4897553]]]},"properties":{"building":"yes","osmId":1110462538,"osmType":"way","sourceUrl":"https://www.openstreetmap.org/way/1110462538","renderHeight":4,"heightSource":"Illustrative default"}},{"type":"Feature","id":"way/1110462539","geometry":{"type":"Polygon","coordinates":[[[-108.4129322,54.4897883],[-108.412841,54.4897894],[-108.4128385,54.4897214],[-108.4129296,54.4897202],[-108.4129322,54.4897883]]]},"properties":{"building":"yes","osmId":1110462539,"osmType":"way","sourceUrl":"https://www.openstreetmap.org/way/1110462539","renderHeight":4,"heightSource":"Illustrative default"}},{"type":"Feature","id":"way/1110462540","geometry":{"type":"Polygon","coordinates":[[[-108.4124751,54.489493],[-108.4122109,54.4895322],[-108.4121945,54.489495],[-108.4124587,54.4894557],[-108.4124751,54.489493]]]},"properties":{"building":"yes","osmId":1110462540,"osmType":"way","sourceUrl":"https://www.openstreetmap.org/way/1110462540","renderHeight":4,"heightSource":"Illustrative default"}},{"type":"Feature","id":"way/1110462541","geometry":{"type":"Polygon","coordinates":[[[-108.4124072,54.4879105],[-108.4122122,54.4879112],[-108.4122112,54.4878238],[-108.4124062,54.4878231],[-108.4124072,54.4879105]]]},"properties":{"building":"yes","osmId":1110462541,"osmType":"way","sourceUrl":"https://www.openstreetmap.org/way/1110462541","renderHeight":4,"heightSource":"Illustrative default"}},{"type":"Feature","id":"way/1110462542","geometry":{"type":"Polygon","coordinates":[[[-108.4129872,54.4872645],[-108.412789,54.4872709],[-108.4127773,54.4871474],[-108.4129792,54.4871409],[-108.4129828,54.4871792],[-108.4130204,54.487178],[-108.4130246,54.4872218],[-108.4129833,54.4872231],[-108.4129872,54.4872645]]]},"properties":{"building":"yes","osmId":1110462542,"osmType":"way","sourceUrl":"https://www.openstreetmap.org/way/1110462542","renderHeight":4,"heightSource":"Illustrative default"}},{"type":"Feature","id":"way/1110462543","geometry":{"type":"Polygon","coordinates":[[[-108.4126392,54.487085],[-108.4125244,54.4870872],[-108.4125197,54.4870057],[-108.4126345,54.4870035],[-108.4126392,54.487085]]]},"properties":{"building":"yes","osmId":1110462543,"osmType":"way","sourceUrl":"https://www.openstreetmap.org/way/1110462543","renderHeight":4,"heightSource":"Illustrative default"}},{"type":"Feature","id":"way/1110462544","geometry":{"type":"Polygon","coordinates":[[[-108.4120286,54.4865628],[-108.4118802,54.4865392],[-108.4119256,54.4864429],[-108.412074,54.4864665],[-108.4120286,54.4865628]]]},"properties":{"building":"yes","osmId":1110462544,"osmType":"way","sourceUrl":"https://www.openstreetmap.org/way/1110462544","renderHeight":4,"heightSource":"Illustrative default"}},{"type":"Feature","id":"way/1110462545","geometry":{"type":"Polygon","coordinates":[[[-108.412947,54.4862708],[-108.4128039,54.4862658],[-108.4128133,54.4861745],[-108.4129564,54.4861795],[-108.412947,54.4862708]]]},"properties":{"building":"yes","osmId":1110462545,"osmType":"way","sourceUrl":"https://www.openstreetmap.org/way/1110462545","renderHeight":4,"heightSource":"Illustrative default"}},{"type":"Feature","id":"way/1110462546","geometry":{"type":"Polygon","coordinates":[[[-108.4129662,54.4859167],[-108.4128024,54.4859127],[-108.4128097,54.4858112],[-108.4129734,54.4858151],[-108.4129662,54.4859167]]]},"properties":{"building":"yes","osmId":1110462546,"osmType":"way","sourceUrl":"https://www.openstreetmap.org/way/1110462546","renderHeight":4,"heightSource":"Illustrative default"}},{"type":"Feature","id":"way/1110462547","geometry":{"type":"Polygon","coordinates":[[[-108.4132871,54.4855263],[-108.4131108,54.4854886],[-108.4131544,54.4854198],[-108.4133307,54.4854575],[-108.4132871,54.4855263]]]},"properties":{"building":"yes","osmId":1110462547,"osmType":"way","sourceUrl":"https://www.openstreetmap.org/way/1110462547","renderHeight":4,"heightSource":"Illustrative default"}},{"type":"Feature","id":"way/1110462548","geometry":{"type":"Polygon","coordinates":[[[-108.4124262,54.4841169],[-108.4123253,54.4841242],[-108.4123147,54.4840751],[-108.4124156,54.4840678],[-108.4124262,54.4841169]]]},"properties":{"building":"yes","osmId":1110462548,"osmType":"way","sourceUrl":"https://www.openstreetmap.org/way/1110462548","renderHeight":4,"heightSource":"Illustrative default"}},{"type":"Feature","id":"way/1110462549","geometry":{"type":"Polygon","coordinates":[[[-108.4121232,54.4842947],[-108.4118965,54.4843085],[-108.4118752,54.4841898],[-108.4121018,54.4841761],[-108.4121232,54.4842947]]]},"properties":{"building":"yes","osmId":1110462549,"osmType":"way","sourceUrl":"https://www.openstreetmap.org/way/1110462549","renderHeight":4,"heightSource":"Illustrative default"}},{"type":"Feature","id":"way/1110462550","geometry":{"type":"Polygon","coordinates":[[[-108.4132396,54.4823123],[-108.4130911,54.4823095],[-108.4130977,54.4821929],[-108.4132461,54.4821957],[-108.4132444,54.4822268],[-108.4132854,54.4822276],[-108.413283,54.4822693],[-108.413242,54.4822685],[-108.4132396,54.4823123]]]},"properties":{"building":"yes","osmId":1110462550,"osmType":"way","sourceUrl":"https://www.openstreetmap.org/way/1110462550","renderHeight":4,"heightSource":"Illustrative default"}},{"type":"Feature","id":"way/1110462551","geometry":{"type":"Polygon","coordinates":[[[-108.4123823,54.4817726],[-108.4122489,54.481746],[-108.4123121,54.481639],[-108.4124455,54.4816656],[-108.4123823,54.4817726]]]},"properties":{"building":"yes","osmId":1110462551,"osmType":"way","sourceUrl":"https://www.openstreetmap.org/way/1110462551","renderHeight":4,"heightSource":"Illustrative default"}},{"type":"Feature","id":"way/1110462552","geometry":{"type":"Polygon","coordinates":[[[-108.4129646,54.4808772],[-108.41288,54.4808464],[-108.4129048,54.4808234],[-108.4129894,54.4808542],[-108.4129646,54.4808772]]]},"properties":{"building":"yes","osmId":1110462552,"osmType":"way","sourceUrl":"https://www.openstreetmap.org/way/1110462552","renderHeight":4,"heightSource":"Illustrative default"}},{"type":"Feature","id":"way/1110462553","geometry":{"type":"Polygon","coordinates":[[[-108.4128634,54.4807917],[-108.4128265,54.4808198],[-108.4126938,54.4807611],[-108.4127135,54.4807461],[-108.4126816,54.480732],[-108.4127506,54.4806794],[-108.4127891,54.4806964],[-108.4128424,54.4806557],[-108.4129496,54.4807031],[-108.4129119,54.4807319],[-108.4129537,54.4807504],[-108.4128862,54.4808018],[-108.4128634,54.4807917]]]},"properties":{"building":"yes","osmId":1110462553,"osmType":"way","sourceUrl":"https://www.openstreetmap.org/way/1110462553","renderHeight":4,"heightSource":"Illustrative default"}},{"type":"Feature","id":"way/1110462554","geometry":{"type":"Polygon","coordinates":[[[-108.413644,54.480271],[-108.4136345,54.4802698],[-108.4136566,54.4802128],[-108.4136837,54.4802163],[-108.4137045,54.4801626],[-108.4137759,54.4801719],[-108.4137551,54.4802257],[-108.4137806,54.480229],[-108.4137585,54.480286],[-108.4137329,54.4802827],[-108.4137236,54.4803067],[-108.4136347,54.480295],[-108.413644,54.480271]]]},"properties":{"building":"yes","osmId":1110462554,"osmType":"way","sourceUrl":"https://www.openstreetmap.org/way/1110462554","renderHeight":4,"heightSource":"Illustrative default"}},{"type":"Feature","id":"way/1110462555","geometry":{"type":"Polygon","coordinates":[[[-108.4097056,54.4818333],[-108.4095698,54.4818341],[-108.4095676,54.4817098],[-108.4097034,54.481709],[-108.4097056,54.4818333]]]},"properties":{"building":"yes","osmId":1110462555,"osmType":"way","sourceUrl":"https://www.openstreetmap.org/way/1110462555","renderHeight":4,"heightSource":"Illustrative default"}},{"type":"Feature","id":"way/1110462556","geometry":{"type":"Polygon","coordinates":[[[-108.4092226,54.4868142],[-108.40908,54.4867919],[-108.4091284,54.4866872],[-108.409271,54.4867094],[-108.4092226,54.4868142]]]},"properties":{"building":"yes","osmId":1110462556,"osmType":"way","sourceUrl":"https://www.openstreetmap.org/way/1110462556","renderHeight":4,"heightSource":"Illustrative default"}},{"type":"Feature","id":"way/1110462557","geometry":{"type":"Polygon","coordinates":[[[-108.4065643,54.4859873],[-108.4064375,54.4860063],[-108.4063898,54.4858989],[-108.4065165,54.4858799],[-108.4065643,54.4859873]]]},"properties":{"building":"yes","osmId":1110462557,"osmType":"way","sourceUrl":"https://www.openstreetmap.org/way/1110462557","renderHeight":4,"heightSource":"Illustrative default"}},{"type":"Feature","id":"way/1110462558","geometry":{"type":"Polygon","coordinates":[[[-108.4072933,54.4876205],[-108.4071965,54.4876734],[-108.4070708,54.4875959],[-108.4071675,54.487543],[-108.4072933,54.4876205]]]},"properties":{"building":"yes","osmId":1110462558,"osmType":"way","sourceUrl":"https://www.openstreetmap.org/way/1110462558","renderHeight":4,"heightSource":"Illustrative default"}},{"type":"Feature","id":"way/1110462559","geometry":{"type":"Polygon","coordinates":[[[-108.4077743,54.4901715],[-108.4076038,54.4901326],[-108.4076532,54.4900595],[-108.4078237,54.4900983],[-108.4077743,54.4901715]]]},"properties":{"building":"yes","osmId":1110462559,"osmType":"way","sourceUrl":"https://www.openstreetmap.org/way/1110462559","renderHeight":4,"heightSource":"Illustrative default"}},{"type":"Feature","id":"way/1110462560","geometry":{"type":"Polygon","coordinates":[[[-108.4073648,54.4901028],[-108.4071988,54.490069],[-108.4072329,54.4900126],[-108.4073989,54.4900464],[-108.4073648,54.4901028]]]},"properties":{"building":"yes","osmId":1110462560,"osmType":"way","sourceUrl":"https://www.openstreetmap.org/way/1110462560","renderHeight":4,"heightSource":"Illustrative default"}},{"type":"Feature","id":"way/1110462561","geometry":{"type":"Polygon","coordinates":[[[-108.4061511,54.4900282],[-108.4060623,54.4900099],[-108.4060956,54.4899554],[-108.4061844,54.4899737],[-108.4061511,54.4900282]]]},"properties":{"building":"yes","osmId":1110462561,"osmType":"way","sourceUrl":"https://www.openstreetmap.org/way/1110462561","renderHeight":4,"heightSource":"Illustrative default"}},{"type":"Feature","id":"way/1110462562","geometry":{"type":"Polygon","coordinates":[[[-108.4059812,54.4906986],[-108.4058081,54.4907315],[-108.4057677,54.4906598],[-108.4059408,54.4906269],[-108.4059812,54.4906986]]]},"properties":{"building":"yes","osmId":1110462562,"osmType":"way","sourceUrl":"https://www.openstreetmap.org/way/1110462562","renderHeight":4,"heightSource":"Illustrative default"}},{"type":"Feature","id":"way/1110462563","geometry":{"type":"Polygon","coordinates":[[[-108.4057334,54.4912563],[-108.4055709,54.4912846],[-108.4055271,54.4911998],[-108.4056895,54.4911715],[-108.4057334,54.4912563]]]},"properties":{"building":"yes","osmId":1110462563,"osmType":"way","sourceUrl":"https://www.openstreetmap.org/way/1110462563","renderHeight":4,"heightSource":"Illustrative default"}},{"type":"Feature","id":"way/1110462564","geometry":{"type":"Polygon","coordinates":[[[-108.412976,54.4928754],[-108.4128251,54.4928837],[-108.4128094,54.4927866],[-108.4129602,54.4927783],[-108.412976,54.4928754]]]},"properties":{"building":"yes","osmId":1110462564,"osmType":"way","sourceUrl":"https://www.openstreetmap.org/way/1110462564","renderHeight":4,"heightSource":"Illustrative default"}},{"type":"Feature","id":"way/1110462565","geometry":{"type":"Polygon","coordinates":[[[-108.4141482,54.4959084],[-108.4140263,54.4959084],[-108.4140265,54.4958051],[-108.4141484,54.4958051],[-108.4141482,54.4959084]]]},"properties":{"building":"yes","osmId":1110462565,"osmType":"way","sourceUrl":"https://www.openstreetmap.org/way/1110462565","renderHeight":4,"heightSource":"Illustrative default"}},{"type":"Feature","id":"way/1110462566","geometry":{"type":"Polygon","coordinates":[[[-108.4146584,54.4964927],[-108.4145168,54.4965171],[-108.4144802,54.4964454],[-108.4146218,54.496421],[-108.4146273,54.4964319],[-108.4146766,54.4964234],[-108.4147003,54.4964697],[-108.414651,54.4964782],[-108.4146584,54.4964927]]]},"properties":{"building":"yes","osmId":1110462566,"osmType":"way","sourceUrl":"https://www.openstreetmap.org/way/1110462566","renderHeight":4,"heightSource":"Illustrative default"}},{"type":"Feature","id":"way/1110462567","geometry":{"type":"Polygon","coordinates":[[[-108.4086981,54.4972221],[-108.4085371,54.4972165],[-108.4085456,54.4971344],[-108.4087066,54.49714],[-108.4086981,54.4972221]]]},"properties":{"building":"yes","osmId":1110462567,"osmType":"way","sourceUrl":"https://www.openstreetmap.org/way/1110462567","renderHeight":4,"heightSource":"Illustrative default"}},{"type":"Feature","id":"way/1110462568","geometry":{"type":"Polygon","coordinates":[[[-108.4072724,54.4981512],[-108.4071398,54.4981462],[-108.4071524,54.4980347],[-108.4072849,54.4980397],[-108.4072724,54.4981512]]]},"properties":{"building":"yes","osmId":1110462568,"osmType":"way","sourceUrl":"https://www.openstreetmap.org/way/1110462568","renderHeight":4,"heightSource":"Illustrative default"}},{"type":"Feature","id":"way/1110462569","geometry":{"type":"Polygon","coordinates":[[[-108.4069752,54.4982005],[-108.4068102,54.498187],[-108.4068245,54.4981279],[-108.4069896,54.4981414],[-108.4069752,54.4982005]]]},"properties":{"building":"yes","osmId":1110462569,"osmType":"way","sourceUrl":"https://www.openstreetmap.org/way/1110462569","renderHeight":4,"heightSource":"Illustrative default"}},{"type":"Feature","id":"way/1110462570","geometry":{"type":"Polygon","coordinates":[[[-108.4079495,54.5002191],[-108.4078919,54.5001878],[-108.4079465,54.5001538],[-108.4080041,54.5001851],[-108.4079495,54.5002191]]]},"properties":{"building":"yes","osmId":1110462570,"osmType":"way","sourceUrl":"https://www.openstreetmap.org/way/1110462570","renderHeight":4,"heightSource":"Illustrative default"}},{"type":"Feature","id":"way/1110462571","geometry":{"type":"Polygon","coordinates":[[[-108.4083006,54.5004551],[-108.4082061,54.5003935],[-108.4082997,54.5003451],[-108.4083309,54.5003655],[-108.408384,54.500338],[-108.4084315,54.500369],[-108.4083916,54.5003896],[-108.4084073,54.5003999],[-108.4083006,54.5004551]]]},"properties":{"building":"yes","osmId":1110462571,"osmType":"way","sourceUrl":"https://www.openstreetmap.org/way/1110462571","renderHeight":4,"heightSource":"Illustrative default"}},{"type":"Feature","id":"way/1110462572","geometry":{"type":"Polygon","coordinates":[[[-108.4078361,54.5005381],[-108.4077796,54.5005034],[-108.4078924,54.5004415],[-108.4079489,54.5004762],[-108.4078361,54.5005381]]]},"properties":{"building":"yes","osmId":1110462572,"osmType":"way","sourceUrl":"https://www.openstreetmap.org/way/1110462572","renderHeight":4,"heightSource":"Illustrative default"}},{"type":"Feature","id":"way/1110462573","geometry":{"type":"Polygon","coordinates":[[[-108.4073088,54.5004779],[-108.407234,54.5004419],[-108.4072847,54.5004064],[-108.4073594,54.5004424],[-108.4073088,54.5004779]]]},"properties":{"building":"yes","osmId":1110462573,"osmType":"way","sourceUrl":"https://www.openstreetmap.org/way/1110462573","renderHeight":4,"heightSource":"Illustrative default"}},{"type":"Feature","id":"way/1110462574","geometry":{"type":"Polygon","coordinates":[[[-108.4115732,54.5038278],[-108.4114204,54.5038029],[-108.411428,54.5037872],[-108.4113534,54.503775],[-108.4113619,54.5037575],[-108.4113275,54.5037519],[-108.4113452,54.5037155],[-108.4113738,54.5037201],[-108.4113846,54.5036978],[-108.4116177,54.5037358],[-108.4115732,54.5038278]]]},"properties":{"building":"yes","osmId":1110462574,"osmType":"way","sourceUrl":"https://www.openstreetmap.org/way/1110462574","renderHeight":4,"heightSource":"Illustrative default"}},{"type":"Feature","id":"way/1110462575","geometry":{"type":"Polygon","coordinates":[[[-108.4110249,54.5038313],[-108.4109351,54.5038429],[-108.4109167,54.503795],[-108.4110065,54.5037834],[-108.4110249,54.5038313]]]},"properties":{"building":"yes","osmId":1110462575,"osmType":"way","sourceUrl":"https://www.openstreetmap.org/way/1110462575","renderHeight":4,"heightSource":"Illustrative default"}},{"type":"Feature","id":"way/1110462576","geometry":{"type":"Polygon","coordinates":[[[-108.4131617,54.5015899],[-108.4130257,54.5015918],[-108.4130217,54.5014969],[-108.4131577,54.501495],[-108.4131617,54.5015899]]]},"properties":{"building":"yes","osmId":1110462576,"osmType":"way","sourceUrl":"https://www.openstreetmap.org/way/1110462576","renderHeight":4,"heightSource":"Illustrative default"}},{"type":"Feature","id":"way/1110462577","geometry":{"type":"Polygon","coordinates":[[[-108.4141384,54.5016158],[-108.4139912,54.5016307],[-108.4139629,54.5015368],[-108.4141101,54.5015218],[-108.4141384,54.5016158]]]},"properties":{"building":"yes","osmId":1110462577,"osmType":"way","sourceUrl":"https://www.openstreetmap.org/way/1110462577","renderHeight":4,"heightSource":"Illustrative default"}},{"type":"Feature","id":"way/1110462578","geometry":{"type":"Polygon","coordinates":[[[-108.4140727,54.5020609],[-108.4138994,54.5020774],[-108.413876,54.5019948],[-108.4140493,54.5019783],[-108.4140727,54.5020609]]]},"properties":{"building":"yes","osmId":1110462578,"osmType":"way","sourceUrl":"https://www.openstreetmap.org/way/1110462578","renderHeight":4,"heightSource":"Illustrative default"}},{"type":"Feature","id":"way/1110462579","geometry":{"type":"Polygon","coordinates":[[[-108.4117441,54.5066672],[-108.4116433,54.506634],[-108.4116933,54.5065828],[-108.4116779,54.5065778],[-108.411704,54.5065511],[-108.4117287,54.5065592],[-108.4117731,54.5065138],[-108.4118394,54.5065356],[-108.4117952,54.5065809],[-108.4118204,54.5065892],[-108.4117441,54.5066672]]]},"properties":{"building":"yes","osmId":1110462579,"osmType":"way","sourceUrl":"https://www.openstreetmap.org/way/1110462579","renderHeight":4,"heightSource":"Illustrative default"}},{"type":"Feature","id":"way/1110462580","geometry":{"type":"Polygon","coordinates":[[[-108.4167294,54.5084829],[-108.4165969,54.5085031],[-108.4165456,54.5083894],[-108.4166781,54.5083693],[-108.4167294,54.5084829]]]},"properties":{"building":"yes","osmId":1110462580,"osmType":"way","sourceUrl":"https://www.openstreetmap.org/way/1110462580","renderHeight":4,"heightSource":"Illustrative default"}},{"type":"Feature","id":"way/1110462581","geometry":{"type":"Polygon","coordinates":[[[-108.4168903,54.5090242],[-108.4167652,54.5090459],[-108.4167121,54.5089426],[-108.4168372,54.5089209],[-108.4168903,54.5090242]]]},"properties":{"building":"yes","osmId":1110462581,"osmType":"way","sourceUrl":"https://www.openstreetmap.org/way/1110462581","renderHeight":4,"heightSource":"Illustrative default"}},{"type":"Feature","id":"way/1110462582","geometry":{"type":"Polygon","coordinates":[[[-108.4160555,54.5091212],[-108.415933,54.509144],[-108.4158839,54.5090548],[-108.4160064,54.509032],[-108.4160555,54.5091212]]]},"properties":{"building":"yes","osmId":1110462582,"osmType":"way","sourceUrl":"https://www.openstreetmap.org/way/1110462582","renderHeight":4,"heightSource":"Illustrative default"}},{"type":"Feature","id":"way/1110462583","geometry":{"type":"Polygon","coordinates":[[[-108.4167791,54.5084402],[-108.4167215,54.5084487],[-108.4166884,54.5083732],[-108.416746,54.5083647],[-108.4167791,54.5084402]]]},"properties":{"building":"yes","osmId":1110462583,"osmType":"way","sourceUrl":"https://www.openstreetmap.org/way/1110462583","renderHeight":4,"heightSource":"Illustrative default"}},{"type":"Feature","id":"way/1110462584","geometry":{"type":"Polygon","coordinates":[[[-108.4167001,54.5081587],[-108.4166331,54.5081751],[-108.4165958,54.5081236],[-108.4166628,54.5081073],[-108.4167001,54.5081587]]]},"properties":{"building":"yes","osmId":1110462584,"osmType":"way","sourceUrl":"https://www.openstreetmap.org/way/1110462584","renderHeight":4,"heightSource":"Illustrative default"}},{"type":"Feature","id":"way/1110462585","geometry":{"type":"Polygon","coordinates":[[[-108.4171305,54.5099505],[-108.4170038,54.5099836],[-108.4169287,54.5098867],[-108.4170518,54.5098546],[-108.417077,54.509887],[-108.4171162,54.5098768],[-108.4171432,54.5099116],[-108.4171076,54.5099209],[-108.4171305,54.5099505]]]},"properties":{"building":"yes","osmId":1110462585,"osmType":"way","sourceUrl":"https://www.openstreetmap.org/way/1110462585","renderHeight":4,"heightSource":"Illustrative default"}},{"type":"Feature","id":"way/1110462586","geometry":{"type":"Polygon","coordinates":[[[-108.4149538,54.51116],[-108.4148723,54.5111154],[-108.414992,54.5110417],[-108.4150735,54.5110863],[-108.4149538,54.51116]]]},"properties":{"building":"yes","osmId":1110462586,"osmType":"way","sourceUrl":"https://www.openstreetmap.org/way/1110462586","renderHeight":4,"heightSource":"Illustrative default"}},{"type":"Feature","id":"way/1110462587","geometry":{"type":"Polygon","coordinates":[[[-108.4150655,54.5111921],[-108.4150059,54.5111646],[-108.4150326,54.511145],[-108.4150198,54.5111392],[-108.415049,54.5111178],[-108.4150617,54.5111237],[-108.4150794,54.5111108],[-108.4151391,54.5111383],[-108.4150655,54.5111921]]]},"properties":{"building":"yes","osmId":1110462587,"osmType":"way","sourceUrl":"https://www.openstreetmap.org/way/1110462587","renderHeight":4,"heightSource":"Illustrative default"}},{"type":"Feature","id":"way/1110462588","geometry":{"type":"Polygon","coordinates":[[[-108.4180482,54.5115756],[-108.417851,54.5115864],[-108.4178379,54.5115054],[-108.4180351,54.5114946],[-108.4180482,54.5115756]]]},"properties":{"building":"yes","osmId":1110462588,"osmType":"way","sourceUrl":"https://www.openstreetmap.org/way/1110462588","renderHeight":4,"heightSource":"Illustrative default"}},{"type":"Feature","id":"way/1110462589","geometry":{"type":"Polygon","coordinates":[[[-108.4177066,54.5115557],[-108.4176135,54.5115648],[-108.4176036,54.511531],[-108.4176967,54.5115218],[-108.4177066,54.5115557]]]},"properties":{"building":"yes","osmId":1110462589,"osmType":"way","sourceUrl":"https://www.openstreetmap.org/way/1110462589","renderHeight":4,"heightSource":"Illustrative default"}},{"type":"Feature","id":"way/1110462590","geometry":{"type":"Polygon","coordinates":[[[-108.4175953,54.5116875],[-108.4174886,54.5117045],[-108.4174681,54.5116611],[-108.4175749,54.5116441],[-108.4175953,54.5116875]]]},"properties":{"building":"yes","osmId":1110462590,"osmType":"way","sourceUrl":"https://www.openstreetmap.org/way/1110462590","renderHeight":4,"heightSource":"Illustrative default"}},{"type":"Feature","id":"way/1110462591","geometry":{"type":"Polygon","coordinates":[[[-108.4245399,54.5134539],[-108.4243745,54.5134375],[-108.4243829,54.5134091],[-108.424395,54.513368],[-108.4243985,54.513356],[-108.4245639,54.5133724],[-108.4245399,54.5134539]]]},"properties":{"building":"yes","osmId":1110462591,"osmType":"way","sourceUrl":"https://www.openstreetmap.org/way/1110462591","renderHeight":4,"heightSource":"Illustrative default"}},{"type":"Feature","id":"way/1110462592","geometry":{"type":"Polygon","coordinates":[[[-108.4231466,54.5138478],[-108.4230017,54.5138456],[-108.4230038,54.5137399],[-108.4231289,54.5137446],[-108.4231771,54.5137852],[-108.4231724,54.5138042],[-108.4231366,54.5138046],[-108.4231466,54.5138478]]]},"properties":{"building":"yes","osmId":1110462592,"osmType":"way","sourceUrl":"https://www.openstreetmap.org/way/1110462592","renderHeight":4,"heightSource":"Illustrative default"}},{"type":"Feature","id":"way/1110462593","geometry":{"type":"Polygon","coordinates":[[[-108.4243036,54.5134013],[-108.4243829,54.5134091],[-108.424395,54.513368],[-108.4243157,54.5133601],[-108.4243036,54.5134013]]]},"properties":{"building":"yes","osmId":1110462593,"osmType":"way","sourceUrl":"https://www.openstreetmap.org/way/1110462593","renderHeight":4,"heightSource":"Illustrative default"}},{"type":"Feature","id":"way/1110462594","geometry":{"type":"Polygon","coordinates":[[[-108.4240327,54.5143925],[-108.4239007,54.5143528],[-108.423987,54.5142562],[-108.424119,54.514296],[-108.4240327,54.5143925]]]},"properties":{"building":"yes","osmId":1110462594,"osmType":"way","sourceUrl":"https://www.openstreetmap.org/way/1110462594","renderHeight":4,"heightSource":"Illustrative default"}},{"type":"Feature","id":"way/1110462595","geometry":{"type":"Polygon","coordinates":[[[-108.4260815,54.5142666],[-108.4259647,54.5143061],[-108.4258729,54.5142147],[-108.4259897,54.5141752],[-108.4260815,54.5142666]]]},"properties":{"building":"yes","osmId":1110462595,"osmType":"way","sourceUrl":"https://www.openstreetmap.org/way/1110462595","renderHeight":4,"heightSource":"Illustrative default"}},{"type":"Feature","id":"way/1110462596","geometry":{"type":"Polygon","coordinates":[[[-108.4252892,54.5148434],[-108.4251687,54.5148889],[-108.4250648,54.5147963],[-108.4251854,54.5147508],[-108.4252892,54.5148434]]]},"properties":{"building":"yes","osmId":1110462596,"osmType":"way","sourceUrl":"https://www.openstreetmap.org/way/1110462596","renderHeight":4,"heightSource":"Illustrative default"}},{"type":"Feature","id":"way/1110462597","geometry":{"type":"Polygon","coordinates":[[[-108.4254882,54.5150538],[-108.4253668,54.515092],[-108.4252734,54.5149923],[-108.4253948,54.514954],[-108.4254882,54.5150538]]]},"properties":{"building":"yes","osmId":1110462597,"osmType":"way","sourceUrl":"https://www.openstreetmap.org/way/1110462597","renderHeight":4,"heightSource":"Illustrative default"}},{"type":"Feature","id":"way/1110462598","geometry":{"type":"Polygon","coordinates":[[[-108.4252067,54.515113],[-108.425145,54.5151279],[-108.4251135,54.515084],[-108.4251752,54.5150691],[-108.4252067,54.515113]]]},"properties":{"building":"yes","osmId":1110462598,"osmType":"way","sourceUrl":"https://www.openstreetmap.org/way/1110462598","renderHeight":4,"heightSource":"Illustrative default"}},{"type":"Feature","id":"way/1110462599","geometry":{"type":"Polygon","coordinates":[[[-108.4256678,54.5153354],[-108.425541,54.5153591],[-108.4254836,54.5152555],[-108.4256104,54.5152318],[-108.4256678,54.5153354]]]},"properties":{"building":"yes","osmId":1110462599,"osmType":"way","sourceUrl":"https://www.openstreetmap.org/way/1110462599","renderHeight":4,"heightSource":"Illustrative default"}},{"type":"Feature","id":"way/1110462600","geometry":{"type":"Polygon","coordinates":[[[-108.4263186,54.5149075],[-108.4261752,54.5149371],[-108.4261121,54.5148341],[-108.4262555,54.5148045],[-108.4263186,54.5149075]]]},"properties":{"building":"yes","osmId":1110462600,"osmType":"way","sourceUrl":"https://www.openstreetmap.org/way/1110462600","renderHeight":4,"heightSource":"Illustrative default"}},{"type":"Feature","id":"way/1110462601","geometry":{"type":"Polygon","coordinates":[[[-108.4264726,54.5151853],[-108.4263145,54.5152089],[-108.4262583,54.5150815],[-108.4264163,54.5150579],[-108.4264726,54.5151853]]]},"properties":{"building":"yes","osmId":1110462601,"osmType":"way","sourceUrl":"https://www.openstreetmap.org/way/1110462601","renderHeight":4,"heightSource":"Illustrative default"}},{"type":"Feature","id":"way/1110462602","geometry":{"type":"Polygon","coordinates":[[[-108.4257689,54.5156095],[-108.4256348,54.5156306],[-108.4255735,54.5154996],[-108.4257076,54.5154784],[-108.4257689,54.5156095]]]},"properties":{"building":"yes","osmId":1110462602,"osmType":"way","sourceUrl":"https://www.openstreetmap.org/way/1110462602","renderHeight":4,"heightSource":"Illustrative default"}},{"type":"Feature","id":"way/1110462603","geometry":{"type":"Polygon","coordinates":[[[-108.4265719,54.5154575],[-108.4264293,54.5154806],[-108.4263751,54.5153678],[-108.4265177,54.5153447],[-108.4265719,54.5154575]]]},"properties":{"building":"yes","osmId":1110462603,"osmType":"way","sourceUrl":"https://www.openstreetmap.org/way/1110462603","renderHeight":4,"heightSource":"Illustrative default"}},{"type":"Feature","id":"way/1110462604","geometry":{"type":"Polygon","coordinates":[[[-108.4266812,54.5157328],[-108.4265414,54.5157548],[-108.42649,54.5156447],[-108.4266299,54.5156227],[-108.4266812,54.5157328]]]},"properties":{"building":"yes","osmId":1110462604,"osmType":"way","sourceUrl":"https://www.openstreetmap.org/way/1110462604","renderHeight":4,"heightSource":"Illustrative default"}},{"type":"Feature","id":"way/1110462605","geometry":{"type":"Polygon","coordinates":[[[-108.4258827,54.5158722],[-108.4257276,54.5158924],[-108.4256817,54.5157734],[-108.4258369,54.5157533],[-108.4258827,54.5158722]]]},"properties":{"building":"yes","osmId":1110462605,"osmType":"way","sourceUrl":"https://www.openstreetmap.org/way/1110462605","renderHeight":4,"heightSource":"Illustrative default"}},{"type":"Feature","id":"way/1110462606","geometry":{"type":"Polygon","coordinates":[[[-108.4259712,54.5161381],[-108.4258372,54.516155],[-108.4257963,54.5160456],[-108.4259303,54.5160287],[-108.4259712,54.5161381]]]},"properties":{"building":"yes","osmId":1110462606,"osmType":"way","sourceUrl":"https://www.openstreetmap.org/way/1110462606","renderHeight":4,"heightSource":"Illustrative default"}},{"type":"Feature","id":"way/1110462607","geometry":{"type":"Polygon","coordinates":[[[-108.4268901,54.5162622],[-108.4267501,54.5162823],[-108.426701,54.5161667],[-108.426841,54.5161466],[-108.4268901,54.5162622]]]},"properties":{"building":"yes","osmId":1110462607,"osmType":"way","sourceUrl":"https://www.openstreetmap.org/way/1110462607","renderHeight":4,"heightSource":"Illustrative default"}},{"type":"Feature","id":"way/1110462608","geometry":{"type":"Polygon","coordinates":[[[-108.4261878,54.516691],[-108.426053,54.5167095],[-108.4260055,54.5165928],[-108.4261403,54.5165743],[-108.4261878,54.516691]]]},"properties":{"building":"yes","osmId":1110462608,"osmType":"way","sourceUrl":"https://www.openstreetmap.org/way/1110462608","renderHeight":4,"heightSource":"Illustrative default"}},{"type":"Feature","id":"way/1110462609","geometry":{"type":"Polygon","coordinates":[[[-108.4269861,54.5165274],[-108.4268408,54.5165511],[-108.4267834,54.5164329],[-108.4269287,54.5164091],[-108.4269861,54.5165274]]]},"properties":{"building":"yes","osmId":1110462609,"osmType":"way","sourceUrl":"https://www.openstreetmap.org/way/1110462609","renderHeight":4,"heightSource":"Illustrative default"}},{"type":"Feature","id":"way/1110462610","geometry":{"type":"Polygon","coordinates":[[[-108.4273747,54.5167078],[-108.427238,54.5167509],[-108.4271664,54.5166742],[-108.427303,54.5166312],[-108.4273747,54.5167078]]]},"properties":{"building":"yes","osmId":1110462610,"osmType":"way","sourceUrl":"https://www.openstreetmap.org/way/1110462610","renderHeight":4,"heightSource":"Illustrative default"}},{"type":"Feature","id":"way/1110462611","geometry":{"type":"Polygon","coordinates":[[[-108.4278381,54.5173052],[-108.4277083,54.5173354],[-108.427637,54.5172325],[-108.4277668,54.5172022],[-108.4278381,54.5173052]]]},"properties":{"building":"yes","osmId":1110462611,"osmType":"way","sourceUrl":"https://www.openstreetmap.org/way/1110462611","renderHeight":4,"heightSource":"Illustrative default"}},{"type":"Feature","id":"way/1110462612","geometry":{"type":"Polygon","coordinates":[[[-108.4273028,54.5180383],[-108.4271521,54.5181022],[-108.4270844,54.5180484],[-108.4271219,54.5180325],[-108.4270654,54.5179876],[-108.4271785,54.5179396],[-108.4273028,54.5180383]]]},"properties":{"building":"yes","osmId":1110462612,"osmType":"way","sourceUrl":"https://www.openstreetmap.org/way/1110462612","renderHeight":4,"heightSource":"Illustrative default"}},{"type":"Feature","id":"way/1110462613","geometry":{"type":"Polygon","coordinates":[[[-108.4283002,54.5179938],[-108.4281755,54.5180252],[-108.4281106,54.5179383],[-108.4282352,54.5179069],[-108.4283002,54.5179938]]]},"properties":{"building":"yes","osmId":1110462613,"osmType":"way","sourceUrl":"https://www.openstreetmap.org/way/1110462613","renderHeight":4,"heightSource":"Illustrative default"}},{"type":"Feature","id":"way/1110462614","geometry":{"type":"Polygon","coordinates":[[[-108.4275232,54.5182074],[-108.4274087,54.5182566],[-108.4273032,54.5181739],[-108.4274177,54.5181247],[-108.4275232,54.5182074]]]},"properties":{"building":"yes","osmId":1110462614,"osmType":"way","sourceUrl":"https://www.openstreetmap.org/way/1110462614","renderHeight":4,"heightSource":"Illustrative default"}},{"type":"Feature","id":"way/1110462615","geometry":{"type":"Polygon","coordinates":[[[-108.4278629,54.5184892],[-108.4277379,54.5185356],[-108.4276437,54.5184502],[-108.4277687,54.5184038],[-108.4278629,54.5184892]]]},"properties":{"building":"yes","osmId":1110462615,"osmType":"way","sourceUrl":"https://www.openstreetmap.org/way/1110462615","renderHeight":4,"heightSource":"Illustrative default"}},{"type":"Feature","id":"way/1110462616","geometry":{"type":"Polygon","coordinates":[[[-108.4287271,54.5184698],[-108.4286672,54.5184895],[-108.4286966,54.5185197],[-108.4286289,54.5185419],[-108.4284869,54.5183964],[-108.4285632,54.5183713],[-108.4285791,54.5183876],[-108.4286305,54.5183707],[-108.4287271,54.5184698]]]},"properties":{"building":"yes","osmId":1110462616,"osmType":"way","sourceUrl":"https://www.openstreetmap.org/way/1110462616","renderHeight":4,"heightSource":"Illustrative default"}},{"type":"Feature","id":"way/1110462617","geometry":{"type":"Polygon","coordinates":[[[-108.4289478,54.5185675],[-108.4288846,54.5185872],[-108.428828,54.5185258],[-108.4288912,54.5185062],[-108.4289478,54.5185675]]]},"properties":{"building":"yes","osmId":1110462617,"osmType":"way","sourceUrl":"https://www.openstreetmap.org/way/1110462617","renderHeight":4,"heightSource":"Illustrative default"}},{"type":"Feature","id":"way/1110462618","geometry":{"type":"Polygon","coordinates":[[[-108.4269097,54.5185528],[-108.4267478,54.5186291],[-108.4266572,54.5185643],[-108.4268191,54.518488],[-108.4269097,54.5185528]]]},"properties":{"building":"yes","osmId":1110462618,"osmType":"way","sourceUrl":"https://www.openstreetmap.org/way/1110462618","renderHeight":4,"heightSource":"Illustrative default"}},{"type":"Feature","id":"way/1110462619","geometry":{"type":"Polygon","coordinates":[[[-108.4262746,54.5183985],[-108.4261095,54.5184802],[-108.4260116,54.5184135],[-108.4261767,54.5183318],[-108.4262746,54.5183985]]]},"properties":{"building":"yes","osmId":1110462619,"osmType":"way","sourceUrl":"https://www.openstreetmap.org/way/1110462619","renderHeight":4,"heightSource":"Illustrative default"}},{"type":"Feature","id":"way/1110462620","geometry":{"type":"Polygon","coordinates":[[[-108.4259215,54.5185519],[-108.4257349,54.5186205],[-108.4256435,54.5185367],[-108.4258301,54.5184682],[-108.4259215,54.5185519]]]},"properties":{"building":"yes","osmId":1110462620,"osmType":"way","sourceUrl":"https://www.openstreetmap.org/way/1110462620","renderHeight":4,"heightSource":"Illustrative default"}},{"type":"Feature","id":"way/1110462621","geometry":{"type":"Polygon","coordinates":[[[-108.4279715,54.5188741],[-108.4278121,54.5189406],[-108.4277272,54.5188719],[-108.4278867,54.5188055],[-108.4279715,54.5188741]]]},"properties":{"building":"yes","osmId":1110462621,"osmType":"way","sourceUrl":"https://www.openstreetmap.org/way/1110462621","renderHeight":4,"heightSource":"Illustrative default"}},{"type":"Feature","id":"way/1110462622","geometry":{"type":"Polygon","coordinates":[[[-108.4274271,54.5191046],[-108.4273295,54.519044],[-108.427433,54.5189878],[-108.4275306,54.5190484],[-108.4274271,54.5191046]]]},"properties":{"building":"yes","osmId":1110462622,"osmType":"way","sourceUrl":"https://www.openstreetmap.org/way/1110462622","renderHeight":4,"heightSource":"Illustrative default"}},{"type":"Feature","id":"way/1110462623","geometry":{"type":"Polygon","coordinates":[[[-108.4271869,54.5191936],[-108.4270758,54.5192384],[-108.4270005,54.5191755],[-108.4271116,54.5191307],[-108.4271869,54.5191936]]]},"properties":{"building":"yes","osmId":1110462623,"osmType":"way","sourceUrl":"https://www.openstreetmap.org/way/1110462623","renderHeight":4,"heightSource":"Illustrative default"}},{"type":"Feature","id":"way/1110462624","geometry":{"type":"Polygon","coordinates":[[[-108.4268156,54.5193444],[-108.4267123,54.5193854],[-108.4266421,54.5193258],[-108.4267455,54.5192848],[-108.4268156,54.5193444]]]},"properties":{"building":"yes","osmId":1110462624,"osmType":"way","sourceUrl":"https://www.openstreetmap.org/way/1110462624","renderHeight":4,"heightSource":"Illustrative default"}},{"type":"Feature","id":"way/1110462625","geometry":{"type":"Polygon","coordinates":[[[-108.4264925,54.5194813],[-108.4263491,54.5195409],[-108.4262592,54.519468],[-108.4264027,54.5194084],[-108.4264925,54.5194813]]]},"properties":{"building":"yes","osmId":1110462625,"osmType":"way","sourceUrl":"https://www.openstreetmap.org/way/1110462625","renderHeight":4,"heightSource":"Illustrative default"}},{"type":"Feature","id":"way/1110462626","geometry":{"type":"Polygon","coordinates":[[[-108.4282436,54.5193079],[-108.4280956,54.5193775],[-108.4280102,54.5193163],[-108.4281582,54.5192467],[-108.4282436,54.5193079]]]},"properties":{"building":"yes","osmId":1110462626,"osmType":"way","sourceUrl":"https://www.openstreetmap.org/way/1110462626","renderHeight":4,"heightSource":"Illustrative default"}},{"type":"Feature","id":"way/1110462627","geometry":{"type":"Polygon","coordinates":[[[-108.4278693,54.5194665],[-108.4277184,54.5195328],[-108.4276353,54.5194691],[-108.4277862,54.5194027],[-108.4278693,54.5194665]]]},"properties":{"building":"yes","osmId":1110462627,"osmType":"way","sourceUrl":"https://www.openstreetmap.org/way/1110462627","renderHeight":4,"heightSource":"Illustrative default"}},{"type":"Feature","id":"way/1110462628","geometry":{"type":"Polygon","coordinates":[[[-108.4274965,54.519627],[-108.4273362,54.5196949],[-108.427256,54.5196312],[-108.4274164,54.5195633],[-108.4274965,54.519627]]]},"properties":{"building":"yes","osmId":1110462628,"osmType":"way","sourceUrl":"https://www.openstreetmap.org/way/1110462628","renderHeight":4,"heightSource":"Illustrative default"}},{"type":"Feature","id":"way/1110462629","geometry":{"type":"Polygon","coordinates":[[[-108.427135,54.5197843],[-108.4269835,54.5198478],[-108.4268995,54.5197803],[-108.4270509,54.5197168],[-108.427135,54.5197843]]]},"properties":{"building":"yes","osmId":1110462629,"osmType":"way","sourceUrl":"https://www.openstreetmap.org/way/1110462629","renderHeight":4,"heightSource":"Illustrative default"}},{"type":"Feature","id":"way/1110462630","geometry":{"type":"Polygon","coordinates":[[[-108.4268674,54.519891],[-108.4267925,54.5199291],[-108.4267071,54.5198725],[-108.426782,54.5198344],[-108.4268674,54.519891]]]},"properties":{"building":"yes","osmId":1110462630,"osmType":"way","sourceUrl":"https://www.openstreetmap.org/way/1110462630","renderHeight":4,"heightSource":"Illustrative default"}},{"type":"Feature","id":"way/1110462631","geometry":{"type":"Polygon","coordinates":[[[-108.3970662,54.4880593],[-108.3969334,54.488083],[-108.3968817,54.4879853],[-108.3970146,54.4879616],[-108.3970662,54.4880593]]]},"properties":{"building":"yes","osmId":1110462631,"osmType":"way","sourceUrl":"https://www.openstreetmap.org/way/1110462631","renderHeight":4,"heightSource":"Illustrative default"}},{"type":"Feature","id":"way/1110462632","geometry":{"type":"Polygon","coordinates":[[[-108.3963692,54.4868305],[-108.3962371,54.486861],[-108.3961598,54.4867482],[-108.3962919,54.4867177],[-108.3963692,54.4868305]]]},"properties":{"building":"yes","osmId":1110462632,"osmType":"way","sourceUrl":"https://www.openstreetmap.org/way/1110462632","renderHeight":4,"heightSource":"Illustrative default"}},{"type":"Feature","id":"way/1110462633","geometry":{"type":"Polygon","coordinates":[[[-108.3924552,54.4841989],[-108.3923153,54.4842034],[-108.392305,54.4840938],[-108.3924449,54.4840894],[-108.3924552,54.4841989]]]},"properties":{"building":"yes","osmId":1110462633,"osmType":"way","sourceUrl":"https://www.openstreetmap.org/way/1110462633","renderHeight":4,"heightSource":"Illustrative default"}},{"type":"Feature","id":"way/1110462634","geometry":{"type":"Polygon","coordinates":[[[-108.3932654,54.4831292],[-108.3931302,54.4831503],[-108.3930618,54.4830023],[-108.3931971,54.4829812],[-108.3932654,54.4831292]]]},"properties":{"building":"yes","osmId":1110462634,"osmType":"way","sourceUrl":"https://www.openstreetmap.org/way/1110462634","renderHeight":4,"heightSource":"Illustrative default"}},{"type":"Feature","id":"way/1110462635","geometry":{"type":"Polygon","coordinates":[[[-108.3929879,54.482923],[-108.3927655,54.4829566],[-108.3927254,54.4828671],[-108.3929478,54.4828335],[-108.3929879,54.482923]]]},"properties":{"building":"yes","osmId":1110462635,"osmType":"way","sourceUrl":"https://www.openstreetmap.org/way/1110462635","renderHeight":4,"heightSource":"Illustrative default"}},{"type":"Feature","id":"way/1110462636","geometry":{"type":"Polygon","coordinates":[[[-108.3980321,54.4826072],[-108.3979444,54.4825908],[-108.3979687,54.482547],[-108.3980563,54.4825634],[-108.3980321,54.4826072]]]},"properties":{"building":"yes","osmId":1110462636,"osmType":"way","sourceUrl":"https://www.openstreetmap.org/way/1110462636","renderHeight":4,"heightSource":"Illustrative default"}},{"type":"Feature","id":"way/1110462637","geometry":{"type":"Polygon","coordinates":[[[-108.4021585,54.4920252],[-108.4020696,54.4920288],[-108.4020639,54.4919808],[-108.4021528,54.4919772],[-108.4021585,54.4920252]]]},"properties":{"building":"yes","osmId":1110462637,"osmType":"way","sourceUrl":"https://www.openstreetmap.org/way/1110462637","renderHeight":4,"heightSource":"Illustrative default"}},{"type":"Feature","id":"way/1110462638","geometry":{"type":"Polygon","coordinates":[[[-108.4080542,54.4931518],[-108.407973,54.4931337],[-108.4080048,54.4930856],[-108.408086,54.4931037],[-108.4080542,54.4931518]]]},"properties":{"building":"yes","osmId":1110462638,"osmType":"way","sourceUrl":"https://www.openstreetmap.org/way/1110462638","renderHeight":4,"heightSource":"Illustrative default"}},{"type":"Feature","id":"way/1110462639","geometry":{"type":"Polygon","coordinates":[[[-108.4097235,54.493364],[-108.4096705,54.4933698],[-108.4096537,54.4933185],[-108.4097067,54.4933127],[-108.4097235,54.493364]]]},"properties":{"building":"yes","osmId":1110462639,"osmType":"way","sourceUrl":"https://www.openstreetmap.org/way/1110462639","renderHeight":4,"heightSource":"Illustrative default"}},{"type":"Feature","id":"way/1110462640","geometry":{"type":"Polygon","coordinates":[[[-108.4054361,54.500726],[-108.4053211,54.5007458],[-108.4052846,54.5006741],[-108.4053995,54.5006544],[-108.4054361,54.500726]]]},"properties":{"building":"yes","osmId":1110462640,"osmType":"way","sourceUrl":"https://www.openstreetmap.org/way/1110462640","renderHeight":4,"heightSource":"Illustrative default"}},{"type":"Feature","id":"way/1110462641","geometry":{"type":"Polygon","coordinates":[[[-108.4047258,54.5007513],[-108.404593,54.5007208],[-108.4046669,54.5006123],[-108.4047997,54.5006428],[-108.4047258,54.5007513]]]},"properties":{"building":"yes","osmId":1110462641,"osmType":"way","sourceUrl":"https://www.openstreetmap.org/way/1110462641","renderHeight":4,"heightSource":"Illustrative default"}},{"type":"Feature","id":"way/1110466893","geometry":{"type":"Polygon","coordinates":[[[-108.4074438,54.5101131],[-108.4072322,54.5102111],[-108.4071441,54.510147],[-108.4073557,54.510049],[-108.4074438,54.5101131]]]},"properties":{"building":"yes","osmId":1110466893,"osmType":"way","sourceUrl":"https://www.openstreetmap.org/way/1110466893","renderHeight":4,"heightSource":"Illustrative default"}},{"type":"Feature","id":"way/1110466894","geometry":{"type":"Polygon","coordinates":[[[-108.4086272,54.5105512],[-108.4085011,54.5105302],[-108.4085572,54.5104168],[-108.4086833,54.5104379],[-108.4086272,54.5105512]]]},"properties":{"building":"yes","osmId":1110466894,"osmType":"way","sourceUrl":"https://www.openstreetmap.org/way/1110466894","renderHeight":4,"heightSource":"Illustrative default"}},{"type":"Feature","id":"way/1110466895","geometry":{"type":"Polygon","coordinates":[[[-108.4071349,54.5106849],[-108.4069078,54.5106761],[-108.4069195,54.5105745],[-108.4071465,54.5105833],[-108.4071349,54.5106849]]]},"properties":{"building":"yes","osmId":1110466895,"osmType":"way","sourceUrl":"https://www.openstreetmap.org/way/1110466895","renderHeight":4,"heightSource":"Illustrative default"}},{"type":"Feature","id":"way/1110466896","geometry":{"type":"Polygon","coordinates":[[[-108.4044076,54.5105737],[-108.4041059,54.510543],[-108.4041181,54.5105027],[-108.4044198,54.5105334],[-108.4044076,54.5105737]]]},"properties":{"building":"yes","osmId":1110466896,"osmType":"way","sourceUrl":"https://www.openstreetmap.org/way/1110466896","renderHeight":4,"heightSource":"Illustrative default"}},{"type":"Feature","id":"way/1110466897","geometry":{"type":"Polygon","coordinates":[[[-108.4042239,54.5110733],[-108.4041365,54.5110666],[-108.4041845,54.5108542],[-108.4042719,54.5108609],[-108.4042239,54.5110733]]]},"properties":{"building":"yes","osmId":1110466897,"osmType":"way","sourceUrl":"https://www.openstreetmap.org/way/1110466897","renderHeight":4,"heightSource":"Illustrative default"}},{"type":"Feature","id":"way/1110466898","geometry":{"type":"Polygon","coordinates":[[[-108.4061325,54.5110451],[-108.4059107,54.5110379],[-108.4059192,54.5109501],[-108.406141,54.5109573],[-108.4061325,54.5110451]]]},"properties":{"building":"yes","osmId":1110466898,"osmType":"way","sourceUrl":"https://www.openstreetmap.org/way/1110466898","renderHeight":4,"heightSource":"Illustrative default"}},{"type":"Feature","id":"way/1110466899","geometry":{"type":"Polygon","coordinates":[[[-108.4075195,54.5112182],[-108.4073826,54.5112531],[-108.4073016,54.511146],[-108.4074385,54.5111111],[-108.4075195,54.5112182]]]},"properties":{"building":"yes","osmId":1110466899,"osmType":"way","sourceUrl":"https://www.openstreetmap.org/way/1110466899","renderHeight":4,"heightSource":"Illustrative default"}},{"type":"Feature","id":"way/1110466900","geometry":{"type":"Polygon","coordinates":[[[-108.4082508,54.5111659],[-108.4081104,54.5112092],[-108.4080103,54.5110998],[-108.4081508,54.5110565],[-108.4082508,54.5111659]]]},"properties":{"building":"yes","osmId":1110466900,"osmType":"way","sourceUrl":"https://www.openstreetmap.org/way/1110466900","renderHeight":4,"heightSource":"Illustrative default"}},{"type":"Feature","id":"way/1110466901","geometry":{"type":"Polygon","coordinates":[[[-108.4084952,54.5114478],[-108.4083623,54.511492],[-108.4082598,54.511388],[-108.4083927,54.5113439],[-108.4084952,54.5114478]]]},"properties":{"building":"yes","osmId":1110466901,"osmType":"way","sourceUrl":"https://www.openstreetmap.org/way/1110466901","renderHeight":4,"heightSource":"Illustrative default"}},{"type":"Feature","id":"way/1110466902","geometry":{"type":"Polygon","coordinates":[[[-108.4077216,54.5114782],[-108.4075877,54.5115142],[-108.4075114,54.5114186],[-108.4076454,54.5113826],[-108.4077216,54.5114782]]]},"properties":{"building":"yes","osmId":1110466902,"osmType":"way","sourceUrl":"https://www.openstreetmap.org/way/1110466902","renderHeight":4,"heightSource":"Illustrative default"}},{"type":"Feature","id":"way/1110466903","geometry":{"type":"Polygon","coordinates":[[[-108.4078872,54.5116607],[-108.407751,54.5117026],[-108.4076725,54.5116165],[-108.4078087,54.5115746],[-108.4078872,54.5116607]]]},"properties":{"building":"yes","osmId":1110466903,"osmType":"way","sourceUrl":"https://www.openstreetmap.org/way/1110466903","renderHeight":4,"heightSource":"Illustrative default"}},{"type":"Feature","id":"way/1110466904","geometry":{"type":"Polygon","coordinates":[[[-108.4080379,54.5118727],[-108.4079134,54.5119065],[-108.4078247,54.5117965],[-108.4079492,54.5117627],[-108.4080379,54.5118727]]]},"properties":{"building":"yes","osmId":1110466904,"osmType":"way","sourceUrl":"https://www.openstreetmap.org/way/1110466904","renderHeight":4,"heightSource":"Illustrative default"}},{"type":"Feature","id":"way/1110466905","geometry":{"type":"Polygon","coordinates":[[[-108.4087563,54.5117437],[-108.4086019,54.5117855],[-108.4085094,54.5116706],[-108.4086638,54.5116287],[-108.4087563,54.5117437]]]},"properties":{"building":"yes","osmId":1110466905,"osmType":"way","sourceUrl":"https://www.openstreetmap.org/way/1110466905","renderHeight":4,"heightSource":"Illustrative default"}},{"type":"Feature","id":"way/1110466906","geometry":{"type":"Polygon","coordinates":[[[-108.4082628,54.5121406],[-108.408142,54.5121776],[-108.4080604,54.5120878],[-108.4081811,54.5120508],[-108.4082628,54.5121406]]]},"properties":{"building":"yes","osmId":1110466906,"osmType":"way","sourceUrl":"https://www.openstreetmap.org/way/1110466906","renderHeight":4,"heightSource":"Illustrative default"}},{"type":"Feature","id":"way/1110466907","geometry":{"type":"Polygon","coordinates":[[[-108.4094058,54.5121695],[-108.4092304,54.5122099],[-108.4091823,54.5121395],[-108.4093577,54.5120991],[-108.4094058,54.5121695]]]},"properties":{"building":"yes","osmId":1110466907,"osmType":"way","sourceUrl":"https://www.openstreetmap.org/way/1110466907","renderHeight":4,"heightSource":"Illustrative default"}},{"type":"Feature","id":"way/1110466908","geometry":{"type":"Polygon","coordinates":[[[-108.4094468,54.512474],[-108.4093239,54.5125062],[-108.4092409,54.5123996],[-108.4093639,54.5123674],[-108.4094468,54.512474]]]},"properties":{"building":"yes","osmId":1110466908,"osmType":"way","sourceUrl":"https://www.openstreetmap.org/way/1110466908","renderHeight":4,"heightSource":"Illustrative default"}},{"type":"Feature","id":"way/1110466909","geometry":{"type":"Polygon","coordinates":[[[-108.4087568,54.5127213],[-108.4086276,54.5127542],[-108.408566,54.5127699],[-108.4085283,54.5127201],[-108.4085774,54.5127076],[-108.4085093,54.5126175],[-108.4086511,54.5125814],[-108.4087568,54.5127213]]]},"properties":{"building":"yes","osmId":1110466909,"osmType":"way","sourceUrl":"https://www.openstreetmap.org/way/1110466909","renderHeight":4,"heightSource":"Illustrative default"}},{"type":"Feature","id":"way/1110466910","geometry":{"type":"Polygon","coordinates":[[[-108.4085182,54.5127259],[-108.4083709,54.5127646],[-108.4083119,54.5126889],[-108.4084591,54.5126502],[-108.4085182,54.5127259]]]},"properties":{"building":"yes","osmId":1110466910,"osmType":"way","sourceUrl":"https://www.openstreetmap.org/way/1110466910","renderHeight":4,"heightSource":"Illustrative default"}},{"type":"Feature","id":"way/1110466911","geometry":{"type":"Polygon","coordinates":[[[-108.4088942,54.5128936],[-108.4087882,54.5129284],[-108.4087299,54.5128684],[-108.4088359,54.5128336],[-108.4088942,54.5128936]]]},"properties":{"building":"yes","osmId":1110466911,"osmType":"way","sourceUrl":"https://www.openstreetmap.org/way/1110466911","renderHeight":4,"heightSource":"Illustrative default"}},{"type":"Feature","id":"way/1110466912","geometry":{"type":"Polygon","coordinates":[[[-108.4096693,54.5127293],[-108.4095495,54.5127711],[-108.4094629,54.5126876],[-108.4095827,54.5126457],[-108.4096693,54.5127293]]]},"properties":{"building":"yes","osmId":1110466912,"osmType":"way","sourceUrl":"https://www.openstreetmap.org/way/1110466912","renderHeight":4,"heightSource":"Illustrative default"}},{"type":"Feature","id":"way/1110466913","geometry":{"type":"Polygon","coordinates":[[[-108.4091171,54.5131238],[-108.4089918,54.5131649],[-108.4089055,54.5130763],[-108.4090308,54.5130352],[-108.4091171,54.5131238]]]},"properties":{"building":"yes","osmId":1110466913,"osmType":"way","sourceUrl":"https://www.openstreetmap.org/way/1110466913","renderHeight":4,"heightSource":"Illustrative default"}},{"type":"Feature","id":"way/1110466914","geometry":{"type":"Polygon","coordinates":[[[-108.4100359,54.5130308],[-108.409826,54.5130918],[-108.4097434,54.5129961],[-108.4099532,54.5129351],[-108.4100359,54.5130308]]]},"properties":{"building":"yes","osmId":1110466914,"osmType":"way","sourceUrl":"https://www.openstreetmap.org/way/1110466914","renderHeight":4,"heightSource":"Illustrative default"}},{"type":"Feature","id":"way/1110466915","geometry":{"type":"Polygon","coordinates":[[[-108.4093563,54.5134529],[-108.4092681,54.5134776],[-108.4092118,54.5134098],[-108.4093001,54.5133851],[-108.4093563,54.5134529]]]},"properties":{"building":"yes","osmId":1110466915,"osmType":"way","sourceUrl":"https://www.openstreetmap.org/way/1110466915","renderHeight":4,"heightSource":"Illustrative default"}},{"type":"Feature","id":"way/1110466916","geometry":{"type":"Polygon","coordinates":[[[-108.4102643,54.5134161],[-108.4101307,54.5134549],[-108.4100586,54.5133713],[-108.4101922,54.5133325],[-108.4102643,54.5134161]]]},"properties":{"building":"yes","osmId":1110466916,"osmType":"way","sourceUrl":"https://www.openstreetmap.org/way/1110466916","renderHeight":4,"heightSource":"Illustrative default"}},{"type":"Feature","id":"way/1110466917","geometry":{"type":"Polygon","coordinates":[[[-108.4101218,54.5138378],[-108.4099837,54.5138085],[-108.4100464,54.5137089],[-108.4101846,54.5137382],[-108.4101218,54.5138378]]]},"properties":{"building":"yes","osmId":1110466917,"osmType":"way","sourceUrl":"https://www.openstreetmap.org/way/1110466917","renderHeight":4,"heightSource":"Illustrative default"}},{"type":"Feature","id":"way/1110466918","geometry":{"type":"Polygon","coordinates":[[[-108.4098201,54.5143749],[-108.4096876,54.514354],[-108.4097422,54.5142374],[-108.4098747,54.5142583],[-108.4098201,54.5143749]]]},"properties":{"building":"yes","osmId":1110466918,"osmType":"way","sourceUrl":"https://www.openstreetmap.org/way/1110466918","renderHeight":4,"heightSource":"Illustrative default"}},{"type":"Feature","id":"way/1110466919","geometry":{"type":"Polygon","coordinates":[[[-108.4089198,54.5144433],[-108.4087891,54.5144189],[-108.4088519,54.5143055],[-108.4089826,54.5143298],[-108.4089198,54.5144433]]]},"properties":{"building":"yes","osmId":1110466919,"osmType":"way","sourceUrl":"https://www.openstreetmap.org/way/1110466919","renderHeight":4,"heightSource":"Illustrative default"}},{"type":"Feature","id":"way/1110466920","geometry":{"type":"Polygon","coordinates":[[[-108.4094697,54.514935],[-108.4093438,54.5149086],[-108.4094082,54.514805],[-108.4095342,54.5148314],[-108.4094697,54.514935]]]},"properties":{"building":"yes","osmId":1110466920,"osmType":"way","sourceUrl":"https://www.openstreetmap.org/way/1110466920","renderHeight":4,"heightSource":"Illustrative default"}},{"type":"Feature","id":"way/1110466921","geometry":{"type":"Polygon","coordinates":[[[-108.4087296,54.5147627],[-108.4086036,54.5147384],[-108.4086569,54.5146454],[-108.4087829,54.5146697],[-108.4087296,54.5147627]]]},"properties":{"building":"yes","osmId":1110466921,"osmType":"way","sourceUrl":"https://www.openstreetmap.org/way/1110466921","renderHeight":4,"heightSource":"Illustrative default"}},{"type":"Feature","id":"way/1110466922","geometry":{"type":"Polygon","coordinates":[[[-108.4093581,54.5152147],[-108.409187,54.5151828],[-108.4092272,54.5151103],[-108.4093983,54.5151423],[-108.4093581,54.5152147]]]},"properties":{"building":"yes","osmId":1110466922,"osmType":"way","sourceUrl":"https://www.openstreetmap.org/way/1110466922","renderHeight":4,"heightSource":"Illustrative default"}},{"type":"Feature","id":"way/1110466923","geometry":{"type":"Polygon","coordinates":[[[-108.4081482,54.5153227],[-108.4079039,54.5152579],[-108.4079515,54.5151974],[-108.4081959,54.5152622],[-108.4081482,54.5153227]]]},"properties":{"building":"yes","osmId":1110466923,"osmType":"way","sourceUrl":"https://www.openstreetmap.org/way/1110466923","renderHeight":4,"heightSource":"Illustrative default"}},{"type":"Feature","id":"way/1110466924","geometry":{"type":"Polygon","coordinates":[[[-108.4047788,54.5166434],[-108.4045606,54.5166051],[-108.4046008,54.5165281],[-108.404819,54.5165664],[-108.4047788,54.5166434]]]},"properties":{"building":"yes","osmId":1110466924,"osmType":"way","sourceUrl":"https://www.openstreetmap.org/way/1110466924","renderHeight":4,"heightSource":"Illustrative default"}},{"type":"Feature","id":"way/1110466925","geometry":{"type":"Polygon","coordinates":[[[-108.4054479,54.5162889],[-108.4052835,54.5162422],[-108.4053464,54.5161675],[-108.4055109,54.5162142],[-108.4054479,54.5162889]]]},"properties":{"building":"yes","osmId":1110466925,"osmType":"way","sourceUrl":"https://www.openstreetmap.org/way/1110466925","renderHeight":4,"heightSource":"Illustrative default"}},{"type":"Feature","id":"way/1110466926","geometry":{"type":"Polygon","coordinates":[[[-108.4062015,54.5163948],[-108.4059696,54.5163677],[-108.4059967,54.5162895],[-108.4062286,54.5163165],[-108.4062015,54.5163948]]]},"properties":{"building":"yes","osmId":1110466926,"osmType":"way","sourceUrl":"https://www.openstreetmap.org/way/1110466926","renderHeight":4,"heightSource":"Illustrative default"}},{"type":"Feature","id":"way/1110466927","geometry":{"type":"Polygon","coordinates":[[[-108.4060429,54.5167379],[-108.405806,54.5167079],[-108.4058319,54.516639],[-108.4060688,54.5166691],[-108.4060429,54.5167379]]]},"properties":{"building":"yes","osmId":1110466927,"osmType":"way","sourceUrl":"https://www.openstreetmap.org/way/1110466927","renderHeight":4,"heightSource":"Illustrative default"}},{"type":"Feature","id":"way/1110466928","geometry":{"type":"Polygon","coordinates":[[[-108.4070544,54.5165009],[-108.4068744,54.5164776],[-108.4069037,54.5164014],[-108.4070837,54.5164247],[-108.4070544,54.5165009]]]},"properties":{"building":"yes","osmId":1110466928,"osmType":"way","sourceUrl":"https://www.openstreetmap.org/way/1110466928","renderHeight":4,"heightSource":"Illustrative default"}},{"type":"Feature","id":"way/1110466929","geometry":{"type":"Polygon","coordinates":[[[-108.4069098,54.5168498],[-108.406716,54.516828],[-108.4067409,54.5167537],[-108.4069347,54.5167755],[-108.4069098,54.5168498]]]},"properties":{"building":"yes","osmId":1110466929,"osmType":"way","sourceUrl":"https://www.openstreetmap.org/way/1110466929","renderHeight":4,"heightSource":"Illustrative default"}},{"type":"Feature","id":"way/1110466930","geometry":{"type":"Polygon","coordinates":[[[-108.4075428,54.5168508],[-108.4074069,54.5168362],[-108.4074496,54.5167027],[-108.4075854,54.5167173],[-108.4075428,54.5168508]]]},"properties":{"building":"yes","osmId":1110466930,"osmType":"way","sourceUrl":"https://www.openstreetmap.org/way/1110466930","renderHeight":4,"heightSource":"Illustrative default"}},{"type":"Feature","id":"way/1110466931","geometry":{"type":"Polygon","coordinates":[[[-108.40736,54.5173441],[-108.4072309,54.5173297],[-108.4072586,54.5172205],[-108.4073926,54.5172315],[-108.40736,54.5173441]]]},"properties":{"building":"yes","osmId":1110466931,"osmType":"way","sourceUrl":"https://www.openstreetmap.org/way/1110466931","renderHeight":4,"heightSource":"Illustrative default"}},{"type":"Feature","id":"way/1110466932","geometry":{"type":"Polygon","coordinates":[[[-108.4064831,54.5176886],[-108.4064095,54.5176811],[-108.4064736,54.5174697],[-108.4065472,54.5174772],[-108.4064831,54.5176886]]]},"properties":{"building":"yes","osmId":1110466932,"osmType":"way","sourceUrl":"https://www.openstreetmap.org/way/1110466932","renderHeight":4,"heightSource":"Illustrative default"}},{"type":"Feature","id":"way/1110466933","geometry":{"type":"Polygon","coordinates":[[[-108.4061171,54.5176361],[-108.4057717,54.5176063],[-108.4057865,54.5175486],[-108.4061319,54.5175784],[-108.4061171,54.5176361]]]},"properties":{"building":"yes","osmId":1110466933,"osmType":"way","sourceUrl":"https://www.openstreetmap.org/way/1110466933","renderHeight":4,"heightSource":"Illustrative default"}},{"type":"Feature","id":"way/1110466934","geometry":{"type":"Polygon","coordinates":[[[-108.4071707,54.517909],[-108.4070341,54.517891],[-108.4070893,54.5177502],[-108.4072259,54.5177683],[-108.4071707,54.517909]]]},"properties":{"building":"yes","osmId":1110466934,"osmType":"way","sourceUrl":"https://www.openstreetmap.org/way/1110466934","renderHeight":4,"heightSource":"Illustrative default"}},{"type":"Feature","id":"way/1110466935","geometry":{"type":"Polygon","coordinates":[[[-108.4064809,54.5180703],[-108.4061211,54.5180336],[-108.4061364,54.517983],[-108.4064962,54.5180197],[-108.4064809,54.5180703]]]},"properties":{"building":"yes","osmId":1110466935,"osmType":"way","sourceUrl":"https://www.openstreetmap.org/way/1110466935","renderHeight":4,"heightSource":"Illustrative default"}},{"type":"Feature","id":"way/1110466936","geometry":{"type":"Polygon","coordinates":[[[-108.4069761,54.5184025],[-108.4068505,54.5183887],[-108.4068872,54.518276],[-108.4070128,54.5182898],[-108.4069761,54.5184025]]]},"properties":{"building":"yes","osmId":1110466936,"osmType":"way","sourceUrl":"https://www.openstreetmap.org/way/1110466936","renderHeight":4,"heightSource":"Illustrative default"}},{"type":"Feature","id":"way/1110466937","geometry":{"type":"Polygon","coordinates":[[[-108.4039738,54.5176207],[-108.4038888,54.5176154],[-108.4038824,54.51765],[-108.4036902,54.517638],[-108.4036964,54.5176048],[-108.4036508,54.517602],[-108.4036619,54.5175419],[-108.4039847,54.517562],[-108.4039738,54.5176207]]]},"properties":{"building":"yes","osmId":1110466937,"osmType":"way","sourceUrl":"https://www.openstreetmap.org/way/1110466937","renderHeight":4,"heightSource":"Illustrative default"}},{"type":"Feature","id":"way/1110466938","geometry":{"type":"Polygon","coordinates":[[[-108.4088039,54.5170193],[-108.4086829,54.5170093],[-108.4087039,54.516924],[-108.4089217,54.516942],[-108.4089112,54.516985],[-108.4088143,54.516977],[-108.4088039,54.5170193]]]},"properties":{"building":"yes","osmId":1110466938,"osmType":"way","sourceUrl":"https://www.openstreetmap.org/way/1110466938","renderHeight":4,"heightSource":"Illustrative default"}},{"type":"Feature","id":"way/1110466939","geometry":{"type":"Polygon","coordinates":[[[-108.4086903,54.5173177],[-108.4085574,54.5173076],[-108.4085829,54.5171944],[-108.4087158,54.5172045],[-108.4086903,54.5173177]]]},"properties":{"building":"yes","osmId":1110466939,"osmType":"way","sourceUrl":"https://www.openstreetmap.org/way/1110466939","renderHeight":4,"heightSource":"Illustrative default"}},{"type":"Feature","id":"way/1110466940","geometry":{"type":"Polygon","coordinates":[[[-108.4085234,54.5177967],[-108.4083799,54.517781],[-108.4084153,54.5176719],[-108.4085588,54.5176876],[-108.4085234,54.5177967]]]},"properties":{"building":"yes","osmId":1110466940,"osmType":"way","sourceUrl":"https://www.openstreetmap.org/way/1110466940","renderHeight":4,"heightSource":"Illustrative default"}},{"type":"Feature","id":"way/1110466941","geometry":{"type":"Polygon","coordinates":[[[-108.4085408,54.5182472],[-108.4083812,54.5182226],[-108.4084388,54.5180966],[-108.4085985,54.5181212],[-108.4085408,54.5182472]]]},"properties":{"building":"yes","osmId":1110466941,"osmType":"way","sourceUrl":"https://www.openstreetmap.org/way/1110466941","renderHeight":4,"heightSource":"Illustrative default"}},{"type":"Feature","id":"way/1110466942","geometry":{"type":"Polygon","coordinates":[[[-108.4083448,54.5186961],[-108.4082176,54.5186809],[-108.4082537,54.5185789],[-108.4083809,54.5185941],[-108.4083448,54.5186961]]]},"properties":{"building":"yes","osmId":1110466942,"osmType":"way","sourceUrl":"https://www.openstreetmap.org/way/1110466942","renderHeight":4,"heightSource":"Illustrative default"}},{"type":"Feature","id":"way/1110466943","geometry":{"type":"Polygon","coordinates":[[[-108.4082184,54.5190119],[-108.4080863,54.5189948],[-108.4081273,54.5188881],[-108.4082594,54.5189052],[-108.4082184,54.5190119]]]},"properties":{"building":"yes","osmId":1110466943,"osmType":"way","sourceUrl":"https://www.openstreetmap.org/way/1110466943","renderHeight":4,"heightSource":"Illustrative default"}},{"type":"Feature","id":"way/1110466944","geometry":{"type":"Polygon","coordinates":[[[-108.4080877,54.51931],[-108.4079468,54.5192914],[-108.4079891,54.5191831],[-108.40813,54.5192017],[-108.4080877,54.51931]]]},"properties":{"building":"yes","osmId":1110466944,"osmType":"way","sourceUrl":"https://www.openstreetmap.org/way/1110466944","renderHeight":4,"heightSource":"Illustrative default"}},{"type":"Feature","id":"way/1110466945","geometry":{"type":"Polygon","coordinates":[[[-108.40797,54.519597],[-108.4078358,54.5195817],[-108.4078723,54.5194741],[-108.4080065,54.5194895],[-108.40797,54.519597]]]},"properties":{"building":"yes","osmId":1110466945,"osmType":"way","sourceUrl":"https://www.openstreetmap.org/way/1110466945","renderHeight":4,"heightSource":"Illustrative default"}},{"type":"Feature","id":"way/1110466946","geometry":{"type":"Polygon","coordinates":[[[-108.4076212,54.5196099],[-108.40762,54.5196478],[-108.4075414,54.519647],[-108.4075427,54.5196062],[-108.4074998,54.5196057],[-108.4075013,54.5195571],[-108.4076229,54.5195584],[-108.4076212,54.5196099]]]},"properties":{"building":"yes","osmId":1110466946,"osmType":"way","sourceUrl":"https://www.openstreetmap.org/way/1110466946","renderHeight":4,"heightSource":"Illustrative default"}},{"type":"Feature","id":"way/1110466947","geometry":{"type":"Polygon","coordinates":[[[-108.4035613,54.5187501],[-108.4034428,54.5187072],[-108.4035477,54.5186089],[-108.403666,54.5186584],[-108.4035613,54.5187501]]]},"properties":{"building":"yes","osmId":1110466947,"osmType":"way","sourceUrl":"https://www.openstreetmap.org/way/1110466947","renderHeight":4,"heightSource":"Illustrative default"}},{"type":"Feature","id":"way/1110466948","geometry":{"type":"Polygon","coordinates":[[[-108.4047901,54.5192263],[-108.404586,54.5192063],[-108.4046161,54.5190696],[-108.4048441,54.5190847],[-108.4047901,54.5192263]]]},"properties":{"building":"yes","osmId":1110466948,"osmType":"way","sourceUrl":"https://www.openstreetmap.org/way/1110466948","renderHeight":4,"heightSource":"Illustrative default"}},{"type":"Feature","id":"way/1110466949","geometry":{"type":"Polygon","coordinates":[[[-108.4067025,54.5212327],[-108.4065483,54.5212236],[-108.4065804,54.5210412],[-108.4067345,54.5210503],[-108.4067025,54.5212327]]]},"properties":{"building":"yes","osmId":1110466949,"osmType":"way","sourceUrl":"https://www.openstreetmap.org/way/1110466949","renderHeight":4,"heightSource":"Illustrative default"}},{"type":"Feature","id":"way/1110466950","geometry":{"type":"Polygon","coordinates":[[[-108.4066663,54.5213598],[-108.4064952,54.5213431],[-108.4065174,54.5212664],[-108.4066885,54.5212831],[-108.4066663,54.5213598]]]},"properties":{"building":"yes","osmId":1110466950,"osmType":"way","sourceUrl":"https://www.openstreetmap.org/way/1110466950","renderHeight":4,"heightSource":"Illustrative default"}},{"type":"Feature","id":"way/1110466951","geometry":{"type":"Polygon","coordinates":[[[-108.409599,54.5217815],[-108.4096112,54.5217682],[-108.4096031,54.5217657],[-108.4096355,54.5217303],[-108.409495,54.5217507],[-108.4093708,54.5214619],[-108.4095885,54.5214304],[-108.4095722,54.5213924],[-108.4097654,54.5213644],[-108.4098022,54.5214501],[-108.410106,54.52141],[-108.4101744,54.5215843],[-108.4098968,54.521621],[-108.4100202,54.5216591],[-108.4098522,54.5218425],[-108.409763,54.521815],[-108.4097508,54.5218283],[-108.4097573,54.5218303],[-108.4092795,54.5223521],[-108.4091069,54.5222989],[-108.4091163,54.5222886],[-108.4090613,54.5222716],[-108.4091187,54.5222089],[-108.4090003,54.5221723],[-108.4089598,54.5222165],[-108.4088752,54.5221904],[-108.4088507,54.5222171],[-108.4085374,54.5221205],[-108.4086394,54.5220092],[-108.408676,54.5220205],[-108.4087363,54.5219547],[-108.4090975,54.5220661],[-108.4090163,54.5221548],[-108.4091348,54.5221914],[-108.4091701,54.5221528],[-108.4091163,54.5221362],[-108.40922,54.522023],[-108.4090546,54.521972],[-108.4092593,54.5217484],[-108.4095335,54.521833],[-108.4095847,54.5217771],[-108.409599,54.5217815]]]},"properties":{"building":"yes","osmId":1110466951,"osmType":"way","sourceUrl":"https://www.openstreetmap.org/way/1110466951","renderHeight":4,"heightSource":"Illustrative default"}},{"type":"Feature","id":"way/1110466952","geometry":{"type":"Polygon","coordinates":[[[-108.4082701,54.5219019],[-108.4081335,54.521871],[-108.4081821,54.5217987],[-108.4083187,54.5218297],[-108.4082701,54.5219019]]]},"properties":{"building":"yes","osmId":1110466952,"osmType":"way","sourceUrl":"https://www.openstreetmap.org/way/1110466952","renderHeight":4,"heightSource":"Illustrative default"}},{"type":"Feature","id":"way/1110466953","geometry":{"type":"Polygon","coordinates":[[[-108.4076656,54.5224463],[-108.4074917,54.522386],[-108.4075753,54.5223048],[-108.4077492,54.5223651],[-108.4076656,54.5224463]]]},"properties":{"building":"yes","osmId":1110466953,"osmType":"way","sourceUrl":"https://www.openstreetmap.org/way/1110466953","renderHeight":4,"heightSource":"Illustrative default"}},{"type":"Feature","id":"way/1110466954","geometry":{"type":"Polygon","coordinates":[[[-108.4078466,54.522506],[-108.4077887,54.5224859],[-108.4079359,54.5223429],[-108.4079938,54.522363],[-108.4078466,54.522506]]]},"properties":{"building":"yes","osmId":1110466954,"osmType":"way","sourceUrl":"https://www.openstreetmap.org/way/1110466954","renderHeight":4,"heightSource":"Illustrative default"}},{"type":"Feature","id":"way/1110466955","geometry":{"type":"Polygon","coordinates":[[[-108.4082978,54.5226409],[-108.4080838,54.5225717],[-108.4081983,54.5224524],[-108.4084123,54.5225216],[-108.4082978,54.5226409]]]},"properties":{"building":"yes","osmId":1110466955,"osmType":"way","sourceUrl":"https://www.openstreetmap.org/way/1110466955","renderHeight":4,"heightSource":"Illustrative default"}},{"type":"Feature","id":"way/1110466956","geometry":{"type":"Polygon","coordinates":[[[-108.4086329,54.5226784],[-108.4084385,54.5226275],[-108.4084957,54.5225539],[-108.4086901,54.5226048],[-108.4086329,54.5226784]]]},"properties":{"building":"yes","osmId":1110466956,"osmType":"way","sourceUrl":"https://www.openstreetmap.org/way/1110466956","renderHeight":4,"heightSource":"Illustrative default"}},{"type":"Feature","id":"way/1110466957","geometry":{"type":"Polygon","coordinates":[[[-108.4074572,54.5228065],[-108.4072566,54.5227358],[-108.4073854,54.5226127],[-108.4074854,54.522648],[-108.4074599,54.5226723],[-108.4075606,54.5227078],[-108.4074572,54.5228065]]]},"properties":{"building":"yes","osmId":1110466957,"osmType":"way","sourceUrl":"https://www.openstreetmap.org/way/1110466957","renderHeight":4,"heightSource":"Illustrative default"}},{"type":"Feature","id":"way/1110466958","geometry":{"type":"Polygon","coordinates":[[[-108.4082948,54.5229867],[-108.4080551,54.5229127],[-108.4081484,54.5228108],[-108.4083881,54.5228848],[-108.4082948,54.5229867]]]},"properties":{"building":"yes","osmId":1110466958,"osmType":"way","sourceUrl":"https://www.openstreetmap.org/way/1110466958","renderHeight":4,"heightSource":"Illustrative default"}},{"type":"Feature","id":"way/1110466959","geometry":{"type":"Polygon","coordinates":[[[-108.407923,54.5229638],[-108.4076681,54.5228912],[-108.4077711,54.5227746],[-108.4080282,54.5228403],[-108.407923,54.5229638]]]},"properties":{"building":"yes","osmId":1110466959,"osmType":"way","sourceUrl":"https://www.openstreetmap.org/way/1110466959","renderHeight":4,"heightSource":"Illustrative default"}},{"type":"Feature","id":"way/1110466960","geometry":{"type":"Polygon","coordinates":[[[-108.4077536,54.5233658],[-108.4074553,54.5232904],[-108.4075183,54.5232065],[-108.4078166,54.5232818],[-108.4077536,54.5233658]]]},"properties":{"building":"yes","osmId":1110466960,"osmType":"way","sourceUrl":"https://www.openstreetmap.org/way/1110466960","renderHeight":4,"heightSource":"Illustrative default"}},{"type":"Feature","id":"way/1110466961","geometry":{"type":"Polygon","coordinates":[[[-108.4086228,54.5234877],[-108.4084891,54.5234746],[-108.4085195,54.5233699],[-108.4086532,54.523383],[-108.4086228,54.5234877]]]},"properties":{"building":"yes","osmId":1110466961,"osmType":"way","sourceUrl":"https://www.openstreetmap.org/way/1110466961","renderHeight":4,"heightSource":"Illustrative default"}},{"type":"Feature","id":"way/1110466962","geometry":{"type":"Polygon","coordinates":[[[-108.4096704,54.5238313],[-108.4095603,54.523798],[-108.4096242,54.5237268],[-108.4097343,54.5237601],[-108.4096704,54.5238313]]]},"properties":{"building":"yes","osmId":1110466962,"osmType":"way","sourceUrl":"https://www.openstreetmap.org/way/1110466962","renderHeight":4,"heightSource":"Illustrative default"}},{"type":"Feature","id":"way/1110466963","geometry":{"type":"Polygon","coordinates":[[[-108.4098312,54.5236712],[-108.4097116,54.5236347],[-108.4097988,54.5235385],[-108.4099183,54.5235749],[-108.4098312,54.5236712]]]},"properties":{"building":"yes","osmId":1110466963,"osmType":"way","sourceUrl":"https://www.openstreetmap.org/way/1110466963","renderHeight":4,"heightSource":"Illustrative default"}},{"type":"Feature","id":"way/1110466964","geometry":{"type":"Polygon","coordinates":[[[-108.4102551,54.5239088],[-108.41018,54.5238896],[-108.4102,54.5238632],[-108.4101573,54.5238523],[-108.4102164,54.5237744],[-108.4103907,54.5238189],[-108.410332,54.5238962],[-108.4102756,54.5238818],[-108.4102551,54.5239088]]]},"properties":{"building":"yes","osmId":1110466964,"osmType":"way","sourceUrl":"https://www.openstreetmap.org/way/1110466964","renderHeight":4,"heightSource":"Illustrative default"}},{"type":"Feature","id":"way/1110466965","geometry":{"type":"Polygon","coordinates":[[[-108.4111091,54.5240182],[-108.4109817,54.5239817],[-108.4110643,54.5238847],[-108.4111917,54.5239212],[-108.4111091,54.5240182]]]},"properties":{"building":"yes","osmId":1110466965,"osmType":"way","sourceUrl":"https://www.openstreetmap.org/way/1110466965","renderHeight":4,"heightSource":"Illustrative default"}},{"type":"Feature","id":"way/1110466966","geometry":{"type":"Polygon","coordinates":[[[-108.4105333,54.5241954],[-108.4104729,54.5242433],[-108.4104168,54.5242194],[-108.4104071,54.5242271],[-108.4101978,54.5241383],[-108.4102888,54.5240661],[-108.4105032,54.5241571],[-108.4104823,54.5241737],[-108.4105333,54.5241954]]]},"properties":{"building":"yes","osmId":1110466966,"osmType":"way","sourceUrl":"https://www.openstreetmap.org/way/1110466966","renderHeight":4,"heightSource":"Illustrative default"}},{"type":"Feature","id":"way/1110466967","geometry":{"type":"Polygon","coordinates":[[[-108.4060439,54.5231447],[-108.4055237,54.5229747],[-108.4056494,54.5228452],[-108.4057487,54.5228776],[-108.4062006,54.5224119],[-108.4066214,54.5225495],[-108.4060439,54.5231447]]]},"properties":{"building":"yes","osmId":1110466967,"osmType":"way","sourceUrl":"https://www.openstreetmap.org/way/1110466967","renderHeight":4,"heightSource":"Illustrative default"}},{"type":"Feature","id":"way/1110466968","geometry":{"type":"Polygon","coordinates":[[[-108.4099103,54.5224895],[-108.4097608,54.5224443],[-108.4099178,54.5222695],[-108.4100673,54.5223147],[-108.4099103,54.5224895]]]},"properties":{"building":"yes","osmId":1110466968,"osmType":"way","sourceUrl":"https://www.openstreetmap.org/way/1110466968","renderHeight":4,"heightSource":"Illustrative default"}},{"type":"Feature","id":"way/1110466969","geometry":{"type":"Polygon","coordinates":[[[-108.4083612,54.5248071],[-108.4083086,54.5248264],[-108.4082513,54.5247737],[-108.4083038,54.5247544],[-108.4083612,54.5248071]]]},"properties":{"building":"yes","osmId":1110466969,"osmType":"way","sourceUrl":"https://www.openstreetmap.org/way/1110466969","renderHeight":4,"heightSource":"Illustrative default"}},{"type":"Feature","id":"way/1110466970","geometry":{"type":"Polygon","coordinates":[[[-108.4087266,54.5247722],[-108.4086279,54.5248059],[-108.4085475,54.5247265],[-108.4085703,54.5247187],[-108.4085235,54.5246724],[-108.4085879,54.5246504],[-108.4086362,54.5246981],[-108.4086674,54.5246874],[-108.4087213,54.5247406],[-108.4087014,54.5247474],[-108.4087266,54.5247722]]]},"properties":{"building":"yes","osmId":1110466970,"osmType":"way","sourceUrl":"https://www.openstreetmap.org/way/1110466970","renderHeight":4,"heightSource":"Illustrative default"}},{"type":"Feature","id":"way/1110466971","geometry":{"type":"Polygon","coordinates":[[[-108.4088038,54.5246579],[-108.408763,54.5246754],[-108.4087336,54.5246523],[-108.4087744,54.5246348],[-108.4088038,54.5246579]]]},"properties":{"building":"yes","osmId":1110466971,"osmType":"way","sourceUrl":"https://www.openstreetmap.org/way/1110466971","renderHeight":4,"heightSource":"Illustrative default"}},{"type":"Feature","id":"way/1110466972","geometry":{"type":"Polygon","coordinates":[[[-108.4105094,54.5248977],[-108.4102613,54.5249302],[-108.410242,54.5248805],[-108.41049,54.524848],[-108.4105094,54.5248977]]]},"properties":{"building":"yes","osmId":1110466972,"osmType":"way","sourceUrl":"https://www.openstreetmap.org/way/1110466972","renderHeight":4,"heightSource":"Illustrative default"}},{"type":"Feature","id":"way/1110466973","geometry":{"type":"Polygon","coordinates":[[[-108.4121692,54.52454],[-108.4120357,54.5244975],[-108.4121305,54.5243973],[-108.4122641,54.5244399],[-108.4121692,54.52454]]]},"properties":{"building":"yes","osmId":1110466973,"osmType":"way","sourceUrl":"https://www.openstreetmap.org/way/1110466973","renderHeight":4,"heightSource":"Illustrative default"}},{"type":"Feature","id":"way/1110466974","geometry":{"type":"Polygon","coordinates":[[[-108.4129853,54.5242387],[-108.4126723,54.5241752],[-108.4127952,54.523971],[-108.4131082,54.5240345],[-108.4129853,54.5242387]]]},"properties":{"building":"yes","osmId":1110466974,"osmType":"way","sourceUrl":"https://www.openstreetmap.org/way/1110466974","renderHeight":4,"heightSource":"Illustrative default"}},{"type":"Feature","id":"way/1110466975","geometry":{"type":"Polygon","coordinates":[[[-108.4144538,54.523908],[-108.4143137,54.523897],[-108.4143306,54.5238241],[-108.4144707,54.5238351],[-108.4144538,54.523908]]]},"properties":{"building":"yes","osmId":1110466975,"osmType":"way","sourceUrl":"https://www.openstreetmap.org/way/1110466975","renderHeight":4,"heightSource":"Illustrative default"}},{"type":"Feature","id":"way/1110466976","geometry":{"type":"Polygon","coordinates":[[[-108.4145288,54.5237241],[-108.414413,54.5237119],[-108.4144709,54.5235265],[-108.4145869,54.5235387],[-108.4145288,54.5237241]]]},"properties":{"building":"yes","osmId":1110466976,"osmType":"way","sourceUrl":"https://www.openstreetmap.org/way/1110466976","renderHeight":4,"heightSource":"Illustrative default"}},{"type":"Feature","id":"way/1110466977","geometry":{"type":"Polygon","coordinates":[[[-108.4153349,54.5231029],[-108.415202,54.5230879],[-108.4152396,54.5229753],[-108.4153726,54.5229903],[-108.4153349,54.5231029]]]},"properties":{"building":"yes","osmId":1110466977,"osmType":"way","sourceUrl":"https://www.openstreetmap.org/way/1110466977","renderHeight":4,"heightSource":"Illustrative default"}},{"type":"Feature","id":"way/1110466978","geometry":{"type":"Polygon","coordinates":[[[-108.4150691,54.5218858],[-108.4149322,54.5218877],[-108.4149281,54.5217895],[-108.415065,54.5217876],[-108.4150691,54.5218858]]]},"properties":{"building":"yes","osmId":1110466978,"osmType":"way","sourceUrl":"https://www.openstreetmap.org/way/1110466978","renderHeight":4,"heightSource":"Illustrative default"}},{"type":"Feature","id":"way/1110466979","geometry":{"type":"Polygon","coordinates":[[[-108.4135095,54.5191883],[-108.413398,54.5191882],[-108.4133982,54.5191224],[-108.4135097,54.5191225],[-108.4135095,54.5191883]]]},"properties":{"building":"yes","osmId":1110466979,"osmType":"way","sourceUrl":"https://www.openstreetmap.org/way/1110466979","renderHeight":4,"heightSource":"Illustrative default"}},{"type":"Feature","id":"way/1110466980","geometry":{"type":"Polygon","coordinates":[[[-108.4160797,54.5185518],[-108.4160303,54.5185509],[-108.416031,54.5185384],[-108.4159491,54.5185369],[-108.4159523,54.5184784],[-108.4161782,54.5184825],[-108.4161765,54.5185136],[-108.4161387,54.5185129],[-108.4161378,54.5185296],[-108.416081,54.5185286],[-108.4160797,54.5185518]]]},"properties":{"building":"yes","osmId":1110466980,"osmType":"way","sourceUrl":"https://www.openstreetmap.org/way/1110466980","renderHeight":4,"heightSource":"Illustrative default"}},{"type":"Feature","id":"way/1110466981","geometry":{"type":"Polygon","coordinates":[[[-108.4168156,54.5187202],[-108.4166328,54.5187449],[-108.4165959,54.5186529],[-108.416838,54.5186202],[-108.4168655,54.5186887],[-108.4168062,54.5186967],[-108.4168156,54.5187202]]]},"properties":{"building":"yes","osmId":1110466981,"osmType":"way","sourceUrl":"https://www.openstreetmap.org/way/1110466981","renderHeight":4,"heightSource":"Illustrative default"}},{"type":"Feature","id":"way/1110466982","geometry":{"type":"Polygon","coordinates":[[[-108.4167026,54.519544],[-108.4166003,54.5194915],[-108.4167329,54.5194043],[-108.4168353,54.5194568],[-108.4167026,54.519544]]]},"properties":{"building":"yes","osmId":1110466982,"osmType":"way","sourceUrl":"https://www.openstreetmap.org/way/1110466982","renderHeight":4,"heightSource":"Illustrative default"}},{"type":"Feature","id":"way/1110466983","geometry":{"type":"Polygon","coordinates":[[[-108.4147383,54.5201562],[-108.4146619,54.5201538],[-108.4146752,54.5200102],[-108.414773,54.5200132],[-108.4147703,54.5200429],[-108.4147841,54.5200433],[-108.4147784,54.5201039],[-108.4147433,54.5201028],[-108.4147383,54.5201562]]]},"properties":{"building":"yes","osmId":1110466983,"osmType":"way","sourceUrl":"https://www.openstreetmap.org/way/1110466983","renderHeight":4,"heightSource":"Illustrative default"}},{"type":"Feature","id":"way/1110466984","geometry":{"type":"Polygon","coordinates":[[[-108.4102131,54.5183812],[-108.4101031,54.518381],[-108.410103,54.5184085],[-108.4099716,54.5184083],[-108.4099716,54.5183808],[-108.409709,54.5183806],[-108.4097094,54.5182285],[-108.4102136,54.518229],[-108.4102131,54.5183812]]]},"properties":{"building":"yes","osmId":1110466984,"osmType":"way","sourceUrl":"https://www.openstreetmap.org/way/1110466984","renderHeight":4,"heightSource":"Illustrative default"}},{"type":"Feature","id":"way/1110466985","geometry":{"type":"Polygon","coordinates":[[[-108.4099238,54.5187718],[-108.4094841,54.5187446],[-108.4095058,54.518626],[-108.4099455,54.5186532],[-108.4099238,54.5187718]]]},"properties":{"building":"yes","osmId":1110466985,"osmType":"way","sourceUrl":"https://www.openstreetmap.org/way/1110466985","renderHeight":4,"heightSource":"Illustrative default"}},{"type":"Feature","id":"way/1110466986","geometry":{"type":"Polygon","coordinates":[[[-108.4119579,54.5252693],[-108.4118245,54.5252466],[-108.4118763,54.5251437],[-108.4120097,54.5251664],[-108.4119579,54.5252693]]]},"properties":{"building":"yes","osmId":1110466986,"osmType":"way","sourceUrl":"https://www.openstreetmap.org/way/1110466986","renderHeight":4,"heightSource":"Illustrative default"}},{"type":"Feature","id":"way/1110466987","geometry":{"type":"Polygon","coordinates":[[[-108.4114712,54.5255869],[-108.4113407,54.5255392],[-108.4114395,54.5254481],[-108.41157,54.5254958],[-108.4114712,54.5255869]]]},"properties":{"building":"yes","osmId":1110466987,"osmType":"way","sourceUrl":"https://www.openstreetmap.org/way/1110466987","renderHeight":4,"heightSource":"Illustrative default"}},{"type":"Feature","id":"way/1110466988","geometry":{"type":"Polygon","coordinates":[[[-108.4098374,54.5257786],[-108.4097265,54.5258121],[-108.4096307,54.5257053],[-108.4097416,54.5256718],[-108.4098374,54.5257786]]]},"properties":{"building":"yes","osmId":1110466988,"osmType":"way","sourceUrl":"https://www.openstreetmap.org/way/1110466988","renderHeight":4,"heightSource":"Illustrative default"}},{"type":"Feature","id":"way/1110466989","geometry":{"type":"Polygon","coordinates":[[[-108.410233,54.5261368],[-108.4100861,54.5261956],[-108.409961,54.5260903],[-108.4101079,54.5260315],[-108.410233,54.5261368]]]},"properties":{"building":"yes","osmId":1110466989,"osmType":"way","sourceUrl":"https://www.openstreetmap.org/way/1110466989","renderHeight":4,"heightSource":"Illustrative default"}},{"type":"Feature","id":"way/1110466990","geometry":{"type":"Polygon","coordinates":[[[-108.4110372,54.5264573],[-108.4108973,54.5264443],[-108.4109193,54.5263649],[-108.4110592,54.5263779],[-108.4110372,54.5264573]]]},"properties":{"building":"yes","osmId":1110466990,"osmType":"way","sourceUrl":"https://www.openstreetmap.org/way/1110466990","renderHeight":4,"heightSource":"Illustrative default"}},{"type":"Feature","id":"way/1110466991","geometry":{"type":"Polygon","coordinates":[[[-108.4105368,54.5268048],[-108.4104011,54.5267863],[-108.4104422,54.5266848],[-108.4105779,54.5267033],[-108.4105368,54.5268048]]]},"properties":{"building":"yes","osmId":1110466991,"osmType":"way","sourceUrl":"https://www.openstreetmap.org/way/1110466991","renderHeight":4,"heightSource":"Illustrative default"}},{"type":"Feature","id":"way/1110466992","geometry":{"type":"Polygon","coordinates":[[[-108.4104623,54.5270013],[-108.4103378,54.5269889],[-108.4103685,54.5268859],[-108.4104929,54.5268984],[-108.4104623,54.5270013]]]},"properties":{"building":"yes","osmId":1110466992,"osmType":"way","sourceUrl":"https://www.openstreetmap.org/way/1110466992","renderHeight":4,"heightSource":"Illustrative default"}},{"type":"Feature","id":"way/1110466993","geometry":{"type":"Polygon","coordinates":[[[-108.4109349,54.5280198],[-108.4107922,54.5280146],[-108.410804,54.5279053],[-108.4109467,54.5279104],[-108.4109349,54.5280198]]]},"properties":{"building":"yes","osmId":1110466993,"osmType":"way","sourceUrl":"https://www.openstreetmap.org/way/1110466993","renderHeight":4,"heightSource":"Illustrative default"}},{"type":"Feature","id":"way/1110466994","geometry":{"type":"Polygon","coordinates":[[[-108.4126686,54.5279893],[-108.4124977,54.5280197],[-108.4124753,54.5279773],[-108.4125126,54.5279706],[-108.4124404,54.5278344],[-108.4125739,54.5278106],[-108.4126686,54.5279893]]]},"properties":{"building":"yes","osmId":1110466994,"osmType":"way","sourceUrl":"https://www.openstreetmap.org/way/1110466994","renderHeight":4,"heightSource":"Illustrative default"}},{"type":"Feature","id":"way/1110466995","geometry":{"type":"Polygon","coordinates":[[[-108.4121014,54.5282928],[-108.4120206,54.5282995],[-108.4120033,54.5282299],[-108.412084,54.5282231],[-108.4121014,54.5282928]]]},"properties":{"building":"yes","osmId":1110466995,"osmType":"way","sourceUrl":"https://www.openstreetmap.org/way/1110466995","renderHeight":4,"heightSource":"Illustrative default"}},{"type":"Feature","id":"way/1110466996","geometry":{"type":"Polygon","coordinates":[[[-108.412394,54.5283844],[-108.4122524,54.5283783],[-108.4122668,54.5282652],[-108.4124084,54.5282713],[-108.412394,54.5283844]]]},"properties":{"building":"yes","osmId":1110466996,"osmType":"way","sourceUrl":"https://www.openstreetmap.org/way/1110466996","renderHeight":4,"heightSource":"Illustrative default"}},{"type":"Feature","id":"way/1110466997","geometry":{"type":"Polygon","coordinates":[[[-108.410333,54.5286588],[-108.4101818,54.5286606],[-108.4101778,54.5285466],[-108.4103289,54.5285448],[-108.410333,54.5286588]]]},"properties":{"building":"yes","osmId":1110466997,"osmType":"way","sourceUrl":"https://www.openstreetmap.org/way/1110466997","renderHeight":4,"heightSource":"Illustrative default"}},{"type":"Feature","id":"way/1110466998","geometry":{"type":"Polygon","coordinates":[[[-108.4133834,54.5288125],[-108.413256,54.5288523],[-108.4131546,54.5287432],[-108.4132819,54.5287033],[-108.4133834,54.5288125]]]},"properties":{"building":"yes","osmId":1110466998,"osmType":"way","sourceUrl":"https://www.openstreetmap.org/way/1110466998","renderHeight":4,"heightSource":"Illustrative default"}},{"type":"Feature","id":"way/1110466999","geometry":{"type":"Polygon","coordinates":[[[-108.4139123,54.5293843],[-108.4137198,54.5294443],[-108.4136369,54.5293546],[-108.4134948,54.5293988],[-108.4134396,54.529339],[-108.413568,54.529299],[-108.4134872,54.5292116],[-108.4136933,54.5291475],[-108.4139123,54.5293843]]]},"properties":{"building":"yes","osmId":1110466999,"osmType":"way","sourceUrl":"https://www.openstreetmap.org/way/1110466999","renderHeight":4,"heightSource":"Illustrative default"}},{"type":"Feature","id":"way/1110467000","geometry":{"type":"Polygon","coordinates":[[[-108.4138213,54.529607],[-108.4136946,54.5296308],[-108.4136519,54.5295543],[-108.4137786,54.5295305],[-108.4138213,54.529607]]]},"properties":{"building":"yes","osmId":1110467000,"osmType":"way","sourceUrl":"https://www.openstreetmap.org/way/1110467000","renderHeight":4,"heightSource":"Illustrative default"}},{"type":"Feature","id":"way/1110467001","geometry":{"type":"Polygon","coordinates":[[[-108.4145111,54.5298987],[-108.4143664,54.5299347],[-108.4143094,54.5298578],[-108.4144541,54.5298217],[-108.4145111,54.5298987]]]},"properties":{"building":"yes","osmId":1110467001,"osmType":"way","sourceUrl":"https://www.openstreetmap.org/way/1110467001","renderHeight":4,"heightSource":"Illustrative default"}},{"type":"Feature","id":"way/1110467002","geometry":{"type":"Polygon","coordinates":[[[-108.4247802,54.5204626],[-108.4247113,54.5204914],[-108.4246134,54.5204123],[-108.4246823,54.5203835],[-108.4247802,54.5204626]]]},"properties":{"building":"yes","osmId":1110467002,"osmType":"way","sourceUrl":"https://www.openstreetmap.org/way/1110467002","renderHeight":4,"heightSource":"Illustrative default"}},{"type":"Feature","id":"way/1110467003","geometry":{"type":"Polygon","coordinates":[[[-108.4244209,54.5204703],[-108.4243035,54.5204953],[-108.4242296,54.520378],[-108.424347,54.5203531],[-108.4244209,54.5204703]]]},"properties":{"building":"yes","osmId":1110467003,"osmType":"way","sourceUrl":"https://www.openstreetmap.org/way/1110467003","renderHeight":4,"heightSource":"Illustrative default"}},{"type":"Feature","id":"way/1110467004","geometry":{"type":"Polygon","coordinates":[[[-108.4249141,54.5202165],[-108.4248268,54.5202675],[-108.424686,54.5201865],[-108.4247733,54.5201354],[-108.4249141,54.5202165]]]},"properties":{"building":"yes","osmId":1110467004,"osmType":"way","sourceUrl":"https://www.openstreetmap.org/way/1110467004","renderHeight":4,"heightSource":"Illustrative default"}},{"type":"Feature","id":"way/1110467005","geometry":{"type":"Polygon","coordinates":[[[-108.425146,54.5199598],[-108.4251074,54.5199766],[-108.4251258,54.5199908],[-108.4250912,54.5200058],[-108.4250743,54.5199926],[-108.4250388,54.520008],[-108.4249574,54.5199448],[-108.425066,54.5198977],[-108.425146,54.5199598]]]},"properties":{"building":"yes","osmId":1110467005,"osmType":"way","sourceUrl":"https://www.openstreetmap.org/way/1110467005","renderHeight":4,"heightSource":"Illustrative default"}},{"type":"Feature","id":"way/1110467006","geometry":{"type":"Polygon","coordinates":[[[-108.4243581,54.5197114],[-108.4242328,54.5197479],[-108.424152,54.5196544],[-108.4242773,54.5196179],[-108.4243581,54.5197114]]]},"properties":{"building":"yes","osmId":1110467006,"osmType":"way","sourceUrl":"https://www.openstreetmap.org/way/1110467006","renderHeight":4,"heightSource":"Illustrative default"}},{"type":"Feature","id":"way/1110467007","geometry":{"type":"Polygon","coordinates":[[[-108.4243854,54.5191739],[-108.4242968,54.51924],[-108.4241465,54.5191721],[-108.4242351,54.519106],[-108.4243854,54.5191739]]]},"properties":{"building":"yes","osmId":1110467007,"osmType":"way","sourceUrl":"https://www.openstreetmap.org/way/1110467007","renderHeight":4,"heightSource":"Illustrative default"}},{"type":"Feature","id":"way/1110467008","geometry":{"type":"Polygon","coordinates":[[[-108.423302,54.5190585],[-108.4230607,54.5190175],[-108.4230857,54.5189681],[-108.4230504,54.5189621],[-108.4230651,54.5189331],[-108.4233416,54.5189801],[-108.423302,54.5190585]]]},"properties":{"building":"yes","osmId":1110467008,"osmType":"way","sourceUrl":"https://www.openstreetmap.org/way/1110467008","renderHeight":4,"heightSource":"Illustrative default"}},{"type":"Feature","id":"way/1110467009","geometry":{"type":"Polygon","coordinates":[[[-108.4227303,54.5190561],[-108.4225822,54.5190267],[-108.4226566,54.5189002],[-108.4228047,54.5189295],[-108.4227303,54.5190561]]]},"properties":{"building":"yes","osmId":1110467009,"osmType":"way","sourceUrl":"https://www.openstreetmap.org/way/1110467009","renderHeight":4,"heightSource":"Illustrative default"}},{"type":"Feature","id":"way/1110467010","geometry":{"type":"Polygon","coordinates":[[[-108.4232243,54.5192463],[-108.4229942,54.5191566],[-108.4230332,54.5191229],[-108.4232633,54.5192127],[-108.4232243,54.5192463]]]},"properties":{"building":"yes","osmId":1110467010,"osmType":"way","sourceUrl":"https://www.openstreetmap.org/way/1110467010","renderHeight":4,"heightSource":"Illustrative default"}},{"type":"Feature","id":"way/1110467011","geometry":{"type":"Polygon","coordinates":[[[-108.423714,54.5196523],[-108.4235944,54.5196795],[-108.4235303,54.5195845],[-108.4236499,54.5195573],[-108.423714,54.5196523]]]},"properties":{"building":"yes","osmId":1110467011,"osmType":"way","sourceUrl":"https://www.openstreetmap.org/way/1110467011","renderHeight":4,"heightSource":"Illustrative default"}},{"type":"Feature","id":"way/1110467012","geometry":{"type":"Polygon","coordinates":[[[-108.4239053,54.5203755],[-108.4237625,54.5204083],[-108.4237179,54.5203427],[-108.4238607,54.52031],[-108.4239053,54.5203755]]]},"properties":{"building":"yes","osmId":1110467012,"osmType":"way","sourceUrl":"https://www.openstreetmap.org/way/1110467012","renderHeight":4,"heightSource":"Illustrative default"}},{"type":"Feature","id":"way/1110467013","geometry":{"type":"Polygon","coordinates":[[[-108.4221626,54.5165472],[-108.4219767,54.5165453],[-108.4219792,54.516465],[-108.4221651,54.5164669],[-108.4221626,54.5165472]]]},"properties":{"building":"yes","osmId":1110467013,"osmType":"way","sourceUrl":"https://www.openstreetmap.org/way/1110467013","renderHeight":4,"heightSource":"Illustrative default"}},{"type":"Feature","id":"way/1110467014","geometry":{"type":"Polygon","coordinates":[[[-108.4216436,54.5164562],[-108.4215705,54.51647],[-108.4215461,54.5164267],[-108.4216191,54.5164128],[-108.4216436,54.5164562]]]},"properties":{"building":"yes","osmId":1110467014,"osmType":"way","sourceUrl":"https://www.openstreetmap.org/way/1110467014","renderHeight":4,"heightSource":"Illustrative default"}},{"type":"Feature","id":"way/1110467015","geometry":{"type":"Polygon","coordinates":[[[-108.42232,54.5163113],[-108.4222339,54.5163128],[-108.4222307,54.5162517],[-108.4223168,54.5162502],[-108.42232,54.5163113]]]},"properties":{"building":"yes","osmId":1110467015,"osmType":"way","sourceUrl":"https://www.openstreetmap.org/way/1110467015","renderHeight":4,"heightSource":"Illustrative default"}},{"type":"Feature","id":"way/1110467016","geometry":{"type":"Polygon","coordinates":[[[-108.4223485,54.5153746],[-108.4222185,54.5153356],[-108.4222802,54.5152663],[-108.4224102,54.5153052],[-108.4223485,54.5153746]]]},"properties":{"building":"yes","osmId":1110467016,"osmType":"way","sourceUrl":"https://www.openstreetmap.org/way/1110467016","renderHeight":4,"heightSource":"Illustrative default"}},{"type":"Feature","id":"way/1110467017","geometry":{"type":"Polygon","coordinates":[[[-108.4229395,54.5146693],[-108.4228059,54.5146291],[-108.4228791,54.5145471],[-108.4230127,54.5145872],[-108.4229395,54.5146693]]]},"properties":{"building":"yes","osmId":1110467017,"osmType":"way","sourceUrl":"https://www.openstreetmap.org/way/1110467017","renderHeight":4,"heightSource":"Illustrative default"}},{"type":"Feature","id":"way/1110467018","geometry":{"type":"Polygon","coordinates":[[[-108.4026525,54.512198],[-108.4025089,54.5121972],[-108.4025111,54.5120729],[-108.4026547,54.5120738],[-108.4026525,54.512198]]]},"properties":{"building":"yes","osmId":1110467018,"osmType":"way","sourceUrl":"https://www.openstreetmap.org/way/1110467018","renderHeight":4,"heightSource":"Illustrative default"}},{"type":"Feature","id":"way/1110470693","geometry":{"type":"Polygon","coordinates":[[[-108.4148612,54.4795902],[-108.4147111,54.4795528],[-108.414808,54.4794215],[-108.4149437,54.4794553],[-108.4149224,54.4794841],[-108.4149859,54.4794999],[-108.4149311,54.4795742],[-108.414882,54.479562],[-108.4148612,54.4795902]]]},"properties":{"building":"yes","osmId":1110470693,"osmType":"way","sourceUrl":"https://www.openstreetmap.org/way/1110470693","renderHeight":4,"heightSource":"Illustrative default"}},{"type":"Feature","id":"way/1110470694","geometry":{"type":"Polygon","coordinates":[[[-108.415134,54.4785061],[-108.4150611,54.4785193],[-108.415048,54.4784949],[-108.4151209,54.4784818],[-108.415134,54.4785061]]]},"properties":{"building":"yes","osmId":1110470694,"osmType":"way","sourceUrl":"https://www.openstreetmap.org/way/1110470694","renderHeight":4,"heightSource":"Illustrative default"}},{"type":"Feature","id":"way/1110470695","geometry":{"type":"Polygon","coordinates":[[[-108.4150534,54.4784819],[-108.4150081,54.4784929],[-108.4149763,54.4784484],[-108.4150216,54.4784375],[-108.4150534,54.4784819]]]},"properties":{"building":"yes","osmId":1110470695,"osmType":"way","sourceUrl":"https://www.openstreetmap.org/way/1110470695","renderHeight":4,"heightSource":"Illustrative default"}},{"type":"Feature","id":"way/1110470696","geometry":{"type":"Polygon","coordinates":[[[-108.4153259,54.4784073],[-108.4151877,54.4784406],[-108.4151116,54.4783337],[-108.4152498,54.4783004],[-108.4153259,54.4784073]]]},"properties":{"building":"yes","osmId":1110470696,"osmType":"way","sourceUrl":"https://www.openstreetmap.org/way/1110470696","renderHeight":4,"heightSource":"Illustrative default"}},{"type":"Feature","id":"way/1110470697","geometry":{"type":"Polygon","coordinates":[[[-108.4129051,54.4779123],[-108.4128677,54.4779291],[-108.4128229,54.4778956],[-108.4128604,54.4778787],[-108.4129051,54.4779123]]]},"properties":{"building":"yes","osmId":1110470697,"osmType":"way","sourceUrl":"https://www.openstreetmap.org/way/1110470697","renderHeight":4,"heightSource":"Illustrative default"}},{"type":"Feature","id":"way/1110470698","geometry":{"type":"Polygon","coordinates":[[[-108.4127817,54.4778885],[-108.4127346,54.4779057],[-108.4126641,54.4778407],[-108.4127113,54.4778234],[-108.4127817,54.4778885]]]},"properties":{"building":"yes","osmId":1110470698,"osmType":"way","sourceUrl":"https://www.openstreetmap.org/way/1110470698","renderHeight":4,"heightSource":"Illustrative default"}},{"type":"Feature","id":"way/1110470699","geometry":{"type":"Polygon","coordinates":[[[-108.4130358,54.4777614],[-108.4129423,54.4778025],[-108.4129198,54.4777853],[-108.4128487,54.4778166],[-108.4127854,54.4777681],[-108.4129227,54.4777076],[-108.4129403,54.4777211],[-108.4130035,54.4776933],[-108.413063,54.4777389],[-108.4130271,54.4777547],[-108.4130358,54.4777614]]]},"properties":{"building":"yes","osmId":1110470699,"osmType":"way","sourceUrl":"https://www.openstreetmap.org/way/1110470699","renderHeight":4,"heightSource":"Illustrative default"}},{"type":"Feature","id":"way/1110470700","geometry":{"type":"Polygon","coordinates":[[[-108.4119362,54.4772395],[-108.411859,54.4772619],[-108.4118695,54.4772741],[-108.4118291,54.4772858],[-108.4118158,54.4772704],[-108.4117662,54.4772847],[-108.4117044,54.4772127],[-108.4118716,54.4771642],[-108.4119362,54.4772395]]]},"properties":{"building":"yes","osmId":1110470700,"osmType":"way","sourceUrl":"https://www.openstreetmap.org/way/1110470700","renderHeight":4,"heightSource":"Illustrative default"}},{"type":"Feature","id":"way/1110470701","geometry":{"type":"Polygon","coordinates":[[[-108.4084114,54.4754549],[-108.4082574,54.4754566],[-108.4082564,54.4754247],[-108.4082125,54.4754251],[-108.4082114,54.4753896],[-108.4082521,54.4753891],[-108.4082509,54.4753494],[-108.4083868,54.4753479],[-108.4083885,54.4754013],[-108.4084097,54.4754011],[-108.4084114,54.4754549]]]},"properties":{"building":"yes","osmId":1110470701,"osmType":"way","sourceUrl":"https://www.openstreetmap.org/way/1110470701","renderHeight":4,"heightSource":"Illustrative default"}},{"type":"Feature","id":"way/1110470702","geometry":{"type":"Polygon","coordinates":[[[-108.4077749,54.4755416],[-108.4076822,54.4755648],[-108.4076476,54.4755181],[-108.4077402,54.4754949],[-108.4077749,54.4755416]]]},"properties":{"building":"yes","osmId":1110470702,"osmType":"way","sourceUrl":"https://www.openstreetmap.org/way/1110470702","renderHeight":4,"heightSource":"Illustrative default"}},{"type":"Feature","id":"way/1110470703","geometry":{"type":"Polygon","coordinates":[[[-108.407671,54.475297],[-108.4075582,54.4752965],[-108.4075588,54.4752492],[-108.4076715,54.4752496],[-108.407671,54.475297]]]},"properties":{"building":"yes","osmId":1110470703,"osmType":"way","sourceUrl":"https://www.openstreetmap.org/way/1110470703","renderHeight":4,"heightSource":"Illustrative default"}},{"type":"Feature","id":"way/1110470704","geometry":{"type":"Polygon","coordinates":[[[-108.4079655,54.4752824],[-108.4078518,54.4752428],[-108.4079014,54.4751948],[-108.4080151,54.4752343],[-108.4079655,54.4752824]]]},"properties":{"building":"yes","osmId":1110470704,"osmType":"way","sourceUrl":"https://www.openstreetmap.org/way/1110470704","renderHeight":4,"heightSource":"Illustrative default"}},{"type":"Feature","id":"way/1110470705","geometry":{"type":"Polygon","coordinates":[[[-108.4051822,54.4749126],[-108.4050519,54.4749324],[-108.4050021,54.4748215],[-108.4051324,54.4748017],[-108.4051822,54.4749126]]]},"properties":{"building":"yes","osmId":1110470705,"osmType":"way","sourceUrl":"https://www.openstreetmap.org/way/1110470705","renderHeight":4,"heightSource":"Illustrative default"}},{"type":"Feature","id":"way/1110470706","geometry":{"type":"Polygon","coordinates":[[[-108.3940166,54.4804062],[-108.3939442,54.4804197],[-108.3939798,54.480484],[-108.3938641,54.4805056],[-108.3938026,54.4803943],[-108.3939906,54.4803592],[-108.3940166,54.4804062]]]},"properties":{"building":"yes","osmId":1110470706,"osmType":"way","sourceUrl":"https://www.openstreetmap.org/way/1110470706","renderHeight":4,"heightSource":"Illustrative default"}},{"type":"Feature","id":"way/1110470707","geometry":{"type":"Polygon","coordinates":[[[-108.3937841,54.4802304],[-108.3936923,54.4802481],[-108.3936671,54.480204],[-108.3937588,54.4801863],[-108.3937841,54.4802304]]]},"properties":{"building":"yes","osmId":1110470707,"osmType":"way","sourceUrl":"https://www.openstreetmap.org/way/1110470707","renderHeight":4,"heightSource":"Illustrative default"}},{"type":"Feature","id":"way/1110470708","geometry":{"type":"Polygon","coordinates":[[[-108.3932999,54.4785274],[-108.3932186,54.4785466],[-108.3931677,54.4784737],[-108.3932489,54.4784546],[-108.3932999,54.4785274]]]},"properties":{"building":"yes","osmId":1110470708,"osmType":"way","sourceUrl":"https://www.openstreetmap.org/way/1110470708","renderHeight":4,"heightSource":"Illustrative default"}},{"type":"Feature","id":"way/1110470709","geometry":{"type":"Polygon","coordinates":[[[-108.3932625,54.4780408],[-108.3931109,54.478081],[-108.393078,54.4780391],[-108.3932296,54.4779989],[-108.3932625,54.4780408]]]},"properties":{"building":"yes","osmId":1110470709,"osmType":"way","sourceUrl":"https://www.openstreetmap.org/way/1110470709","renderHeight":4,"heightSource":"Illustrative default"}},{"type":"Feature","id":"way/1110470710","geometry":{"type":"Polygon","coordinates":[[[-108.3957382,54.4782877],[-108.3956601,54.4783303],[-108.3956309,54.4783122],[-108.395709,54.4782697],[-108.3957382,54.4782877]]]},"properties":{"building":"yes","osmId":1110470710,"osmType":"way","sourceUrl":"https://www.openstreetmap.org/way/1110470710","renderHeight":4,"heightSource":"Illustrative default"}},{"type":"Feature","id":"way/1110470711","geometry":{"type":"Polygon","coordinates":[[[-108.3960292,54.4780281],[-108.3959474,54.4780595],[-108.3958984,54.4780164],[-108.3959802,54.477985],[-108.3960292,54.4780281]]]},"properties":{"building":"yes","osmId":1110470711,"osmType":"way","sourceUrl":"https://www.openstreetmap.org/way/1110470711","renderHeight":4,"heightSource":"Illustrative default"}},{"type":"Feature","id":"way/1110470712","geometry":{"type":"Polygon","coordinates":[[[-108.3956944,54.4779531],[-108.3955964,54.478003],[-108.3955133,54.477948],[-108.3956113,54.477898],[-108.3956944,54.4779531]]]},"properties":{"building":"yes","osmId":1110470712,"osmType":"way","sourceUrl":"https://www.openstreetmap.org/way/1110470712","renderHeight":4,"heightSource":"Illustrative default"}},{"type":"Feature","id":"way/1110470714","geometry":{"type":"Polygon","coordinates":[[[-108.4080146,54.4764696],[-108.4078123,54.4764685],[-108.4078138,54.4763696],[-108.4080161,54.4763707],[-108.4080146,54.4764696]]]},"properties":{"building":"yes","osmId":1110470714,"osmType":"way","sourceUrl":"https://www.openstreetmap.org/way/1110470714","renderHeight":4,"heightSource":"Illustrative default"}},{"type":"Feature","id":"way/1110470715","geometry":{"type":"Polygon","coordinates":[[[-108.4071078,54.4763976],[-108.4070131,54.4763971],[-108.4070137,54.4763598],[-108.4071084,54.4763603],[-108.4071078,54.4763976]]]},"properties":{"building":"yes","osmId":1110470715,"osmType":"way","sourceUrl":"https://www.openstreetmap.org/way/1110470715","renderHeight":4,"heightSource":"Illustrative default"}},{"type":"Feature","id":"way/1110470716","geometry":{"type":"Polygon","coordinates":[[[-108.4072594,54.4765587],[-108.4071814,54.4765678],[-108.4071637,54.4765164],[-108.4072417,54.4765073],[-108.4072594,54.4765587]]]},"properties":{"building":"yes","osmId":1110470716,"osmType":"way","sourceUrl":"https://www.openstreetmap.org/way/1110470716","renderHeight":4,"heightSource":"Illustrative default"}},{"type":"Feature","id":"way/1110470718","geometry":{"type":"Polygon","coordinates":[[[-108.4085465,54.479726],[-108.4084129,54.479746],[-108.4083608,54.4796283],[-108.4084944,54.4796083],[-108.4085465,54.479726]]]},"properties":{"building":"yes","osmId":1110470718,"osmType":"way","sourceUrl":"https://www.openstreetmap.org/way/1110470718","renderHeight":4,"heightSource":"Illustrative default"}},{"type":"Feature","id":"way/1110470719","geometry":{"type":"Polygon","coordinates":[[[-108.405909,54.4762982],[-108.4058708,54.4763083],[-108.4058583,54.4762923],[-108.4058965,54.4762822],[-108.405909,54.4762982]]]},"properties":{"building":"yes","osmId":1110470719,"osmType":"way","sourceUrl":"https://www.openstreetmap.org/way/1110470719","renderHeight":4,"heightSource":"Illustrative default"}},{"type":"Feature","id":"way/1110470720","geometry":{"type":"Polygon","coordinates":[[[-108.4059097,54.4763404],[-108.4058617,54.4763499],[-108.4058532,54.4763352],[-108.4059012,54.4763258],[-108.4059097,54.4763404]]]},"properties":{"building":"yes","osmId":1110470720,"osmType":"way","sourceUrl":"https://www.openstreetmap.org/way/1110470720","renderHeight":4,"heightSource":"Illustrative default"}},{"type":"Feature","id":"way/1110470721","geometry":{"type":"Polygon","coordinates":[[[-108.4011347,54.477795],[-108.4009084,54.4778081],[-108.4008934,54.477721],[-108.4011198,54.4777079],[-108.4011347,54.477795]]]},"properties":{"building":"yes","osmId":1110470721,"osmType":"way","sourceUrl":"https://www.openstreetmap.org/way/1110470721","renderHeight":4,"heightSource":"Illustrative default"}},{"type":"Feature","id":"way/1110470722","geometry":{"type":"Polygon","coordinates":[[[-108.3985568,54.4780675],[-108.3982778,54.4780592],[-108.3982854,54.4779725],[-108.3985644,54.4779807],[-108.3985568,54.4780675]]]},"properties":{"building":"yes","osmId":1110470722,"osmType":"way","sourceUrl":"https://www.openstreetmap.org/way/1110470722","renderHeight":4,"heightSource":"Illustrative default"}},{"type":"Feature","id":"way/1110470723","geometry":{"type":"Polygon","coordinates":[[[-108.4010832,54.4756459],[-108.4007733,54.4756628],[-108.4007652,54.4756133],[-108.4010751,54.4755963],[-108.4010832,54.4756459]]]},"properties":{"building":"yes","osmId":1110470723,"osmType":"way","sourceUrl":"https://www.openstreetmap.org/way/1110470723","renderHeight":4,"heightSource":"Illustrative default"}},{"type":"Feature","id":"way/1110470724","geometry":{"type":"Polygon","coordinates":[[[-108.4010307,54.4757248],[-108.4008948,54.475734],[-108.4008831,54.4756752],[-108.401019,54.475666],[-108.4010307,54.4757248]]]},"properties":{"building":"yes","osmId":1110470724,"osmType":"way","sourceUrl":"https://www.openstreetmap.org/way/1110470724","renderHeight":4,"heightSource":"Illustrative default"}},{"type":"Feature","id":"way/1110470725","geometry":{"type":"Polygon","coordinates":[[[-108.4010314,54.4757785],[-108.4009379,54.4757707],[-108.4009448,54.475743],[-108.4010383,54.4757509],[-108.4010314,54.4757785]]]},"properties":{"building":"yes","osmId":1110470725,"osmType":"way","sourceUrl":"https://www.openstreetmap.org/way/1110470725","renderHeight":4,"heightSource":"Illustrative default"}},{"type":"Feature","id":"way/1112065133","geometry":{"type":"Polygon","coordinates":[[[-108.364852,54.4386515],[-108.3648644,54.4385411],[-108.3647189,54.4385356],[-108.3647065,54.438646],[-108.364852,54.4386515]]]},"properties":{"building":"yes","osmId":1112065133,"osmType":"way","sourceUrl":"https://www.openstreetmap.org/way/1112065133","renderHeight":4,"heightSource":"Illustrative default"}},{"type":"Feature","id":"way/1112065134","geometry":{"type":"Polygon","coordinates":[[[-108.3314513,54.4436452],[-108.3314519,54.4435612],[-108.3312928,54.4435608],[-108.3312923,54.4436449],[-108.3314513,54.4436452]]]},"properties":{"building":"yes","osmId":1112065134,"osmType":"way","sourceUrl":"https://www.openstreetmap.org/way/1112065134","renderHeight":4,"heightSource":"Illustrative default"}},{"type":"Feature","id":"way/1112065265","geometry":{"type":"Polygon","coordinates":[[[-108.3613067,54.4427124],[-108.3612188,54.4426518],[-108.361065,54.4427273],[-108.3611528,54.4427878],[-108.3613067,54.4427124]]]},"properties":{"building":"yes","osmId":1112065265,"osmType":"way","sourceUrl":"https://www.openstreetmap.org/way/1112065265","renderHeight":4,"heightSource":"Illustrative default"}},{"type":"Feature","id":"way/1112387628","geometry":{"type":"Polygon","coordinates":[[[-108.2955336,54.3161653],[-108.2954943,54.316105],[-108.2955706,54.3160881],[-108.2956098,54.3161484],[-108.2955336,54.3161653]]]},"properties":{"building":"yes","osmId":1112387628,"osmType":"way","sourceUrl":"https://www.openstreetmap.org/way/1112387628","renderHeight":4,"heightSource":"Illustrative default"}},{"type":"Feature","id":"way/1113432592","geometry":{"type":"Polygon","coordinates":[[[-108.4142834,54.5241816],[-108.4142137,54.5242764],[-108.4141135,54.5242516],[-108.4141832,54.5241568],[-108.4142834,54.5241816]]]},"properties":{"building":"yes","osmId":1113432592,"osmType":"way","sourceUrl":"https://www.openstreetmap.org/way/1113432592","renderHeight":4,"heightSource":"Illustrative default"}},{"type":"Feature","id":"way/1113432593","geometry":{"type":"Polygon","coordinates":[[[-108.4152519,54.5234082],[-108.4152764,54.5233243],[-108.415135,54.5233104],[-108.4151105,54.5233943],[-108.4152519,54.5234082]]]},"properties":{"building":"yes","osmId":1113432593,"osmType":"way","sourceUrl":"https://www.openstreetmap.org/way/1113432593","renderHeight":4,"heightSource":"Illustrative default"}},{"type":"Feature","id":"way/1113564845","geometry":{"type":"Polygon","coordinates":[[[-108.2816121,54.3303249],[-108.2816055,54.3302306],[-108.2813964,54.3302356],[-108.281403,54.3303298],[-108.2816121,54.3303249]]]},"properties":{"building":"yes","osmId":1113564845,"osmType":"way","sourceUrl":"https://www.openstreetmap.org/way/1113564845","renderHeight":4,"heightSource":"Illustrative default"}},{"type":"Feature","id":"way/1113564846","geometry":{"type":"Polygon","coordinates":[[[-108.2810728,54.3303878],[-108.280965,54.3304337],[-108.2809096,54.3303894],[-108.2810174,54.3303435],[-108.2810728,54.3303878]]]},"properties":{"building":"yes","osmId":1113564846,"osmType":"way","sourceUrl":"https://www.openstreetmap.org/way/1113564846","renderHeight":4,"heightSource":"Illustrative default"}},{"type":"Feature","id":"way/1113564847","geometry":{"type":"Polygon","coordinates":[[[-108.2807079,54.3305476],[-108.2806201,54.3304766],[-108.2805669,54.330499],[-108.2806136,54.3305367],[-108.2805781,54.3305517],[-108.2806068,54.3305749],[-108.2806369,54.3305623],[-108.2806492,54.3305723],[-108.2807079,54.3305476]]]},"properties":{"building":"yes","osmId":1113564847,"osmType":"way","sourceUrl":"https://www.openstreetmap.org/way/1113564847","renderHeight":4,"heightSource":"Illustrative default"}},{"type":"Feature","id":"way/1113564848","geometry":{"type":"Polygon","coordinates":[[[-108.2807408,54.3303598],[-108.280741,54.3303078],[-108.2806428,54.3303077],[-108.2806427,54.3303597],[-108.2807408,54.3303598]]]},"properties":{"building":"yes","osmId":1113564848,"osmType":"way","sourceUrl":"https://www.openstreetmap.org/way/1113564848","renderHeight":4,"heightSource":"Illustrative default"}},{"type":"Feature","id":"way/1113564849","geometry":{"type":"Polygon","coordinates":[[[-108.2808481,54.3294844],[-108.2807889,54.3295794],[-108.2806792,54.3295561],[-108.2807384,54.3294611],[-108.2808481,54.3294844]]]},"properties":{"building":"yes","osmId":1113564849,"osmType":"way","sourceUrl":"https://www.openstreetmap.org/way/1113564849","renderHeight":4,"heightSource":"Illustrative default"}},{"type":"Feature","id":"way/1113564850","geometry":{"type":"Polygon","coordinates":[[[-108.2812698,54.3306408],[-108.2812566,54.3305868],[-108.2811557,54.3305952],[-108.281169,54.3306492],[-108.2812698,54.3306408]]]},"properties":{"building":"yes","osmId":1113564850,"osmType":"way","sourceUrl":"https://www.openstreetmap.org/way/1113564850","renderHeight":4,"heightSource":"Illustrative default"}},{"type":"Feature","id":"way/1113564851","geometry":{"type":"Polygon","coordinates":[[[-108.2813976,54.3308649],[-108.2813111,54.3308945],[-108.2812734,54.3308571],[-108.2813599,54.3308274],[-108.2813976,54.3308649]]]},"properties":{"building":"yes","osmId":1113564851,"osmType":"way","sourceUrl":"https://www.openstreetmap.org/way/1113564851","renderHeight":4,"heightSource":"Illustrative default"}},{"type":"Feature","id":"way/1116076623","geometry":{"type":"Polygon","coordinates":[[[-108.3834685,54.5068297],[-108.3834837,54.5067218],[-108.383357,54.5067158],[-108.3833419,54.5068237],[-108.3834685,54.5068297]]]},"properties":{"building":"yes","osmId":1116076623,"osmType":"way","sourceUrl":"https://www.openstreetmap.org/way/1116076623","renderHeight":4,"heightSource":"Illustrative default"}},{"type":"Feature","id":"way/1116076624","geometry":{"type":"Polygon","coordinates":[[[-108.3815124,54.5070129],[-108.3815466,54.5069549],[-108.3814467,54.5069351],[-108.3814125,54.5069931],[-108.3815124,54.5070129]]]},"properties":{"building":"yes","osmId":1116076624,"osmType":"way","sourceUrl":"https://www.openstreetmap.org/way/1116076624","renderHeight":4,"heightSource":"Illustrative default"}},{"type":"Feature","id":"way/1116076625","geometry":{"type":"Polygon","coordinates":[[[-108.3801917,54.5073047],[-108.3801126,54.5073021],[-108.3801148,54.5072802],[-108.3801938,54.5072829],[-108.3801917,54.5073047]]]},"properties":{"building":"yes","osmId":1116076625,"osmType":"way","sourceUrl":"https://www.openstreetmap.org/way/1116076625","renderHeight":4,"heightSource":"Illustrative default"}},{"type":"Feature","id":"way/1116076626","geometry":{"type":"Polygon","coordinates":[[[-108.3859842,54.5077181],[-108.3859316,54.5077309],[-108.3859109,54.5077023],[-108.3859635,54.5076895],[-108.3859842,54.5077181]]]},"properties":{"building":"yes","osmId":1116076626,"osmType":"way","sourceUrl":"https://www.openstreetmap.org/way/1116076626","renderHeight":4,"heightSource":"Illustrative default"}},{"type":"Feature","id":"way/1116076627","geometry":{"type":"Polygon","coordinates":[[[-108.3860624,54.5078894],[-108.3860005,54.5079006],[-108.3859419,54.5079201],[-108.3858937,54.5079456],[-108.3858546,54.5079775],[-108.3857887,54.5079642],[-108.3857962,54.5079553],[-108.3858412,54.5079197],[-108.3858981,54.5078901],[-108.385965,54.5078662],[-108.3860366,54.5078526],[-108.3860518,54.5078514],[-108.3860624,54.5078894]]]},"properties":{"building":"yes","osmId":1116076627,"osmType":"way","sourceUrl":"https://www.openstreetmap.org/way/1116076627","renderHeight":4,"heightSource":"Illustrative default"}},{"type":"Feature","id":"way/1116076628","geometry":{"type":"Polygon","coordinates":[[[-108.3857802,54.5080467],[-108.3858069,54.5080109],[-108.3857782,54.5080037],[-108.3857516,54.5080396],[-108.3857802,54.5080467]]]},"properties":{"building":"yes","osmId":1116076628,"osmType":"way","sourceUrl":"https://www.openstreetmap.org/way/1116076628","renderHeight":4,"heightSource":"Illustrative default"}},{"type":"Feature","id":"way/1116076629","geometry":{"type":"Polygon","coordinates":[[[-108.385784,54.5080864],[-108.3857459,54.5080852],[-108.385749,54.5080527],[-108.385787,54.5080539],[-108.385784,54.5080864]]]},"properties":{"building":"yes","osmId":1116076629,"osmType":"way","sourceUrl":"https://www.openstreetmap.org/way/1116076629","renderHeight":4,"heightSource":"Illustrative default"}},{"type":"Feature","id":"way/1116076630","geometry":{"type":"Polygon","coordinates":[[[-108.3857945,54.5081311],[-108.3857711,54.5081354],[-108.3857545,54.5081054],[-108.3857779,54.5081011],[-108.3857945,54.5081311]]]},"properties":{"building":"yes","osmId":1116076630,"osmType":"way","sourceUrl":"https://www.openstreetmap.org/way/1116076630","renderHeight":4,"heightSource":"Illustrative default"}},{"type":"Feature","id":"way/1116076631","geometry":{"type":"Polygon","coordinates":[[[-108.3859828,54.5082164],[-108.3859539,54.5082501],[-108.3858961,54.50823],[-108.3858417,54.5082023],[-108.3857972,54.5081655],[-108.3857791,54.5081405],[-108.3858379,54.5081268],[-108.3858615,54.508156],[-108.3859127,54.5081893],[-108.3859665,54.5082123],[-108.3859828,54.5082164]]]},"properties":{"building":"yes","osmId":1116076631,"osmType":"way","sourceUrl":"https://www.openstreetmap.org/way/1116076631","renderHeight":4,"heightSource":"Illustrative default"}},{"type":"Feature","id":"way/1116076632","geometry":{"type":"Polygon","coordinates":[[[-108.3860297,54.5082724],[-108.3860414,54.5082287],[-108.3860931,54.5082346],[-108.3861581,54.5082326],[-108.3862231,54.5082224],[-108.3862815,54.5082048],[-108.3863319,54.508179],[-108.3863707,54.508148],[-108.3863812,54.5081328],[-108.3864428,54.5081539],[-108.3864271,54.5081745],[-108.3863808,54.5082095],[-108.3863234,54.5082395],[-108.3862553,54.5082609],[-108.386183,54.5082739],[-108.3861055,54.5082778],[-108.3860297,54.5082724]]]},"properties":{"building":"yes","osmId":1116076632,"osmType":"way","sourceUrl":"https://www.openstreetmap.org/way/1116076632","renderHeight":4,"heightSource":"Illustrative default"}},{"type":"Feature","id":"way/1116076633","geometry":{"type":"Polygon","coordinates":[[[-108.3864647,54.5081194],[-108.3863978,54.5081087],[-108.3864085,54.5080748],[-108.3864056,54.5080365],[-108.3863949,54.5079989],[-108.386366,54.5079666],[-108.3863234,54.5079315],[-108.3862692,54.5079084],[-108.386253,54.5079022],[-108.3862902,54.507872],[-108.386342,54.5078897],[-108.3863905,54.5079233],[-108.3864328,54.5079613],[-108.3864629,54.508003],[-108.3864778,54.5080463],[-108.3864762,54.5080913],[-108.3864647,54.5081194]]]},"properties":{"building":"yes","osmId":1116076633,"osmType":"way","sourceUrl":"https://www.openstreetmap.org/way/1116076633","renderHeight":4,"heightSource":"Illustrative default"}},{"type":"Feature","id":"way/1116076634","geometry":{"type":"Polygon","coordinates":[[[-108.3861766,54.5079058],[-108.3861247,54.5079011],[-108.3861342,54.5078651],[-108.3861862,54.5078697],[-108.3861766,54.5079058]]]},"properties":{"building":"yes","osmId":1116076634,"osmType":"way","sourceUrl":"https://www.openstreetmap.org/way/1116076634","renderHeight":4,"heightSource":"Illustrative default"}},{"type":"Feature","id":"way/1116076635","geometry":{"type":"Polygon","coordinates":[[[-108.3832416,54.5021659],[-108.3830996,54.5021902],[-108.3830651,54.5021224],[-108.3832072,54.5020981],[-108.3832416,54.5021659]]]},"properties":{"building":"yes","osmId":1116076635,"osmType":"way","sourceUrl":"https://www.openstreetmap.org/way/1116076635","renderHeight":4,"heightSource":"Illustrative default"}},{"type":"Feature","id":"way/1116076636","geometry":{"type":"Polygon","coordinates":[[[-108.3869963,54.4965903],[-108.3870464,54.4964862],[-108.3869279,54.496467],[-108.3868778,54.496571],[-108.3869963,54.4965903]]]},"properties":{"building":"yes","osmId":1116076636,"osmType":"way","sourceUrl":"https://www.openstreetmap.org/way/1116076636","renderHeight":4,"heightSource":"Illustrative default"}},{"type":"Feature","id":"way/1116076637","geometry":{"type":"Polygon","coordinates":[[[-108.3873,54.4965006],[-108.3871438,54.4964255],[-108.3871821,54.4963986],[-108.3873383,54.4964737],[-108.3873,54.4965006]]]},"properties":{"building":"yes","osmId":1116076637,"osmType":"way","sourceUrl":"https://www.openstreetmap.org/way/1116076637","renderHeight":4,"heightSource":"Illustrative default"}},{"type":"Feature","id":"way/1116076638","geometry":{"type":"Polygon","coordinates":[[[-108.388599,54.487735],[-108.3884289,54.4877044],[-108.3884701,54.4876272],[-108.3886402,54.4876578],[-108.388599,54.487735]]]},"properties":{"building":"yes","osmId":1116076638,"osmType":"way","sourceUrl":"https://www.openstreetmap.org/way/1116076638","renderHeight":4,"heightSource":"Illustrative default"}},{"type":"Feature","id":"way/1116076639","geometry":{"type":"Polygon","coordinates":[[[-108.3872034,54.4884802],[-108.3870321,54.488426],[-108.3870977,54.488356],[-108.387269,54.4884101],[-108.3872034,54.4884802]]]},"properties":{"building":"yes","osmId":1116076639,"osmType":"way","sourceUrl":"https://www.openstreetmap.org/way/1116076639","renderHeight":4,"heightSource":"Illustrative default"}},{"type":"Feature","id":"way/1116076640","geometry":{"type":"Polygon","coordinates":[[[-108.3903636,54.4896079],[-108.3902551,54.4895683],[-108.3904003,54.4894343],[-108.3905087,54.4894739],[-108.3903636,54.4896079]]]},"properties":{"building":"yes","osmId":1116076640,"osmType":"way","sourceUrl":"https://www.openstreetmap.org/way/1116076640","renderHeight":4,"heightSource":"Illustrative default"}},{"type":"Feature","id":"way/1116076641","geometry":{"type":"Polygon","coordinates":[[[-108.3908518,54.4897143],[-108.3907707,54.4896821],[-108.3908079,54.4896505],[-108.3908889,54.4896827],[-108.3908518,54.4897143]]]},"properties":{"building":"yes","osmId":1116076641,"osmType":"way","sourceUrl":"https://www.openstreetmap.org/way/1116076641","renderHeight":4,"heightSource":"Illustrative default"}},{"type":"Feature","id":"way/1116076642","geometry":{"type":"Polygon","coordinates":[[[-108.3909077,54.4896232],[-108.3908594,54.4895959],[-108.3909103,54.4895655],[-108.3909586,54.4895929],[-108.3909077,54.4896232]]]},"properties":{"building":"yes","osmId":1116076642,"osmType":"way","sourceUrl":"https://www.openstreetmap.org/way/1116076642","renderHeight":4,"heightSource":"Illustrative default"}},{"type":"Feature","id":"way/1116076643","geometry":{"type":"Polygon","coordinates":[[[-108.387094,54.4895037],[-108.3870232,54.4894414],[-108.3871916,54.4893769],[-108.3872623,54.4894392],[-108.387094,54.4895037]]]},"properties":{"building":"yes","osmId":1116076643,"osmType":"way","sourceUrl":"https://www.openstreetmap.org/way/1116076643","renderHeight":4,"heightSource":"Illustrative default"}},{"type":"Feature","id":"way/1116078504","geometry":{"type":"Polygon","coordinates":[[[-108.3310883,54.4435455],[-108.3310442,54.4435447],[-108.3310468,54.4434978],[-108.3310909,54.4434986],[-108.3310883,54.4435455]]]},"properties":{"building":"yes","osmId":1116078504,"osmType":"way","sourceUrl":"https://www.openstreetmap.org/way/1116078504","renderHeight":4,"heightSource":"Illustrative default"}},{"type":"Feature","id":"way/1116079942","geometry":{"type":"Polygon","coordinates":[[[-108.3393709,54.3785926],[-108.3390794,54.3785126],[-108.3391096,54.3784753],[-108.3394011,54.3785553],[-108.3393709,54.3785926]]]},"properties":{"building":"yes","osmId":1116079942,"osmType":"way","sourceUrl":"https://www.openstreetmap.org/way/1116079942","renderHeight":4,"heightSource":"Illustrative default"}},{"type":"Feature","id":"way/1116079943","geometry":{"type":"Polygon","coordinates":[[[-108.3393746,54.3784703],[-108.3394219,54.3783654],[-108.3393621,54.3783562],[-108.3393147,54.3784612],[-108.3393746,54.3784703]]]},"properties":{"building":"yes","osmId":1116079943,"osmType":"way","sourceUrl":"https://www.openstreetmap.org/way/1116079943","renderHeight":4,"heightSource":"Illustrative default"}},{"type":"Feature","id":"way/1116079944","geometry":{"type":"Polygon","coordinates":[[[-108.3391936,54.3783485],[-108.3391481,54.378372],[-108.3391189,54.3783528],[-108.3391644,54.3783293],[-108.3391936,54.3783485]]]},"properties":{"building":"yes","osmId":1116079944,"osmType":"way","sourceUrl":"https://www.openstreetmap.org/way/1116079944","renderHeight":4,"heightSource":"Illustrative default"}},{"type":"Feature","id":"way/1116082417","geometry":{"type":"Polygon","coordinates":[[[-108.3313796,54.4323578],[-108.3312878,54.4323462],[-108.3313095,54.432288],[-108.3314012,54.4322995],[-108.3313796,54.4323578]]]},"properties":{"building":"yes","osmId":1116082417,"osmType":"way","sourceUrl":"https://www.openstreetmap.org/way/1116082417","renderHeight":4,"heightSource":"Illustrative default"}},{"type":"Feature","id":"way/1116082418","geometry":{"type":"Polygon","coordinates":[[[-108.3306331,54.4320543],[-108.3305947,54.4320419],[-108.3306373,54.4319973],[-108.3306757,54.4320097],[-108.3306331,54.4320543]]]},"properties":{"building":"yes","osmId":1116082418,"osmType":"way","sourceUrl":"https://www.openstreetmap.org/way/1116082418","renderHeight":4,"heightSource":"Illustrative default"}},{"type":"Feature","id":"way/1116082419","geometry":{"type":"Polygon","coordinates":[[[-108.3295157,54.4334544],[-108.3294308,54.4334151],[-108.3294679,54.433388],[-108.3295528,54.4334273],[-108.3295157,54.4334544]]]},"properties":{"building":"yes","osmId":1116082419,"osmType":"way","sourceUrl":"https://www.openstreetmap.org/way/1116082419","renderHeight":4,"heightSource":"Illustrative default"}},{"type":"Feature","id":"way/1116082420","geometry":{"type":"Polygon","coordinates":[[[-108.3293263,54.4333001],[-108.3294405,54.4332841],[-108.3294158,54.4332248],[-108.3293017,54.4332409],[-108.3293263,54.4333001]]]},"properties":{"building":"yes","osmId":1116082420,"osmType":"way","sourceUrl":"https://www.openstreetmap.org/way/1116082420","renderHeight":4,"heightSource":"Illustrative default"}},{"type":"Feature","id":"way/1116082421","geometry":{"type":"Polygon","coordinates":[[[-108.3319179,54.4141048],[-108.3318847,54.4140886],[-108.3319553,54.4140395],[-108.3319885,54.4140557],[-108.3319179,54.4141048]]]},"properties":{"building":"yes","osmId":1116082421,"osmType":"way","sourceUrl":"https://www.openstreetmap.org/way/1116082421","renderHeight":4,"heightSource":"Illustrative default"}},{"type":"Feature","id":"way/1116082422","geometry":{"type":"Polygon","coordinates":[[[-108.3318454,54.4139773],[-108.3317381,54.4140265],[-108.3317033,54.4140007],[-108.3318106,54.4139516],[-108.3318454,54.4139773]]]},"properties":{"building":"yes","osmId":1116082422,"osmType":"way","sourceUrl":"https://www.openstreetmap.org/way/1116082422","renderHeight":4,"heightSource":"Illustrative default"}},{"type":"Feature","id":"way/1116082423","geometry":{"type":"Polygon","coordinates":[[[-108.3314445,54.4138343],[-108.3313321,54.4138047],[-108.3314146,54.4136984],[-108.3314984,54.4137204],[-108.3314708,54.4137559],[-108.3314995,54.4137634],[-108.3314445,54.4138343]]]},"properties":{"building":"yes","osmId":1116082423,"osmType":"way","sourceUrl":"https://www.openstreetmap.org/way/1116082423","renderHeight":4,"heightSource":"Illustrative default"}},{"type":"Feature","id":"way/1116082424","geometry":{"type":"Polygon","coordinates":[[[-108.3310518,54.4137512],[-108.3309911,54.4137159],[-108.331037,54.4136891],[-108.3310978,54.4137245],[-108.3310518,54.4137512]]]},"properties":{"building":"yes","osmId":1116082424,"osmType":"way","sourceUrl":"https://www.openstreetmap.org/way/1116082424","renderHeight":4,"heightSource":"Illustrative default"}},{"type":"Feature","id":"way/1116082425","geometry":{"type":"Polygon","coordinates":[[[-108.3524965,54.426465],[-108.3523963,54.42645],[-108.3524253,54.4263844],[-108.3525254,54.4263994],[-108.3524965,54.426465]]]},"properties":{"building":"yes","osmId":1116082425,"osmType":"way","sourceUrl":"https://www.openstreetmap.org/way/1116082425","renderHeight":4,"heightSource":"Illustrative default"}},{"type":"Feature","id":"way/1116082426","geometry":{"type":"Polygon","coordinates":[[[-108.3333585,54.4254736],[-108.3331891,54.4254629],[-108.3332076,54.4253637],[-108.333377,54.4253744],[-108.3333585,54.4254736]]]},"properties":{"building":"yes","osmId":1116082426,"osmType":"way","sourceUrl":"https://www.openstreetmap.org/way/1116082426","renderHeight":4,"heightSource":"Illustrative default"}},{"type":"Feature","id":"way/1116082427","geometry":{"type":"Polygon","coordinates":[[[-108.3332766,54.4255148],[-108.3332271,54.4255202],[-108.3332204,54.4254994],[-108.3332699,54.425494],[-108.3332766,54.4255148]]]},"properties":{"building":"yes","osmId":1116082427,"osmType":"way","sourceUrl":"https://www.openstreetmap.org/way/1116082427","renderHeight":4,"heightSource":"Illustrative default"}},{"type":"Feature","id":"way/1116092861","geometry":{"type":"Polygon","coordinates":[[[-108.4779847,54.3864854],[-108.4778989,54.3864869],[-108.4778964,54.3864369],[-108.4779822,54.3864354],[-108.4779847,54.3864854]]]},"properties":{"building":"yes","osmId":1116092861,"osmType":"way","sourceUrl":"https://www.openstreetmap.org/way/1116092861","renderHeight":4,"heightSource":"Illustrative default"}},{"type":"Feature","id":"way/1116095453","geometry":{"type":"Polygon","coordinates":[[[-108.2841468,54.5022898],[-108.2841008,54.50218],[-108.2840306,54.50219],[-108.2840765,54.5022998],[-108.2841468,54.5022898]]]},"properties":{"building":"yes","osmId":1116095453,"osmType":"way","sourceUrl":"https://www.openstreetmap.org/way/1116095453","renderHeight":4,"heightSource":"Illustrative default"}},{"type":"Feature","id":"way/1116095454","geometry":{"type":"Polygon","coordinates":[[[-108.2845295,54.5020714],[-108.2845271,54.5020403],[-108.2844803,54.5020416],[-108.2844827,54.5020727],[-108.2845295,54.5020714]]]},"properties":{"building":"yes","osmId":1116095454,"osmType":"way","sourceUrl":"https://www.openstreetmap.org/way/1116095454","renderHeight":4,"heightSource":"Illustrative default"}},{"type":"Feature","id":"way/1116095455","geometry":{"type":"Polygon","coordinates":[[[-108.2807151,54.5026012],[-108.2807572,54.5025804],[-108.2807137,54.5025507],[-108.2806716,54.5025715],[-108.2807151,54.5026012]]]},"properties":{"building":"yes","osmId":1116095455,"osmType":"way","sourceUrl":"https://www.openstreetmap.org/way/1116095455","renderHeight":4,"heightSource":"Illustrative default"}},{"type":"Feature","id":"way/1116135727","geometry":{"type":"Polygon","coordinates":[[[-108.3983731,54.5123053],[-108.3984197,54.5122295],[-108.3986231,54.5122716],[-108.3985764,54.5123475],[-108.3983731,54.5123053]]]},"properties":{"building":"yes","osmId":1116135727,"osmType":"way","sourceUrl":"https://www.openstreetmap.org/way/1116135727","renderHeight":4,"heightSource":"Illustrative default"}},{"type":"Feature","id":"way/1116166842","geometry":{"type":"Polygon","coordinates":[[[-108.4044541,54.3316922],[-108.4041982,54.3316572],[-108.4041591,54.3317542],[-108.404415,54.3317892],[-108.4044541,54.3316922]]]},"properties":{"building":"yes","osmId":1116166842,"osmType":"way","sourceUrl":"https://www.openstreetmap.org/way/1116166842","renderHeight":4,"heightSource":"Illustrative default"}},{"type":"Feature","id":"way/1116166843","geometry":{"type":"Polygon","coordinates":[[[-108.405436,54.3321146],[-108.4053221,54.3320125],[-108.4050683,54.3321088],[-108.4051822,54.3322109],[-108.405436,54.3321146]]]},"properties":{"building":"yes","osmId":1116166843,"osmType":"way","sourceUrl":"https://www.openstreetmap.org/way/1116166843","renderHeight":4,"heightSource":"Illustrative default"}},{"type":"Feature","id":"way/1116166844","geometry":{"type":"Polygon","coordinates":[[[-108.4043055,54.3325574],[-108.404274,54.3325264],[-108.4040317,54.33261],[-108.4040632,54.332641],[-108.4043055,54.3325574]]]},"properties":{"building":"yes","osmId":1116166844,"osmType":"way","sourceUrl":"https://www.openstreetmap.org/way/1116166844","renderHeight":4,"heightSource":"Illustrative default"}},{"type":"Feature","id":"way/1116166845","geometry":{"type":"Polygon","coordinates":[[[-108.4036047,54.3328351],[-108.4035547,54.332782],[-108.4034407,54.3328186],[-108.4034908,54.3328717],[-108.4036047,54.3328351]]]},"properties":{"building":"yes","osmId":1116166845,"osmType":"way","sourceUrl":"https://www.openstreetmap.org/way/1116166845","renderHeight":4,"heightSource":"Illustrative default"}},{"type":"Feature","id":"way/1116362726","geometry":{"type":"Polygon","coordinates":[[[-108.3872878,54.3121633],[-108.3874251,54.3121375],[-108.3873349,54.3119741],[-108.3871975,54.3119999],[-108.3872878,54.3121633]]]},"properties":{"building":"yes","osmId":1116362726,"osmType":"way","sourceUrl":"https://www.openstreetmap.org/way/1116362726","renderHeight":4,"heightSource":"Illustrative default"}},{"type":"Feature","id":"way/1116362727","geometry":{"type":"Polygon","coordinates":[[[-108.3993809,54.311284],[-108.3995572,54.3112925],[-108.3995683,54.3112142],[-108.399392,54.3112057],[-108.3993809,54.311284]]]},"properties":{"building":"yes","osmId":1116362727,"osmType":"way","sourceUrl":"https://www.openstreetmap.org/way/1116362727","renderHeight":4,"heightSource":"Illustrative default"}},{"type":"Feature","id":"way/1116362728","geometry":{"type":"Polygon","coordinates":[[[-108.399652,54.311289],[-108.3997995,54.3112966],[-108.3998226,54.311145],[-108.3996751,54.3111374],[-108.399652,54.311289]]]},"properties":{"building":"yes","osmId":1116362728,"osmType":"way","sourceUrl":"https://www.openstreetmap.org/way/1116362728","renderHeight":4,"heightSource":"Illustrative default"}},{"type":"Feature","id":"way/1116362730","geometry":{"type":"Polygon","coordinates":[[[-108.4024596,54.3110593],[-108.4025064,54.3109654],[-108.4027289,54.3110031],[-108.4026822,54.311097],[-108.4024596,54.3110593]]]},"properties":{"building":"yes","osmId":1116362730,"osmType":"way","sourceUrl":"https://www.openstreetmap.org/way/1116362730","renderHeight":4,"heightSource":"Illustrative default"}},{"type":"Feature","id":"way/1122149071","geometry":{"type":"Polygon","coordinates":[[[-108.4144592,54.503473],[-108.4143358,54.5034839],[-108.4143172,54.5034129],[-108.4144406,54.503402],[-108.4144592,54.503473]]]},"properties":{"building":"yes","osmId":1122149071,"osmType":"way","sourceUrl":"https://www.openstreetmap.org/way/1122149071","renderHeight":4,"heightSource":"Illustrative default"}},{"type":"Feature","id":"way/1122494437","geometry":{"type":"Polygon","coordinates":[[[-108.3676104,54.4370951],[-108.3675125,54.4371263],[-108.3674677,54.4370787],[-108.3675656,54.4370475],[-108.3676104,54.4370951]]]},"properties":{"building":"yes","osmId":1122494437,"osmType":"way","sourceUrl":"https://www.openstreetmap.org/way/1122494437","renderHeight":4,"heightSource":"Illustrative default"}},{"type":"Feature","id":"way/1122494438","geometry":{"type":"Polygon","coordinates":[[[-108.3398066,54.4367558],[-108.3397973,54.4368096],[-108.339653,54.4368011],[-108.3396623,54.4367473],[-108.3398066,54.4367558]]]},"properties":{"building":"yes","osmId":1122494438,"osmType":"way","sourceUrl":"https://www.openstreetmap.org/way/1122494438","renderHeight":4,"heightSource":"Illustrative default"}},{"type":"Feature","id":"way/1122494439","geometry":{"type":"Polygon","coordinates":[[[-108.3364291,54.4362761],[-108.3363379,54.4362929],[-108.3363031,54.4362289],[-108.3363943,54.4362122],[-108.3364291,54.4362761]]]},"properties":{"building":"yes","osmId":1122494439,"osmType":"way","sourceUrl":"https://www.openstreetmap.org/way/1122494439","renderHeight":4,"heightSource":"Illustrative default"}},{"type":"Feature","id":"way/1122494440","geometry":{"type":"Polygon","coordinates":[[[-108.3354188,54.4367333],[-108.3352879,54.4367473],[-108.3352574,54.4366507],[-108.3353883,54.4366367],[-108.3354188,54.4367333]]]},"properties":{"building":"yes","osmId":1122494440,"osmType":"way","sourceUrl":"https://www.openstreetmap.org/way/1122494440","renderHeight":4,"heightSource":"Illustrative default"}},{"type":"Feature","id":"way/1122494861","geometry":{"type":"Polygon","coordinates":[[[-108.4189895,54.4451492],[-108.4189627,54.4451827],[-108.4188995,54.4451656],[-108.4189263,54.4451321],[-108.4189895,54.4451492]]]},"properties":{"building":"yes","osmId":1122494861,"osmType":"way","sourceUrl":"https://www.openstreetmap.org/way/1122494861","renderHeight":4,"heightSource":"Illustrative default"}},{"type":"Feature","id":"way/1122494862","geometry":{"type":"Polygon","coordinates":[[[-108.4123141,54.4398784],[-108.4122524,54.4399127],[-108.4121992,54.4398803],[-108.4122609,54.439846],[-108.4123141,54.4398784]]]},"properties":{"building":"yes","osmId":1122494862,"osmType":"way","sourceUrl":"https://www.openstreetmap.org/way/1122494862","renderHeight":4,"heightSource":"Illustrative default"}},{"type":"Feature","id":"way/1122494863","geometry":{"type":"Polygon","coordinates":[[[-108.4131309,54.4403785],[-108.4131061,54.440365],[-108.4131345,54.4403473],[-108.4131594,54.4403607],[-108.4131309,54.4403785]]]},"properties":{"building":"yes","osmId":1122494863,"osmType":"way","sourceUrl":"https://www.openstreetmap.org/way/1122494863","renderHeight":4,"heightSource":"Illustrative default"}},{"type":"Feature","id":"way/1122494864","geometry":{"type":"Polygon","coordinates":[[[-108.3907009,54.448273],[-108.3906525,54.4482641],[-108.3906686,54.4482345],[-108.390717,54.4482434],[-108.3907009,54.448273]]]},"properties":{"building":"yes","osmId":1122494864,"osmType":"way","sourceUrl":"https://www.openstreetmap.org/way/1122494864","renderHeight":4,"heightSource":"Illustrative default"}},{"type":"Feature","id":"way/1122494865","geometry":{"type":"Polygon","coordinates":[[[-108.3906493,54.448374],[-108.3905958,54.4483648],[-108.3906306,54.4482965],[-108.3906841,54.4483058],[-108.3906493,54.448374]]]},"properties":{"building":"yes","osmId":1122494865,"osmType":"way","sourceUrl":"https://www.openstreetmap.org/way/1122494865","renderHeight":4,"heightSource":"Illustrative default"}},{"type":"Feature","id":"way/1122494866","geometry":{"type":"Polygon","coordinates":[[[-108.3982755,54.4498477],[-108.3981889,54.4498232],[-108.3982179,54.4497887],[-108.3983044,54.4498133],[-108.3982755,54.4498477]]]},"properties":{"building":"yes","osmId":1122494866,"osmType":"way","sourceUrl":"https://www.openstreetmap.org/way/1122494866","renderHeight":4,"heightSource":"Illustrative default"}},{"type":"Feature","id":"way/1122494867","geometry":{"type":"Polygon","coordinates":[[[-108.3991763,54.4501253],[-108.3990761,54.4501509],[-108.3990108,54.4500643],[-108.3991111,54.4500387],[-108.3991763,54.4501253]]]},"properties":{"building":"yes","osmId":1122494867,"osmType":"way","sourceUrl":"https://www.openstreetmap.org/way/1122494867","renderHeight":4,"heightSource":"Illustrative default"}},{"type":"Feature","id":"way/1123377226","geometry":{"type":"Polygon","coordinates":[[[-108.3993316,54.3227677],[-108.3990298,54.3227614],[-108.3990334,54.3227026],[-108.3990365,54.322641],[-108.3991945,54.3226442],[-108.3991929,54.3226704],[-108.3993373,54.3226734],[-108.3993316,54.3227677]]]},"properties":{"building":"yes","osmId":1123377226,"osmType":"way","sourceUrl":"https://www.openstreetmap.org/way/1123377226","renderHeight":4,"heightSource":"Illustrative default"}},{"type":"Feature","id":"way/1123377227","geometry":{"type":"Polygon","coordinates":[[[-108.4028701,54.3327464],[-108.4028491,54.3327594],[-108.4027655,54.3327136],[-108.4027865,54.3327005],[-108.4028701,54.3327464]]]},"properties":{"building":"yes","osmId":1123377227,"osmType":"way","sourceUrl":"https://www.openstreetmap.org/way/1123377227","renderHeight":4,"heightSource":"Illustrative default"}},{"type":"Feature","id":"way/1123377228","geometry":{"type":"Polygon","coordinates":[[[-108.402912,54.3327218],[-108.4028908,54.3327349],[-108.4027893,54.3326792],[-108.4028104,54.3326661],[-108.402912,54.3327218]]]},"properties":{"building":"yes","osmId":1123377228,"osmType":"way","sourceUrl":"https://www.openstreetmap.org/way/1123377228","renderHeight":4,"heightSource":"Illustrative default"}},{"type":"Feature","id":"way/1123377229","geometry":{"type":"Polygon","coordinates":[[[-108.4027568,54.3327378],[-108.4027871,54.3327552],[-108.4027422,54.3327818],[-108.4027118,54.3327644],[-108.4027568,54.3327378]]]},"properties":{"building":"yes","osmId":1123377229,"osmType":"way","sourceUrl":"https://www.openstreetmap.org/way/1123377229","renderHeight":4,"heightSource":"Illustrative default"}},{"type":"Feature","id":"way/1123377230","geometry":{"type":"Polygon","coordinates":[[[-108.402801,54.3327597],[-108.4028424,54.3327826],[-108.4027908,54.3328143],[-108.4027494,54.3327914],[-108.402801,54.3327597]]]},"properties":{"building":"yes","osmId":1123377230,"osmType":"way","sourceUrl":"https://www.openstreetmap.org/way/1123377230","renderHeight":4,"heightSource":"Illustrative default"}},{"type":"Feature","id":"way/1123377231","geometry":{"type":"Polygon","coordinates":[[[-108.4028526,54.3327976],[-108.4028307,54.3328013],[-108.4028168,54.3328118],[-108.402816,54.3328251],[-108.4028288,54.3328361],[-108.4028503,54.3328406],[-108.4028722,54.3328369],[-108.4028862,54.3328264],[-108.4028869,54.3328131],[-108.4028741,54.3328021],[-108.4028526,54.3327976]]]},"properties":{"building":"yes","osmId":1123377231,"osmType":"way","sourceUrl":"https://www.openstreetmap.org/way/1123377231","renderHeight":4,"heightSource":"Illustrative default"}},{"type":"Feature","id":"way/1123377232","geometry":{"type":"Polygon","coordinates":[[[-108.4028,54.3328529],[-108.4027793,54.3328573],[-108.402767,54.3328679],[-108.4027677,54.3328807],[-108.4027812,54.3328908],[-108.4028023,54.3328944],[-108.402823,54.33289],[-108.4028353,54.3328794],[-108.4028346,54.3328666],[-108.4028211,54.3328565],[-108.4028,54.3328529]]]},"properties":{"building":"yes","osmId":1123377232,"osmType":"way","sourceUrl":"https://www.openstreetmap.org/way/1123377232","renderHeight":4,"heightSource":"Illustrative default"}},{"type":"Feature","id":"way/1123377233","geometry":{"type":"Polygon","coordinates":[[[-108.4050299,54.3323933],[-108.4049442,54.3324235],[-108.4048893,54.3323703],[-108.4049749,54.3323402],[-108.4050299,54.3323933]]]},"properties":{"building":"yes","osmId":1123377233,"osmType":"way","sourceUrl":"https://www.openstreetmap.org/way/1123377233","renderHeight":4,"heightSource":"Illustrative default"}},{"type":"Feature","id":"way/1123377234","geometry":{"type":"Polygon","coordinates":[[[-108.4049253,54.3324637],[-108.4048428,54.3324927],[-108.4047636,54.3324161],[-108.4048462,54.3323871],[-108.4049253,54.3324637]]]},"properties":{"building":"yes","osmId":1123377234,"osmType":"way","sourceUrl":"https://www.openstreetmap.org/way/1123377234","renderHeight":4,"heightSource":"Illustrative default"}},{"type":"Feature","id":"way/1123385159","geometry":{"type":"Polygon","coordinates":[[[-108.2849454,54.3145159],[-108.2848884,54.3145354],[-108.2848414,54.3144888],[-108.2848984,54.3144693],[-108.2849454,54.3145159]]]},"properties":{"building":"yes","osmId":1123385159,"osmType":"way","sourceUrl":"https://www.openstreetmap.org/way/1123385159","renderHeight":4,"heightSource":"Illustrative default"}}]}
