{"type":"FeatureCollection","features":[{"type":"Feature","id":"way/233568793","geometry":{"type":"LineString","coordinates":[[-108.3274913,54.5025082],[-108.327317,54.5041436],[-108.3273653,54.5046139],[-108.3274726,54.5054611],[-108.3308951,54.5074233],[-108.3321772,54.5083577],[-108.3326439,54.5093419],[-108.3316622,54.5113631],[-108.3308468,54.5134558],[-108.3317105,54.5152184],[-108.3324615,54.5178029],[-108.3322254,54.5194096],[-108.331174,54.520381],[-108.3277354,54.5221059],[-108.3260617,54.5237249],[-108.3225588,54.5280304],[-108.3194528,54.529923],[-108.3172587,54.531688],[-108.312758,54.5336956],[-108.3085684,54.5364968],[-108.3043573,54.538968],[-108.3035151,54.5396402],[-108.3033595,54.540745],[-108.3025495,54.541663],[-108.3007739,54.5425499],[-108.2992879,54.5432687],[-108.2983331,54.5443859],[-108.2981346,54.5452354],[-108.2987193,54.5462933],[-108.2988588,54.5472144],[-108.2973192,54.548739],[-108.2953665,54.5511876],[-108.290796,54.5540094],[-108.2891009,54.5554311],[-108.2886825,54.5567843],[-108.2857374,54.5579135],[-108.2826904,54.5588561],[-108.2777015,54.5600972],[-108.2726214,54.5607255],[-108.2697461,54.5617582],[-108.2675467,54.5619355],[-108.2648215,54.5616711],[-108.262767,54.5620879],[-108.2588778,54.5623678],[-108.2529662,54.5619697],[-108.251035,54.5624736],[-108.2486264,54.5651453],[-108.2457993,54.5674592],[-108.2429401,54.5691417],[-108.2396463,54.5704136],[-108.2358215,54.5709049],[-108.2332895,54.5703856],[-108.2310418,54.5699782],[-108.2256452,54.5694215],[-108.2219169,54.5695895],[-108.218371,54.5692878],[-108.2157049,54.5686285],[-108.2131354,54.5684264],[-108.2114939,54.5686565],[-108.2080982,54.5698258],[-108.2037905,54.5711288],[-108.1986353,54.5720431],[-108.1956313,54.5732309],[-108.1924716,54.5738342],[-108.1902561,54.573943],[-108.1879467,54.573887],[-108.1842184,54.5736538],[-108.1818581,54.5740891],[-108.1783819,54.5751463],[-108.1753135,54.5749846],[-108.171022,54.5743379],[-108.1674814,54.5743752],[-108.1638766,54.5745244],[-108.1598425,54.5738777],[-108.1582546,54.5730567],[-108.1552077,54.5717383],[-108.1525254,54.5708924],[-108.1503582,54.5701461],[-108.1482125,54.5696734],[-108.1463671,54.5698849],[-108.1459379,54.5709546],[-108.1446934,54.5718751],[-108.1431699,54.572099],[-108.1420756,54.5718378],[-108.1391573,54.5717756],[-108.1368828,54.5725343],[-108.1353379,54.5734299],[-108.1331492,54.5743627],[-108.1305742,54.5745369],[-108.1281066,54.5749473],[-108.1244803,54.5760045],[-108.1220126,54.5767383],[-108.120296,54.5776586],[-108.118279,54.5788526],[-108.1160259,54.5798972],[-108.1137514,54.5805314],[-108.1130219,54.5814641],[-108.1130862,54.5826579],[-108.1144595,54.5842123],[-108.1134081,54.5853439],[-108.1113053,54.5864754],[-108.1088591,54.5873831],[-108.1047392,54.5888005],[-108.1019926,54.5901309],[-108.0994392,54.5917596],[-108.0987311,54.5929904],[-108.099525,54.5946314],[-108.1004048,54.5954021],[-108.1008983,54.5967571],[-108.1000185,54.5975403],[-108.0980873,54.597764],[-108.0961776,54.5981991],[-108.0946541,54.5985099],[-108.0930877,54.5991065],[-108.0929804,54.5998524],[-108.0935598,54.600275],[-108.0941606,54.600971],[-108.0945683,54.6028479],[-108.0930019,54.6045631],[-108.0918002,54.6053709],[-108.0906201,54.6055076],[-108.0894828,54.6058184],[-108.0884099,54.6066635],[-108.0885387,54.6076701],[-108.0881524,54.6085898],[-108.0869293,54.6090744],[-108.0855775,54.6089253],[-108.084054,54.6086519],[-108.0827022,54.6088383],[-108.0820799,54.6092857],[-108.0821228,54.6097828],[-108.0832386,54.6102301],[-108.0846334,54.6122184],[-108.0856419,54.6128149],[-108.0865431,54.612877],[-108.0871225,54.6125415],[-108.0880237,54.6124048],[-108.0887103,54.6125912],[-108.0888605,54.6129018],[-108.0882597,54.613374],[-108.0867577,54.6137219],[-108.0847407,54.6144426],[-108.083539,54.6157722],[-108.082037,54.6169898],[-108.080256,54.6173501],[-108.0794835,54.6178471],[-108.0805564,54.6194374],[-108.0813074,54.620978],[-108.0806637,54.6227545],[-108.0789256,54.6240341],[-108.0769515,54.6243198],[-108.0760718,54.624767],[-108.0708361,54.6266055],[-108.0700207,54.6276241],[-108.0713511,54.6295742],[-108.0712867,54.6305803],[-108.0699134,54.6314001],[-108.0684972,54.6326297],[-108.0685401,54.6333252],[-108.0695701,54.6335115],[-108.070643,54.6339462],[-108.0712867,54.6348156],[-108.0717373,54.6360078],[-108.0728531,54.6367157],[-108.0743337,54.6374732],[-108.075428,54.6396961],[-108.0760074,54.6416332],[-108.0750847,54.6426018],[-108.0728317,54.6435454],[-108.071158,54.6433468],[-108.0707503,54.6426142],[-108.0706215,54.6414966],[-108.0697632,54.6408758],[-108.0686259,54.6408758],[-108.0677462,54.6413725],[-108.0680251,54.6422789],[-108.0691838,54.6431357],[-108.0706644,54.6447871],[-108.0726385,54.645917],[-108.0748272,54.6463764],[-108.0771876,54.6472082],[-108.0775094,54.6479159],[-108.0771017,54.6482511],[-108.0762434,54.6479035],[-108.0756855,54.647978],[-108.0748272,54.6496044],[-108.073175,54.6504982],[-108.070364,54.6519135],[-108.0693448,54.6526894],[-108.0687547,54.6538873],[-108.0695057,54.6546693],[-108.0703855,54.6549424],[-108.0712867,54.65529],[-108.0695057,54.6559106],[-108.0680251,54.6569905],[-108.0656862,54.658058],[-108.0623389,54.6587903],[-108.0590987,54.6593613],[-108.058219,54.6600936],[-108.0581975,54.6606273],[-108.0593562,54.6613595],[-108.0596781,54.6619677],[-108.0598283,54.6628861],[-108.0589915,54.663668],[-108.0571032,54.6636556],[-108.055687,54.6628861],[-108.0553222,54.6621911],[-108.0541849,54.6621911],[-108.0538845,54.6639534],[-108.0534339,54.6656784],[-108.0517173,54.6672297],[-108.0506444,54.6692027],[-108.0496574,54.6701706],[-108.0468035,54.670729],[-108.0446363,54.6708655],[-108.0428124,54.6730245],[-108.0423403,54.6744017],[-108.0418253,54.6756921],[-108.0406022,54.6764985],[-108.0392075,54.6762752],[-108.0390144,54.6755928],[-108.0396152,54.6746375],[-108.0387354,54.6743397],[-108.03792,54.6748856],[-108.0367828,54.676238],[-108.0362892,54.6779128],[-108.0343795,54.6793643],[-108.0342078,54.6801707],[-108.0338645,54.6805181],[-108.0320406,54.6804188],[-108.0290795,54.6802327],[-108.026762,54.6805181],[-108.0221057,54.6806297],[-108.0193377,54.680456],[-108.0185437,54.6808034],[-108.0177069,54.6819943],[-108.015647,54.683793],[-108.0135012,54.6851698],[-108.0108404,54.6868939],[-108.0092097,54.6883823],[-108.0082226,54.6892878],[-108.0074716,54.6891513],[-108.0068279,54.6881715],[-108.0057979,54.6877126],[-108.0046821,54.68708],[-108.0033088,54.6851946],[-108.0026865,54.6846489],[-108.0014634,54.6843139],[-107.9999614,54.6844876],[-107.9972148,54.6838674],[-107.9963136,54.6832099],[-107.9934168,54.6828502],[-107.9925156,54.6829619],[-107.9912067,54.6826517],[-107.9891682,54.6825153],[-107.9861212,54.6815105],[-107.9836107,54.6812748],[-107.9810786,54.6802327],[-107.9793406,54.6792775],[-107.9766798,54.6788309],[-107.9756499,54.679017],[-107.973826,54.6791907],[-107.972045,54.6796],[-107.9691267,54.6793147],[-107.9660368,54.6796125],[-107.9640627,54.6802327],[-107.9595566,54.6793147],[-107.9590416,54.6776523],[-107.9565096,54.6767094],[-107.9525614,54.6762876],[-107.9496003,54.6771809],[-107.9467249,54.6787192],[-107.9450974,54.6789296],[-107.9437208,54.6787812],[-107.9420042,54.6772553],[-107.9410601,54.6758658],[-107.9418755,54.6734339],[-107.9412747,54.6712253],[-107.9424334,54.6701334],[-107.942133,54.6693889],[-107.9398156,54.6687932],[-107.9372836,54.6689173],[-107.9356957,54.6684458],[-107.9326058,54.6666092],[-107.9311037,54.6650455],[-107.92987,54.6643134],[-107.9270735,54.6643137],[-107.9258895,54.6640155],[-107.9239369,54.662973],[-107.9230555,54.6633061],[-107.9217696,54.6637921],[-107.920847,54.6637176],[-107.9197741,54.6637673],[-107.9173923,54.6635191],[-107.9161478,54.6634818],[-107.915504,54.6639907],[-107.9149461,54.6642016],[-107.9140019,54.6637548],[-107.9135299,54.6623276],[-107.9120278,54.6602922],[-107.9096246,54.6588772],[-107.9085088,54.6588773],[-107.9070711,54.6594109],[-107.9039383,54.6598453],[-107.9024792,54.6596716],[-107.9014707,54.6589517],[-107.898767,54.657487],[-107.8938318,54.6560844],[-107.8899908,54.6548431],[-107.8872657,54.6532418],[-107.8848839,54.6522859],[-107.8835329,54.6520349],[-107.8819871,54.6520996],[-107.8802061,54.6527576],[-107.8760648,54.6522114],[-107.8748632,54.6517583],[-107.8735328,54.6510072],[-107.8726638,54.6505727],[-107.8713656,54.6502872],[-107.8681469,54.6500389],[-107.8664089,54.6492319],[-107.8653145,54.6493809],[-107.8625035,54.6490705],[-107.8604136,54.6492753],[-107.8591562,54.6497906],[-107.8559972,54.6497749],[-107.8541565,54.6497658],[-107.8507877,54.6501506],[-107.8496289,54.6498154],[-107.8460026,54.6494926],[-107.845185,54.6487493],[-107.8440821,54.648582],[-107.8414024,54.6473318],[-107.839177,54.6466261],[-107.8382656,54.6461156],[-107.8369999,54.6451065],[-107.835926,54.6438145],[-107.8335609,54.6428109],[-107.832339,54.642786],[-107.8309515,54.6430273],[-107.8301603,54.643852],[-107.8289727,54.6444373],[-107.8279539,54.6446235],[-107.8256603,54.6456568],[-107.8247124,54.6459864],[-107.8211506,54.6459538],[-107.8187713,54.644865],[-107.8170918,54.6440821],[-107.8151318,54.6438597],[-107.8115091,54.6442711],[-107.80885,54.6441811],[-107.8075126,54.6440281],[-107.8071723,54.6437947],[-107.8066729,54.6434522],[-107.8053666,54.6430833],[-107.8038893,54.6433173],[-107.8028941,54.6442891],[-107.8026414,54.6445096],[-107.8019455,54.6451169],[-107.8011835,54.6455489],[-107.7986176,54.644973],[-107.7956008,54.6439472],[-107.7936725,54.6428043],[-107.7922885,54.6419674],[-107.7914332,54.6417965],[-107.7904691,54.6421474],[-107.7893183,54.6420934],[-107.788152,54.6418505],[-107.7850885,54.6419764],[-107.7826937,54.6426064],[-107.7821028,54.6426514],[-107.7812786,54.6425614],[-107.7810143,54.6421114],[-107.7814808,54.6407166],[-107.7815274,54.6400596],[-107.7813719,54.6396007],[-107.7807188,54.6392227],[-107.7797391,54.6388177],[-107.7786817,54.6386737],[-107.7772795,54.6381485]]},"properties":{"name":"Waterhen River","source:name":"canvec","waterway":"river","osmId":233568793,"osmType":"way","sourceUrl":"https://www.openstreetmap.org/way/233568793"}},{"type":"Feature","id":"way/241708187","geometry":{"type":"LineString","coordinates":[[-108.4888672,54.4215625],[-108.490585,54.421528],[-108.4920462,54.4220105],[-108.4923423,54.4230099],[-108.4924608,54.4239634],[-108.4930137,54.4248479],[-108.49485,54.4253648],[-108.4975945,54.4253419],[-108.5,54.4253655],[-108.5013066,54.4251006],[-108.5034588,54.4245148],[-108.5092046,54.4241472],[-108.5107447,54.4245722],[-108.5116728,54.4251925],[-108.5121466,54.4261345],[-108.5127785,54.4267088],[-108.5142594,54.4274554],[-108.5156072,54.4282969],[-108.5167078,54.4284547],[-108.517695,54.4284088],[-108.5187613,54.4280297],[-108.5195116,54.4279608],[-108.5204791,54.428225],[-108.5215848,54.4285007],[-108.5228485,54.4285466],[-108.5235396,54.4284547],[-108.5242701,54.4281101],[-108.5249415,54.4279493],[-108.5254746,54.4279838],[-108.5260669,54.4281676],[-108.5264223,54.4282135],[-108.526758,54.4280757],[-108.5274491,54.4277081],[-108.5282586,54.427398],[-108.5292064,54.4273291],[-108.529858,54.4274324],[-108.5302529,54.4274554],[-108.530628,54.4274095],[-108.5309637,54.4271453],[-108.5311612,54.4267088],[-108.5312204,54.4263872],[-108.5314771,54.4263527],[-108.531714,54.4263757],[-108.5319707,54.426548],[-108.5319707,54.4277885],[-108.5317733,54.4288682],[-108.5318522,54.4291094],[-108.5321682,54.4292128],[-108.5328,54.4292128],[-108.5332344,54.4294195],[-108.5333924,54.4296722],[-108.5332541,54.4298445],[-108.5333726,54.4299823],[-108.533807,54.4299134],[-108.5343006,54.4297871],[-108.534656,54.4295803],[-108.5352681,54.4293736],[-108.535663,54.4291324],[-108.5358407,54.4291209],[-108.5359592,54.4292932],[-108.5362751,54.4295114],[-108.5360974,54.4296263],[-108.5355841,54.4296607],[-108.5350904,54.4296492],[-108.5350509,54.4297756],[-108.5356433,54.4299134],[-108.5363146,54.4300398],[-108.5371044,54.4299938],[-108.5372821,54.4301891],[-108.5376968,54.4305796],[-108.5378547,54.4305107],[-108.5379535,54.4302695],[-108.5380325,54.4299249],[-108.5384274,54.4297411],[-108.5387038,54.4297067],[-108.5387038,54.4298445],[-108.5385853,54.430258],[-108.5387038,54.4304877],[-108.5390197,54.4304303],[-108.5395331,54.4302235],[-108.5400267,54.4299938],[-108.5402242,54.4300627],[-108.5402242,54.4301776],[-108.5400465,54.4303499],[-108.5396318,54.4307863],[-108.5396713,54.4312228],[-108.5395133,54.431395],[-108.5393356,54.4316477],[-108.5392764,54.4318774],[-108.5394344,54.4320612],[-108.5394936,54.4324287],[-108.5393554,54.4327158],[-108.5390592,54.4329111],[-108.5387433,54.43298],[-108.538763,54.4331637],[-108.5390789,54.4332556],[-108.5393554,54.433313],[-108.5393949,54.4334509],[-108.5392961,54.4337495],[-108.5391579,54.4340481],[-108.5392764,54.4344156],[-108.5395133,54.4345534],[-108.5393949,54.4346108],[-108.5391184,54.4346567],[-108.5380522,54.4347486],[-108.5374796,54.434852],[-108.5370847,54.4350587],[-108.5364331,54.4350817],[-108.5362554,54.4352654],[-108.5366898,54.4353802],[-108.5370452,54.435518],[-108.5368477,54.435587],[-108.5365713,54.4357822],[-108.5367293,54.435897],[-108.5371242,54.4358741],[-108.5372426,54.4359315],[-108.5370452,54.4361382],[-108.5367095,54.4362301],[-108.5362357,54.436276],[-108.5360974,54.4364597],[-108.5361369,54.436609],[-108.5360974,54.4367468],[-108.5358407,54.4367583],[-108.5355446,54.4369191],[-108.5352484,54.4375392],[-108.5351892,54.438056],[-108.5350312,54.4383086],[-108.5344981,54.4385383],[-108.5341822,54.4386761],[-108.5337675,54.4388598],[-108.5335898,54.4390206],[-108.5336885,54.4395143],[-108.5335306,54.4397325],[-108.5334121,54.4399047],[-108.5335503,54.4399966],[-108.533965,54.4399392],[-108.5342019,54.4397555],[-108.5344388,54.4395373],[-108.5345771,54.4395373],[-108.5346758,54.4397325],[-108.534814,54.4399966],[-108.5348535,54.4401574],[-108.534656,54.440387],[-108.5344191,54.44072],[-108.5344783,54.4409037],[-108.5346363,54.4411908],[-108.534893,54.4415582],[-108.5352681,54.4419257],[-108.5357618,54.4421094],[-108.5359,54.4425457],[-108.5358802,54.4427409],[-108.5363344,54.442982],[-108.5365516,54.4431772],[-108.5365318,54.4433609],[-108.5362554,54.4434184],[-108.5358013,54.4433839],[-108.5353866,54.4434069],[-108.5352287,54.4435217],[-108.5350707,54.443648],[-108.5352089,54.4437858],[-108.5358013,54.4437628],[-108.5362159,54.4438776],[-108.5365713,54.443935],[-108.5368083,54.4438547],[-108.5368872,54.4436365],[-108.5370452,54.4435217],[-108.5373216,54.4435561],[-108.5377955,54.4437628],[-108.537993,54.4440843],[-108.5380719,54.4444862],[-108.5379535,54.4448076],[-108.5375586,54.4451521],[-108.5373611,54.4455539],[-108.5376376,54.4457606],[-108.5382694,54.4458295],[-108.5387038,54.4460706],[-108.5389407,54.4461739],[-108.5392961,54.4461624],[-108.5394541,54.4460132],[-108.5394344,54.4457836],[-108.5393159,54.4454621],[-108.5395331,54.4452784],[-108.5403426,54.4452325],[-108.5413299,54.4453128],[-108.5414484,54.4454506]]},"properties":{"name":"Otter Creek","waterway":"river","osmId":241708187,"osmType":"way","sourceUrl":"https://www.openstreetmap.org/way/241708187"}},{"type":"Feature","id":"way/260376734","geometry":{"type":"LineString","coordinates":[[-108.4645967,54.3123797],[-108.4645958,54.3125949],[-108.4644061,54.3128618],[-108.4639641,54.313095],[-108.4637918,54.3133223],[-108.4635222,54.313459],[-108.4631445,54.3135626],[-108.4626794,54.3136023],[-108.4611365,54.3135811],[-108.4601768,54.313711],[-108.4590947,54.3137254],[-108.457637,54.3138056],[-108.4569435,54.313659],[-108.4555425,54.3135451],[-108.4541653,54.3132786],[-108.4531081,54.3129251]]},"properties":{"name":"Blind River","source":"NRCan-CanVec-10.0","waterway":"stream","osmId":260376734,"osmType":"way","sourceUrl":"https://www.openstreetmap.org/way/260376734"}},{"type":"Feature","id":"way/260376735","geometry":{"type":"LineString","coordinates":[[-108.5,54.312797],[-108.4996846,54.3127334],[-108.4989924,54.3127645],[-108.4987248,54.3127328],[-108.498161,54.3125046],[-108.4977906,54.312411],[-108.4974173,54.3124393],[-108.4962809,54.3126105],[-108.496093,54.3125781],[-108.4954441,54.3123793],[-108.4951963,54.3124012],[-108.4945983,54.3126448],[-108.4941333,54.3126847],[-108.4937347,54.3126881],[-108.4929908,54.3124919],[-108.4916835,54.3123293],[-108.4912793,54.3122305],[-108.4905953,54.31198],[-108.4901399,54.3119158],[-108.4898474,54.3119901],[-108.4892462,54.3122247],[-108.4886936,54.3122008],[-108.4881023,54.3124622],[-108.4875979,54.3125257],[-108.4871218,54.3124921],[-108.4862237,54.3121377],[-108.4857092,54.3120435],[-108.48361,54.3123357],[-108.4824308,54.3123906],[-108.4815455,54.3125487],[-108.4793328,54.3122287],[-108.4790695,54.3121215],[-108.4789055,54.3119365],[-108.4785455,54.3113927],[-108.4781489,54.3112275],[-108.4762927,54.3111805],[-108.475859,54.3110013],[-108.4754833,54.3109363],[-108.4751066,54.3109557],[-108.4747802,54.3110248],[-108.4739465,54.3114101],[-108.4730671,54.3119321],[-108.4726688,54.3120663],[-108.4722582,54.3120805]]},"properties":{"name":"Blind River","source":"NRCan-CanVec-10.0","waterway":"stream","osmId":260376735,"osmType":"way","sourceUrl":"https://www.openstreetmap.org/way/260376735"}},{"type":"Feature","id":"way/260376745","geometry":{"type":"Polygon","coordinates":[[[-108.3950315,54.3826193],[-108.3952162,54.3829048],[-108.3953295,54.3834329],[-108.3950555,54.3840842],[-108.394566,54.3845846],[-108.3940438,54.3849957],[-108.3931178,54.3854852],[-108.39246,54.3857449],[-108.3916314,54.3861942],[-108.3904785,54.386983],[-108.3898832,54.3871508],[-108.3885644,54.3875303],[-108.3874877,54.3876084],[-108.3864998,54.3875353],[-108.3853337,54.3873254],[-108.3841336,54.3872413],[-108.3833053,54.3872978],[-108.3814812,54.3874784],[-108.3796245,54.3874386],[-108.3768951,54.387115],[-108.3755258,54.3867433],[-108.3741378,54.3864955],[-108.3728873,54.3864924],[-108.3715953,54.3864196],[-108.3709671,54.3864978],[-108.3691575,54.3864988],[-108.3685721,54.3865623],[-108.3676725,54.3867304],[-108.3668127,54.3866131],[-108.3641241,54.3868823],[-108.3627746,54.3871344],[-108.3620503,54.3871684],[-108.3607364,54.3870795],[-108.359953,54.3870835],[-108.3584583,54.3871573],[-108.3580731,54.3872426],[-108.3564229,54.3873731],[-108.3543857,54.3873648],[-108.353865,54.3872986],[-108.3516375,54.386725],[-108.3510458,54.3866396],[-108.3499286,54.3866944],[-108.3479795,54.3869274],[-108.3458212,54.3872891],[-108.3449795,54.3874405],[-108.3445025,54.3874063],[-108.343,54.3875462],[-108.3416849,54.3875414],[-108.3411489,54.3874771],[-108.3406885,54.3873567],[-108.3393421,54.3871781],[-108.3388844,54.3868891],[-108.3386001,54.3868123],[-108.3383598,54.3866365],[-108.3379591,54.3862843],[-108.3377915,54.3859125],[-108.3378072,54.3857797],[-108.3379894,54.3855327],[-108.3385321,54.3850447],[-108.3387117,54.3849663],[-108.3397626,54.3846862],[-108.3402007,54.3844822],[-108.3407601,54.3843473],[-108.3413651,54.3843375],[-108.3418495,54.3844362],[-108.3425951,54.3846801],[-108.3440723,54.3855248],[-108.3445992,54.3857397],[-108.3454576,54.3859415],[-108.3465504,54.3860394],[-108.3479714,54.3861151],[-108.3489999,54.3860807],[-108.3499204,54.3858822],[-108.3502535,54.3856538],[-108.3504341,54.3850518],[-108.3504206,54.3847076],[-108.3502509,54.3842426],[-108.3500028,54.3841332],[-108.3492308,54.3839488],[-108.3484122,54.3835925],[-108.3480003,54.3832978],[-108.3479896,54.3832244],[-108.3481968,54.3830023],[-108.3502961,54.3824796],[-108.3506191,54.3823553],[-108.3507025,54.3822327],[-108.3506711,54.382059],[-108.3504735,54.3818686],[-108.3499115,54.3817328],[-108.3491157,54.3814392],[-108.3488177,54.3811491],[-108.3487449,54.3809057],[-108.3490669,54.3807348],[-108.3499702,54.3808842],[-108.3509538,54.3807713],[-108.3515073,54.3807959],[-108.3521436,54.3809598],[-108.3521609,54.3810512],[-108.3523269,54.3811988],[-108.3523869,54.3812754],[-108.3528731,54.3815982],[-108.3531576,54.3821144],[-108.3535717,54.3823714],[-108.3541829,54.3825103],[-108.3548381,54.3825504],[-108.3554841,54.382872],[-108.3558766,54.3829821],[-108.3567669,54.3830957],[-108.3575195,54.3830955],[-108.3581489,54.3829331],[-108.3593733,54.3821637],[-108.3597784,54.3820012],[-108.3598871,54.3817726],[-108.3598908,54.3815198],[-108.3601774,54.3815589],[-108.3604215,54.3814818],[-108.3605518,54.3814001],[-108.3605608,54.3812494],[-108.3606846,54.3811499],[-108.3609779,54.381076],[-108.3625951,54.380856],[-108.363649,54.3805846],[-108.3641239,54.3805255],[-108.3656924,54.3806107],[-108.3670416,54.3803586],[-108.3696807,54.3799552],[-108.3702726,54.3799095],[-108.3716322,54.3799926],[-108.3725849,54.3800141],[-108.3731,54.3801089],[-108.3739593,54.3804879],[-108.3758885,54.3816031],[-108.3768211,54.3819637],[-108.3780259,54.3825428],[-108.3788121,54.3828094],[-108.379499,54.3828921],[-108.3811914,54.3828775],[-108.3824638,54.3827656],[-108.3841238,54.3823997],[-108.3863669,54.3820079],[-108.3868985,54.3820164],[-108.3872443,54.3819546],[-108.3877258,54.3817823],[-108.3884044,54.381492],[-108.3893869,54.3813321],[-108.3905576,54.3810739],[-108.3909853,54.3811047],[-108.3920505,54.3814767],[-108.393363,54.3816495],[-108.3938858,54.3818086],[-108.3943506,54.3819844],[-108.3946228,54.3822029],[-108.3950315,54.3826193]]]},"properties":{"name":"Iskwayach Lake","natural":"water","source":"NRCan-CanVec-10.0","water":"lake","osmId":260376745,"osmType":"way","sourceUrl":"https://www.openstreetmap.org/way/260376745"}},{"type":"Feature","id":"way/260376749","geometry":{"type":"LineString","coordinates":[[-108.3978879,54.3362857],[-108.3977954,54.3358579],[-108.3978054,54.3356229],[-108.3981116,54.3353229],[-108.3981174,54.3347706],[-108.398039,54.3344252],[-108.3979025,54.3343581],[-108.3975049,54.3342769],[-108.3973783,54.3341058],[-108.3973882,54.3340017],[-108.3975731,54.3337636],[-108.3975112,54.3332011],[-108.3973574,54.3329118],[-108.397163,54.3328613],[-108.3960442,54.3329076],[-108.3950608,54.3331053],[-108.3944697,54.3331511],[-108.3925346,54.3334582],[-108.3918965,54.3334631]]},"properties":{"name":"Kisayinew Creek","source":"NRCan-CanVec-10.0","waterway":"stream","osmId":260376749,"osmType":"way","sourceUrl":"https://www.openstreetmap.org/way/260376749"}},{"type":"Feature","id":"way/260376750","geometry":{"type":"LineString","coordinates":[[-108.4045737,54.3361513],[-108.4007309,54.3362296],[-108.3978879,54.3362857]]},"properties":{"name":"Kisayinew Creek","source":"NRCan-CanVec-10.0","waterway":"stream","osmId":260376750,"osmType":"way","sourceUrl":"https://www.openstreetmap.org/way/260376750"}},{"type":"Feature","id":"way/260376755","geometry":{"type":"LineString","coordinates":[[-108.3544117,54.3213323],[-108.353921,54.3214776],[-108.352568,54.3224593],[-108.3521974,54.3226269],[-108.3515781,54.3226386],[-108.3512186,54.3227488],[-108.3506584,54.3232298],[-108.3503216,54.3234026],[-108.3496604,54.3236065],[-108.3491078,54.3235818],[-108.3482846,54.3233852],[-108.3474202,54.323119],[-108.3467458,54.3228478],[-108.3461629,54.322696],[-108.3454062,54.322594],[-108.3450387,54.3223313],[-108.3445377,54.321702],[-108.3438164,54.3213899],[-108.3434691,54.3209191],[-108.343144,54.3207726],[-108.3422256,54.3207094],[-108.3413505,54.3203697],[-108.3405851,54.3202873],[-108.3392854,54.3203182],[-108.3384142,54.3201649],[-108.3378506,54.3201977],[-108.3375968,54.3203788],[-108.3374901,54.3207005],[-108.3376622,54.320866],[-108.337972,54.3210143],[-108.3386193,54.3211675],[-108.3391543,54.3212317],[-108.3392884,54.3213366],[-108.3392728,54.3214693],[-108.33769,54.3224794],[-108.33717,54.3225441],[-108.3364459,54.3225313]]},"properties":{"name":"Kisayinew Creek","source":"NRCan-CanVec-10.0","waterway":"stream","osmId":260376755,"osmType":"way","sourceUrl":"https://www.openstreetmap.org/way/260376755"}},{"type":"Feature","id":"way/260376756","geometry":{"type":"LineString","coordinates":[[-108.3895491,54.3330365],[-108.385742,54.3327733],[-108.3852657,54.3327393],[-108.3835496,54.3325516]]},"properties":{"name":"Kisayinew Creek","source":"NRCan-CanVec-10.0","waterway":"stream","osmId":260376756,"osmType":"way","sourceUrl":"https://www.openstreetmap.org/way/260376756"}},{"type":"Feature","id":"way/260376757","geometry":{"type":"LineString","coordinates":[[-108.4274451,54.339058],[-108.4269491,54.3393632],[-108.4266169,54.33933],[-108.4259886,54.3389692],[-108.4255165,54.33886],[-108.4251461,54.3386353],[-108.4245353,54.3384967],[-108.4242534,54.3385133],[-108.4237399,54.3387272],[-108.4234131,54.3387961],[-108.4229269,54.3387355],[-108.4213885,54.3381614],[-108.4205953,54.3378306],[-108.4197758,54.337821],[-108.4183598,54.3374934],[-108.4175797,54.3374601],[-108.4169001,54.3373956],[-108.4159953,54.337677],[-108.4156183,54.3376962],[-108.414954,54.3376297],[-108.4144121,54.337417],[-108.4139631,54.3373703],[-108.4134724,54.3375159],[-108.412548,54.3376128],[-108.4119218,54.3378687],[-108.4115339,54.3378144],[-108.4113176,54.337748],[-108.4109156,54.3374804],[-108.4106119,54.337481],[-108.4095135,54.3381512],[-108.4085322,54.3383113],[-108.4082688,54.3384658],[-108.4082042,54.3387263],[-108.4080315,54.3388227],[-108.4074688,54.3387715],[-108.4072918,54.3386814],[-108.4073225,54.3385467],[-108.4077192,54.3383195],[-108.4079324,54.3381152],[-108.4078659,54.3378898],[-108.4075469,54.3376305],[-108.4066785,54.3372249],[-108.4066437,54.3369114],[-108.406504,54.3367046],[-108.4061348,54.3365263]]},"properties":{"name":"Kisayinew Creek","source":"NRCan-CanVec-10.0","waterway":"stream","osmId":260376757,"osmType":"way","sourceUrl":"https://www.openstreetmap.org/way/260376757"}},{"type":"Feature","id":"way/260376758","geometry":{"type":"LineString","coordinates":[[-108.4800229,54.3694724],[-108.4796195,54.3688123],[-108.4793605,54.3681528],[-108.478942,54.3676256],[-108.4784879,54.3673928],[-108.4772078,54.3669177],[-108.4763881,54.3664315],[-108.476109,54.3661954],[-108.4754496,54.3653617],[-108.4743186,54.364204],[-108.4726901,54.3621735],[-108.4719896,54.3615321],[-108.4715608,54.3613241],[-108.4710325,54.3611941],[-108.4697323,54.3610113],[-108.4690694,54.3606457],[-108.4685966,54.3602749],[-108.4669099,54.3584762],[-108.466724,54.3584061],[-108.4660435,54.3579491],[-108.4654584,54.3577514],[-108.4637735,54.3575234],[-108.4622415,54.3571453],[-108.4620053,54.3570253],[-108.4617548,54.3569539],[-108.4603307,54.3560853],[-108.4598307,54.3555964],[-108.4591585,54.3544651],[-108.4587623,54.3539538],[-108.4565385,54.352129],[-108.456031,54.3517064],[-108.4553713,54.350957],[-108.4543369,54.35032],[-108.4535022,54.3493121],[-108.4532985,54.3487579],[-108.4534607,54.3478493],[-108.4539376,54.3468825],[-108.4539296,54.3464253],[-108.4538168,54.3460748],[-108.45332,54.3452021],[-108.4528026,54.3444909],[-108.4520676,54.3436668],[-108.4519253,54.3433668],[-108.4518703,54.3427379],[-108.4516129,54.3418632],[-108.4515689,54.3414386],[-108.4514857,54.3412995],[-108.4513314,54.3392244]]},"properties":{"name":"Kisayinew Creek","source":"NRCan-CanVec-10.0","waterway":"stream","osmId":260376758,"osmType":"way","sourceUrl":"https://www.openstreetmap.org/way/260376758"}},{"type":"Feature","id":"way/260376759","geometry":{"type":"LineString","coordinates":[[-108.3708265,54.3295961],[-108.3710529,54.3294276],[-108.371181,54.3292527],[-108.3711083,54.3288786],[-108.3705587,54.3282928],[-108.3705158,54.3277373],[-108.3700479,54.3272442],[-108.3700455,54.3267117],[-108.3698982,54.3265712],[-108.369537,54.3263264],[-108.3689693,54.3261729],[-108.3686864,54.3261428],[-108.3685785,54.3259786],[-108.3686116,54.3258062],[-108.3688357,54.3256755],[-108.3692126,54.3256565],[-108.3695456,54.3257365],[-108.3697271,54.3256204],[-108.3699594,54.3251615],[-108.3699696,54.3249265],[-108.3697316,54.324844],[-108.3694489,54.324683],[-108.3692919,54.3245156],[-108.3692868,54.3242826],[-108.3691187,54.3241727],[-108.3689397,54.3241202],[-108.3684711,54.3241506],[-108.368189,54.324298],[-108.3678554,54.3246106],[-108.367554,54.3252745],[-108.3665339,54.3258971],[-108.3662355,54.3259997],[-108.3656545,54.3259413],[-108.3651237,54.3259327],[-108.3646417,54.3260582],[-108.3643283,54.3260318],[-108.3640048,54.3261095],[-108.3641431,54.3264007],[-108.3641396,54.3265227],[-108.3640117,54.3265666],[-108.363469,54.326438],[-108.3625567,54.3259535],[-108.3608876,54.325367],[-108.3605812,54.3250968],[-108.3605781,54.324957],[-108.3607138,54.3248466],[-108.3606247,54.3245586],[-108.3602722,54.3244249],[-108.360033,54.3244267]]},"properties":{"name":"Kisayinew Creek","source":"NRCan-CanVec-10.0","waterway":"stream","osmId":260376759,"osmType":"way","sourceUrl":"https://www.openstreetmap.org/way/260376759"}},{"type":"Feature","id":"way/260376760","geometry":{"type":"LineString","coordinates":[[-108.3557307,54.3220559],[-108.3553569,54.3216445],[-108.3549903,54.3214285],[-108.3546574,54.3213485],[-108.3544117,54.3213323]]},"properties":{"name":"Kisayinew Creek","source":"NRCan-CanVec-10.0","waterway":"stream","osmId":260376760,"osmType":"way","sourceUrl":"https://www.openstreetmap.org/way/260376760"}},{"type":"Feature","id":"way/260376761","geometry":{"type":"LineString","coordinates":[[-108.3918965,54.3334631],[-108.3916749,54.3332945],[-108.391333,54.3332344],[-108.3904918,54.3332086],[-108.3895491,54.3330365]]},"properties":{"name":"Kisayinew Creek","source":"NRCan-CanVec-10.0","waterway":"stream","osmId":260376761,"osmType":"way","sourceUrl":"https://www.openstreetmap.org/way/260376761"}},{"type":"Feature","id":"way/260376762","geometry":{"type":"LineString","coordinates":[[-108.3572966,54.3239825],[-108.3569373,54.3239619],[-108.3559739,54.3233809],[-108.3558205,54.3230916],[-108.3559729,54.3227642],[-108.355911,54.3225943],[-108.3557628,54.3224071],[-108.3557307,54.3220559]]},"properties":{"name":"Kisayinew Creek","source":"NRCan-CanVec-10.0","waterway":"stream","osmId":260376762,"osmType":"way","sourceUrl":"https://www.openstreetmap.org/way/260376762"}},{"type":"Feature","id":"way/260376763","geometry":{"type":"LineString","coordinates":[[-108.3286385,54.3189135],[-108.3282563,54.3185218],[-108.3278307,54.3184064],[-108.3274135,54.3184022],[-108.3269332,54.3183124],[-108.3265177,54.318093],[-108.3263331,54.3173216],[-108.3265534,54.3170045],[-108.3268805,54.316805],[-108.3272605,54.3167951],[-108.3279458,54.317009],[-108.3283971,54.3168875],[-108.3288214,54.3166478],[-108.3291589,54.3166526],[-108.3295483,54.3168004],[-108.3298705,54.3168071],[-108.3301253,54.3166726],[-108.3301005,54.3165168],[-108.3295885,54.3156365],[-108.3291812,54.3152199],[-108.3292801,54.3149646],[-108.3294223,54.3148722],[-108.3299006,54.3148688],[-108.330092,54.3147795],[-108.3302179,54.3146424],[-108.3302469,54.3144145],[-108.3300807,54.3140894],[-108.330124,54.313813],[-108.3303244,54.3135731],[-108.3306306,54.3134042],[-108.3307119,54.3131885],[-108.3305493,54.3127414],[-108.3303437,54.3124399],[-108.3300226,54.3124798],[-108.3296579,54.3124878],[-108.3294396,54.3124589],[-108.3293606,54.3121977],[-108.3294221,54.3120592],[-108.3293778,54.3118497],[-108.329102,54.3117065],[-108.3288248,54.3116475],[-108.3283169,54.3117013],[-108.3279112,54.3115088],[-108.3276067,54.3114625],[-108.3269886,54.3115207],[-108.3267059,54.3114904],[-108.3265325,54.3114092],[-108.3263812,54.311213],[-108.3264112,54.3110318],[-108.3270538,54.310821],[-108.3272552,54.3106278],[-108.3272471,54.3103858],[-108.3270903,54.3102184],[-108.3258761,54.3094722],[-108.3255641,54.3093615],[-108.3248175,54.3092861],[-108.3245101,54.3091],[-108.324468,54.3085445],[-108.3242657,54.3082519],[-108.3239431,54.3080677],[-108.3229854,54.3077195],[-108.3227054,54.3075207],[-108.3224508,54.3072159],[-108.3224659,54.3069057],[-108.3226894,54.3065975],[-108.3230164,54.306398],[-108.3232929,54.3055319],[-108.3233005,54.3051572],[-108.3231385,54.3048876],[-108.3222328,54.3043741],[-108.322026,54.3041568],[-108.3220007,54.3038235],[-108.3223134,54.3036725],[-108.322583,54.303667],[-108.3231841,54.3038259],[-108.323899,54.3038585],[-108.3244181,54.3040557],[-108.3246669,54.3040808],[-108.3251273,54.3038086],[-108.3252041,54.3036682],[-108.3250441,54.3034919],[-108.3243256,54.303142],[-108.3236213,54.3024352],[-108.3231026,54.3021072]]},"properties":{"name":"Kisayinew Creek","source":"NRCan-CanVec-10.0","waterway":"stream","osmId":260376763,"osmType":"way","sourceUrl":"https://www.openstreetmap.org/way/260376763"}},{"type":"Feature","id":"way/260376764","geometry":{"type":"Polygon","coordinates":[[[-108.4746784,54.375],[-108.4747588,54.3749215],[-108.4751108,54.3747464],[-108.4764009,54.3743786],[-108.4771596,54.3741337],[-108.4779521,54.373763],[-108.4779255,54.3735606],[-108.4775836,54.3730238],[-108.4771608,54.3725719],[-108.4771184,54.3719787],[-108.4772713,54.3718286],[-108.4783759,54.3710446],[-108.4799418,54.3701652],[-108.4800161,54.3700624],[-108.4799302,54.3696991],[-108.4800229,54.3694724],[-108.4802963,54.3694754],[-108.4809057,54.3696513],[-108.4818375,54.3697026],[-108.4823666,54.3696174],[-108.4829448,54.3694045],[-108.4832498,54.3693194],[-108.4839038,54.369312],[-108.4847703,54.3695772],[-108.4857771,54.3700492],[-108.4864263,54.3704632],[-108.4866095,54.3707862],[-108.4866413,54.3715678],[-108.4860671,54.3721824],[-108.4856559,54.3729354],[-108.4848039,54.3736223],[-108.4847987,54.3737819],[-108.4848776,54.3738655],[-108.4856983,54.3741365],[-108.486159,54.3742563],[-108.4881914,54.3744684],[-108.4895341,54.3748514],[-108.4905974,54.375],[-108.490767,54.3750237],[-108.4916071,54.3750865],[-108.4932155,54.375408],[-108.4943538,54.3758447],[-108.4950859,54.3760051],[-108.4953595,54.376139],[-108.4956566,54.3764664],[-108.4957708,54.3767326],[-108.4957395,54.3769517],[-108.495345,54.3777494],[-108.4957615,54.3781834],[-108.4958081,54.3785703],[-108.4953936,54.3791836],[-108.4949009,54.3794981],[-108.4943937,54.3797302],[-108.4937629,54.3799311],[-108.492501,54.3802019],[-108.4910396,54.380236],[-108.4901681,54.3803923],[-108.4892416,54.3804433],[-108.4885123,54.3806378],[-108.4880299,54.380633],[-108.4868827,54.3808239],[-108.4857791,54.3809158],[-108.4848328,54.3809132],[-108.4839926,54.3808504],[-108.483158,54.3808898],[-108.4819162,54.3807372],[-108.4812818,54.3807981],[-108.4809089,54.380873],[-108.4803266,54.3806843],[-108.4796351,54.3805467],[-108.4780062,54.3805175],[-108.4773804,54.3804277],[-108.4770094,54.3803341],[-108.4758663,54.3803186],[-108.4753443,54.3802065],[-108.4748965,54.3798606],[-108.4745105,54.3791609],[-108.4744066,54.3783136],[-108.4744899,54.3775831],[-108.474404,54.3770889],[-108.474038,54.3765737],[-108.4739688,54.376386],[-108.4740645,54.3759064],[-108.4744289,54.3752435],[-108.4746784,54.375]]]},"properties":{"name":"Kisayinew Lake","natural":"water","source":"NRCan-CanVec-10.0","water":"lake","osmId":260376764,"osmType":"way","sourceUrl":"https://www.openstreetmap.org/way/260376764"}},{"type":"Feature","id":"way/260376767","geometry":{"type":"Polygon","coordinates":[[[-108.433882,54.3903126],[-108.4342246,54.3905035],[-108.4343778,54.3907461],[-108.4341809,54.3911261],[-108.4337859,54.3913158],[-108.4325188,54.3913995],[-108.4321424,54.3914653],[-108.4315067,54.3917412],[-108.4310133,54.3921863],[-108.4304607,54.3928632],[-108.4300635,54.3930905],[-108.4298403,54.393268],[-108.4292844,54.3935433],[-108.4274242,54.3941499],[-108.4267993,54.3942374],[-108.426204,54.3944054],[-108.4253745,54.3949392],[-108.4238402,54.3954302],[-108.4226845,54.3956869],[-108.4218057,54.3958248],[-108.4200701,54.3958547],[-108.4183191,54.3957556],[-108.4175881,54.3956413],[-108.4145592,54.3948977],[-108.4138961,54.3946626],[-108.4134716,54.394379],[-108.4132605,54.3941529],[-108.4129422,54.3939403],[-108.4124695,54.393831],[-108.4117943,54.3937377],[-108.4103796,54.3932879],[-108.4099507,54.3930797],[-108.4094541,54.3927303],[-108.4090733,54.3926096],[-108.4074845,54.3924714],[-108.407071,54.3922612],[-108.4068019,54.3921826],[-108.4066508,54.392295],[-108.4065566,54.392475],[-108.4063398,54.3926704],[-108.40611,54.3926991],[-108.4059185,54.3926575],[-108.405458,54.3924065],[-108.4050654,54.3920348],[-108.4047033,54.3917901],[-108.4038478,54.3915977],[-108.4033512,54.3912483],[-108.4030624,54.3911161],[-108.4027856,54.3911039],[-108.4027319,54.391176],[-108.4024343,54.3911945],[-108.402001,54.3910616],[-108.401618,54.3911094],[-108.4009156,54.3910287],[-108.4006399,54.3909323],[-108.4002418,54.3907202],[-108.40008,54.3904973],[-108.4001165,54.3899411],[-108.400167,54.3897291],[-108.4003127,54.3895146],[-108.4009235,54.3890831],[-108.4011941,54.3886847],[-108.4017731,54.3883412],[-108.4021576,54.3876855],[-108.4024817,54.3873459],[-108.402807,54.3867911],[-108.4034812,54.3863142],[-108.4035612,54.3861827],[-108.4041139,54.3857677],[-108.4044969,54.3857199],[-108.4050264,54.385766],[-108.4055954,54.3855267],[-108.4065137,54.3848417],[-108.4069448,54.3847504],[-108.4073004,54.3847154],[-108.4076757,54.3846031],[-108.407912,54.3845922],[-108.4083255,54.3846715],[-108.4087291,54.3848548],[-108.4093897,54.3852585],[-108.4098043,54.3853844],[-108.4103087,54.3854055],[-108.4110166,54.3853264],[-108.4114837,54.3853335],[-108.411953,54.3855647],[-108.412163,54.3856133],[-108.4129299,54.3856951],[-108.4131585,54.3858816],[-108.4137382,54.3862393],[-108.414004,54.3865707],[-108.4142195,54.3867215],[-108.4147369,54.3869092],[-108.4165082,54.3872396],[-108.4169655,54.3872198],[-108.4180924,54.3871912],[-108.4193025,54.3873017],[-108.4206657,54.387524],[-108.4214425,54.3877635],[-108.4218188,54.3879596],[-108.4221132,54.3880631],[-108.4243419,54.3885044],[-108.4253682,54.3886379],[-108.4265488,54.3886679],[-108.427063,54.3888467],[-108.4287108,54.3895382],[-108.4292765,54.3896825],[-108.4297897,54.3896838],[-108.4299877,54.3897432],[-108.4308741,54.3904551],[-108.4311914,54.3904902],[-108.4321806,54.3903478],[-108.4328371,54.3901722],[-108.4331719,54.3901677],[-108.4334608,54.3901689],[-108.433882,54.3903126]]]},"properties":{"name":"Matkin Lake","natural":"water","source":"NRCan-CanVec-10.0","water":"lake","osmId":260376767,"osmType":"way","sourceUrl":"https://www.openstreetmap.org/way/260376767"}},{"type":"Feature","id":"way/260376780","geometry":{"type":"LineString","coordinates":[[-108.3950555,54.3840842],[-108.3958594,54.3843111],[-108.3971733,54.3842687],[-108.398964,54.384522],[-108.4003501,54.3845453],[-108.4012834,54.384513],[-108.4020665,54.3847705],[-108.4027839,54.3852419],[-108.4031424,54.3857394],[-108.4035612,54.3861827]]},"properties":{"source":"NRCan-CanVec-10.0","waterway":"stream","osmId":260376780,"osmType":"way","sourceUrl":"https://www.openstreetmap.org/way/260376780"}},{"type":"Feature","id":"way/260376781","geometry":{"type":"LineString","coordinates":[[-108.4231012,54.3000664],[-108.4229812,54.3001749],[-108.4220511,54.3005158],[-108.4212586,54.3007086],[-108.4208504,54.3006849],[-108.4204607,54.3005374],[-108.4202359,54.3002291],[-108.4201978,54.2999067],[-108.4204435,54.2993991],[-108.4210264,54.299027]]},"properties":{"source":"NRCan-CanVec-10.0","waterway":"stream","osmId":260376781,"osmType":"way","sourceUrl":"https://www.openstreetmap.org/way/260376781"}},{"type":"Feature","id":"way/260376790","geometry":{"type":"LineString","coordinates":[[-108.3475239,54.3118626],[-108.3474967,54.3123146],[-108.347756,54.3131141],[-108.3477479,54.3133113],[-108.3474539,54.3134695],[-108.3471852,54.3135216],[-108.3463392,54.3133933],[-108.3455371,54.3131661],[-108.3453569,54.3131979],[-108.3446547,54.3132012],[-108.3443499,54.3132858],[-108.3437387,54.3136704]]},"properties":{"source":"NRCan-CanVec-10.0","waterway":"stream","osmId":260376790,"osmType":"way","sourceUrl":"https://www.openstreetmap.org/way/260376790"}},{"type":"Feature","id":"way/260376792","geometry":{"type":"LineString","coordinates":[[-108.3546188,54.319269],[-108.3549989,54.3198292],[-108.355826,54.3202122],[-108.3563259,54.3203555],[-108.3568366,54.3205723],[-108.3571856,54.3208279],[-108.357313,54.3210457],[-108.3573757,54.321393],[-108.3572102,54.3216847],[-108.3568462,54.3218702],[-108.3563282,54.3220282],[-108.3557307,54.3220559]]},"properties":{"source":"NRCan-CanVec-10.0","waterway":"stream","osmId":260376792,"osmType":"way","sourceUrl":"https://www.openstreetmap.org/way/260376792"}},{"type":"Feature","id":"way/260376800","geometry":{"type":"LineString","coordinates":[[-108.3318238,54.3165081],[-108.3328731,54.3165364],[-108.3334982,54.3163652],[-108.3338867,54.3160272],[-108.3341262,54.3154553],[-108.3344314,54.3152398],[-108.3347623,54.3152267],[-108.3352784,54.3154148],[-108.3361016,54.3159199],[-108.3368483,54.3159952],[-108.3375557,54.3156549],[-108.3383499,54.31507],[-108.3386876,54.3149439],[-108.3398824,54.3148887]]},"properties":{"source":"NRCan-CanVec-10.0","waterway":"stream","osmId":260376800,"osmType":"way","sourceUrl":"https://www.openstreetmap.org/way/260376800"}},{"type":"Feature","id":"way/260376818","geometry":{"type":"LineString","coordinates":[[-108.4224894,54.3147171],[-108.4223092,54.3143564]]},"properties":{"source":"NRCan-CanVec-10.0","waterway":"stream","osmId":260376818,"osmType":"way","sourceUrl":"https://www.openstreetmap.org/way/260376818"}},{"type":"Feature","id":"way/260376819","geometry":{"type":"LineString","coordinates":[[-108.3151166,54.305679],[-108.3137311,54.3053838],[-108.3132894,54.3052238],[-108.312844,54.3048773],[-108.3124742,54.304783],[-108.3113552,54.3047819],[-108.3111555,54.3047599],[-108.3104312,54.3045696],[-108.3093127,54.3044375],[-108.3088911,54.3045085],[-108.3084293,54.3048649],[-108.3080883,54.304982],[-108.3067696,54.3049589],[-108.3060417,54.3048904],[-108.3056807,54.3047763],[-108.3054216,54.3045468],[-108.3054582,54.3043834],[-108.3056453,54.3042387],[-108.306116,54.3041709],[-108.30657,54.303881]]},"properties":{"source":"NRCan-CanVec-10.0","waterway":"stream","osmId":260376819,"osmType":"way","sourceUrl":"https://www.openstreetmap.org/way/260376819"}},{"type":"Feature","id":"way/260376826","geometry":{"type":"LineString","coordinates":[[-108.4304607,54.3928632],[-108.4314205,54.3936875],[-108.4332296,54.3950789],[-108.4342847,54.3955079],[-108.4353101,54.3958565],[-108.4378339,54.3965319],[-108.4389174,54.396602],[-108.4399855,54.3965432],[-108.4410316,54.3963374],[-108.4414618,54.3964612],[-108.4419478,54.396737],[-108.4423484,54.3969113],[-108.4425072,54.3972561],[-108.442794,54.3974259],[-108.4431585,54.3975019],[-108.443431,54.3974584],[-108.4442091,54.3974825],[-108.4448439,54.3974218],[-108.4453123,54.3974753],[-108.4457458,54.397739],[-108.4460207,54.3981815],[-108.446554,54.3987599],[-108.4466009,54.3991568]]},"properties":{"source":"NRCan-CanVec-10.0","waterway":"stream","osmId":260376826,"osmType":"way","sourceUrl":"https://www.openstreetmap.org/way/260376826"}},{"type":"Feature","id":"way/260376827","geometry":{"type":"LineString","coordinates":[[-108.3817661,54.3420285],[-108.3811642,54.3418699],[-108.3804093,54.3417303],[-108.379741,54.3413463],[-108.3792209,54.3412803],[-108.3786365,54.3410822],[-108.3781065,54.3411202],[-108.3777185,54.3411967],[-108.3769618,54.3415341],[-108.3766608,54.3419362],[-108.3761928,54.3421441],[-108.3756175,54.3424963],[-108.3755102,54.3426405],[-108.3752587,54.3427841],[-108.374616,54.3428642],[-108.3736042,54.3427661],[-108.3733637,54.3428521],[-108.3733464,54.3434619],[-108.3731963,54.3437517],[-108.372866,54.3439424],[-108.3724583,54.3439652],[-108.3723,54.3438821],[-108.3721523,54.3440034],[-108.3722378,54.3445442]]},"properties":{"source":"NRCan-CanVec-10.0","waterway":"stream","osmId":260376827,"osmType":"way","sourceUrl":"https://www.openstreetmap.org/way/260376827"}},{"type":"Feature","id":"way/260376828","geometry":{"type":"LineString","coordinates":[[-108.4112352,54.3128448],[-108.4111686,54.3127503],[-108.4111545,54.312668],[-108.4114177,54.3125135],[-108.4117103,54.3124395],[-108.4128743,54.3123873],[-108.4139215,54.3121908],[-108.4146029,54.3120868],[-108.4150266,54.3121085],[-108.4158914,54.3119816],[-108.416385,54.311845],[-108.4168458,54.3114882],[-108.4170468,54.3114256],[-108.4172979,54.3114129],[-108.4179126,54.311607],[-108.4184312,54.3116262],[-108.4189149,54.3115937],[-108.4194904,54.3114188],[-108.4197175,54.311166],[-108.4194316,54.3102109],[-108.4195704,54.3099785],[-108.4199427,54.3097729],[-108.4213512,54.3098209],[-108.4224222,54.3099952]]},"properties":{"source":"NRCan-CanVec-10.0","waterway":"stream","osmId":260376828,"osmType":"way","sourceUrl":"https://www.openstreetmap.org/way/260376828"}},{"type":"Feature","id":"way/260376829","geometry":{"type":"LineString","coordinates":[[-108.3449378,54.3165679],[-108.3448791,54.3174163],[-108.3449989,54.3175697],[-108.3452729,54.3176197],[-108.3462888,54.3175119],[-108.3471357,54.3172476],[-108.3476446,54.3172403],[-108.3479544,54.3173886],[-108.3481058,54.3175847],[-108.34821,54.3178708],[-108.3483311,54.3179399],[-108.3494863,54.318039],[-108.3502344,54.31803],[-108.350541,54.3181694],[-108.3507054,54.3184012],[-108.3507287,54.3187722],[-108.3503703,54.3193683],[-108.3503099,54.3195534],[-108.3506054,54.3197502],[-108.3516221,54.3198199],[-108.3527442,54.3200913],[-108.353379,54.320517],[-108.3537631,54.3206935],[-108.3543214,54.3211286],[-108.3544117,54.3213323]]},"properties":{"source":"NRCan-CanVec-10.0","waterway":"stream","osmId":260376829,"osmType":"way","sourceUrl":"https://www.openstreetmap.org/way/260376829"}},{"type":"Feature","id":"way/260376832","geometry":{"type":"LineString","coordinates":[[-108.4253628,54.3024005],[-108.4248814,54.3021337],[-108.4237287,54.3018668],[-108.4233751,54.3018176],[-108.4219658,54.3018539],[-108.4207017,54.3020684],[-108.4203295,54.3021431],[-108.4196766,54.3024118],[-108.4190751,54.3027769],[-108.4188687,54.3029991],[-108.4183991,54.3037684],[-108.4184253,54.3041016],[-108.4188072,54.3045773],[-108.4193999,54.3050172],[-108.4197678,54.3051487],[-108.4203573,54.305318],[-108.4208125,54.3053825],[-108.4219184,54.3054777],[-108.4222983,54.3054675],[-108.4231378,54.3053155],[-108.424235,54.3050379],[-108.4252165,54.3046625],[-108.4255123,54.3045974],[-108.426211,54.3045846],[-108.4268987,54.3047602],[-108.4276029,54.3051113],[-108.4287448,54.3062209]]},"properties":{"source":"NRCan-CanVec-10.0","waterway":"stream","osmId":260376832,"osmType":"way","sourceUrl":"https://www.openstreetmap.org/way/260376832"}},{"type":"Feature","id":"way/260376836","geometry":{"type":"LineString","coordinates":[[-108.3474425,54.3162467],[-108.3468289,54.3156595],[-108.346553,54.3155163]]},"properties":{"source":"NRCan-CanVec-10.0","waterway":"stream","osmId":260376836,"osmType":"way","sourceUrl":"https://www.openstreetmap.org/way/260376836"}},{"type":"Feature","id":"way/260376837","geometry":{"type":"LineString","coordinates":[[-108.3660497,54.3401277],[-108.3649949,54.3403059],[-108.3642878,54.3403847]]},"properties":{"source":"NRCan-CanVec-10.0","waterway":"stream","osmId":260376837,"osmType":"way","sourceUrl":"https://www.openstreetmap.org/way/260376837"}},{"type":"Feature","id":"way/260376838","geometry":{"type":"LineString","coordinates":[[-108.3269732,54.2989532],[-108.3243403,54.3005889],[-108.3241982,54.3006814]]},"properties":{"source":"NRCan-CanVec-10.0","waterway":"stream","osmId":260376838,"osmType":"way","sourceUrl":"https://www.openstreetmap.org/way/260376838"}},{"type":"Feature","id":"way/260376845","geometry":{"type":"LineString","coordinates":[[-108.4838185,54.4092752],[-108.4843306,54.4090986],[-108.4850176,54.4087879],[-108.4858043,54.4085302],[-108.4862817,54.4085637],[-108.4876949,54.4085266],[-108.4879936,54.4084236],[-108.4884661,54.4081398],[-108.4894769,54.4077509],[-108.4898786,54.4077098],[-108.4900396,54.4077551],[-108.4907605,54.4080574],[-108.4909983,54.4082239],[-108.4909997,54.4084014],[-108.4902948,54.4090979],[-108.4888786,54.4099959],[-108.4887114,54.4101946],[-108.48876,54.410413],[-108.4888587,54.4105502],[-108.4890921,54.4106612],[-108.4893922,54.4107358],[-108.4908857,54.4108288],[-108.4917669,54.4107836],[-108.4921382,54.4108772],[-108.4923629,54.411008],[-108.4929937,54.4117611],[-108.4934311,54.4120336],[-108.4940096,54.4122976],[-108.4946537,54.4124785],[-108.4951038,54.4125249],[-108.4961753,54.4123435],[-108.496818,54.4123469],[-108.4973558,54.412457],[-108.499181,54.4125363],[-108.4999445,54.4126929],[-108.5,54.412682],[-108.5011103,54.4125931],[-108.5022495,54.4128989]]},"properties":{"source":"NRCan-CanVec-10.0","waterway":"stream","osmId":260376845,"osmType":"way","sourceUrl":"https://www.openstreetmap.org/way/260376845"}},{"type":"Feature","id":"way/260376847","geometry":{"type":"LineString","coordinates":[[-108.3978879,54.3362857],[-108.3976682,54.3364721],[-108.3973293,54.3366827],[-108.3968506,54.3368172],[-108.396277,54.3368235],[-108.3961099,54.3367602],[-108.3959559,54.3366018],[-108.3960019,54.3364652],[-108.3961923,54.3361984],[-108.3968941,54.3357555],[-108.3969402,54.335488],[-108.3967853,54.3351521],[-108.3964708,54.3349483],[-108.3958612,54.3348562],[-108.3952594,54.3346977],[-108.3949863,54.3345635],[-108.3943137,54.3341241],[-108.393843,54.3339305],[-108.3934236,54.3338333],[-108.3930248,54.3338364],[-108.3927646,54.3339997],[-108.3928069,54.3343777],[-108.3929759,54.3346651],[-108.3936703,54.3352514],[-108.3939868,54.3356793],[-108.3939582,54.3359072],[-108.3934321,54.3365245],[-108.3932679,54.3368628],[-108.3927617,54.337141],[-108.3923552,54.3372105],[-108.3917707,54.3371433],[-108.3914671,54.3370129],[-108.3913197,54.3368724],[-108.3908856,54.3361227],[-108.3911362,54.3356707],[-108.3915354,54.335275],[-108.3918965,54.3334631]]},"properties":{"source":"NRCan-CanVec-10.0","waterway":"stream","osmId":260376847,"osmType":"way","sourceUrl":"https://www.openstreetmap.org/way/260376847"}},{"type":"Feature","id":"way/260376849","geometry":{"type":"LineString","coordinates":[[-108.3065286,54.3031946],[-108.3059191,54.3026162],[-108.304819,54.3018744],[-108.3046147,54.3016194],[-108.304653,54.3012409],[-108.3047896,54.3008688],[-108.3051041,54.3005027],[-108.3051999,54.3002385],[-108.3051262,54.3000795],[-108.3049023,54.2997708],[-108.3044367,54.2996324],[-108.3032211,54.2998488],[-108.3026744,54.2997951],[-108.3024585,54.2997285],[-108.302244,54.2995776],[-108.3023167,54.2993817],[-108.3028165,54.2987777],[-108.3034052,54.2983308],[-108.303829,54.2979138],[-108.3037719,54.2976685],[-108.3036556,54.2975241],[-108.3033068,54.2973992],[-108.302654,54.2974055],[-108.3016359,54.2976814],[-108.3013056,54.2978719],[-108.3004171,54.2981971],[-108.2993202,54.2985202],[-108.2982398,54.298757],[-108.2972758,54.2991383],[-108.2969951,54.2992012],[-108.296277,54.2991594],[-108.2956196,54.2989326],[-108.294725,54.2984923],[-108.2941784,54.2981303],[-108.2936434,54.29758],[-108.2935567,54.2973852],[-108.2936383,54.2968611],[-108.293756,54.2966129]]},"properties":{"source":"NRCan-CanVec-10.0","waterway":"stream","osmId":260376849,"osmType":"way","sourceUrl":"https://www.openstreetmap.org/way/260376849"}},{"type":"Feature","id":"way/260376851","geometry":{"type":"LineString","coordinates":[[-108.3725684,54.3351555],[-108.3721362,54.3355926],[-108.3719361,54.3357017],[-108.3716705,54.3357628],[-108.3707964,54.3357784],[-108.3705931,54.3358785],[-108.370383,54.3360916],[-108.370077,54.3361298],[-108.3698642,54.3359413],[-108.3698036,54.3355563],[-108.369546,54.3354202],[-108.3686798,54.3352384],[-108.3680779,54.3352106],[-108.3678941,54.3353644],[-108.3676929,54.3354268],[-108.3672374,54.3353621],[-108.3671183,54.3353863],[-108.3667825,54.3356058],[-108.3667758,54.3357188],[-108.3669271,54.3360457],[-108.3674424,54.336318],[-108.3676617,54.3365244],[-108.3692061,54.3368553],[-108.3696451,54.3370062],[-108.3696766,54.3371799],[-108.3692229,54.3373393],[-108.3691003,54.3374854],[-108.3688151,54.3374929],[-108.3682992,54.3376133],[-108.3678206,54.3376169],[-108.3674893,54.337761],[-108.3671865,54.3378081],[-108.3669886,54.3378795],[-108.3667096,54.3381667],[-108.3664396,54.3388733],[-108.3661319,54.3392575],[-108.3659477,54.339673],[-108.3658828,54.3399335],[-108.3660497,54.3401277]]},"properties":{"source":"NRCan-CanVec-10.0","waterway":"stream","osmId":260376851,"osmType":"way","sourceUrl":"https://www.openstreetmap.org/way/260376851"}},{"type":"Feature","id":"way/260376852","geometry":{"type":"LineString","coordinates":[[-108.343275,54.3163917],[-108.3438669,54.3163928],[-108.3443657,54.3164896],[-108.3449378,54.3165679]]},"properties":{"source":"NRCan-CanVec-10.0","waterway":"stream","osmId":260376852,"osmType":"way","sourceUrl":"https://www.openstreetmap.org/way/260376852"}},{"type":"Feature","id":"way/260376854","geometry":{"type":"LineString","coordinates":[[-108.395366,54.3171477],[-108.3951421,54.3171476],[-108.3945697,54.3173313],[-108.3942736,54.3175273],[-108.3941751,54.3177826],[-108.3945735,54.3180413],[-108.3950732,54.3185771],[-108.3955174,54.3189609],[-108.3957867,54.3194788],[-108.3958448,54.3205559],[-108.395979,54.3206606],[-108.3964595,54.3207501],[-108.3967959,54.3207081],[-108.3970701,54.3206271],[-108.3972772,54.3197506],[-108.3972643,54.319453],[-108.3974383,54.3190106],[-108.3990382,54.3176141],[-108.3991388,54.317452],[-108.3991467,54.3171238],[-108.3986951,54.3164138],[-108.3987717,54.3162733],[-108.3989999,54.316198],[-108.3997218,54.3161171],[-108.4003575,54.3158881],[-108.4011339,54.3159125],[-108.401786,54.3157282],[-108.4028179,54.3157955],[-108.4047016,54.315831],[-108.4056712,54.3159901],[-108.4063373,54.316019],[-108.4068626,54.3159252],[-108.4073705,54.3157402],[-108.4074306,54.315555],[-108.4069242,54.3151323],[-108.4069439,54.3149242],[-108.4074115,54.3145852],[-108.4078368,54.3136066],[-108.4081022,54.3134145],[-108.4083676,54.3133532],[-108.4099683,54.3133586],[-108.4111084,54.3131972]]},"properties":{"source":"NRCan-CanVec-10.0","waterway":"stream","osmId":260376854,"osmType":"way","sourceUrl":"https://www.openstreetmap.org/way/260376854"}},{"type":"Feature","id":"way/260376862","geometry":{"type":"LineString","coordinates":[[-108.3724294,54.299514],[-108.3734221,54.2999135],[-108.3744751,54.3001279],[-108.3749555,54.3000867],[-108.3761906,54.2996614],[-108.377102,54.2997065],[-108.3779007,54.2999246],[-108.3783925,54.3002651],[-108.3782589,54.3005996],[-108.3780874,54.3007425],[-108.3777664,54.3007826],[-108.3773549,54.3007498],[-108.3767526,54.3005446],[-108.3764131,54.3005777],[-108.3754855,54.3011888],[-108.3755094,54.301298],[-108.3756162,54.3014155],[-108.3758182,54.3013997],[-108.3762788,54.3014356],[-108.3765067,54.3016222],[-108.3767093,54.3019147],[-108.3769954,54.3026547],[-108.377275,54.3042088],[-108.3775955,54.3045613],[-108.3777129,54.3048832],[-108.3775618,54.3052572],[-108.3771817,54.3053981],[-108.3767449,54.3054713],[-108.3761609,54.305404],[-108.3753283,54.3051808],[-108.3744915,54.3047712],[-108.3740867,54.3046254],[-108.3730725,54.3046492],[-108.3722713,54.3045996],[-108.3706534,54.3046333],[-108.3698355,54.3048008],[-108.3696518,54.3049545],[-108.3693563,54.3054587],[-108.3689542,54.3057145],[-108.3672157,54.3059875],[-108.3665824,54.3060478],[-108.3661913,54.3062461],[-108.3660622,54.3063744],[-108.3660581,54.306889],[-108.3658853,54.3071161],[-108.3651496,54.3076846],[-108.364865,54.3081313],[-108.364816,54.3086982],[-108.3647083,54.3091042]]},"properties":{"source":"NRCan-CanVec-10.0","waterway":"stream","osmId":260376862,"osmType":"way","sourceUrl":"https://www.openstreetmap.org/way/260376862"}},{"type":"Feature","id":"way/260376865","geometry":{"type":"LineString","coordinates":[[-108.2610378,54.3203625],[-108.2605109,54.3202314],[-108.260024,54.3199459],[-108.2595986,54.3198304],[-108.2591346,54.3197849]]},"properties":{"source":"NRCan-CanVec-10.0","waterway":"stream","osmId":260376865,"osmType":"way","sourceUrl":"https://www.openstreetmap.org/way/260376865"}},{"type":"Feature","id":"way/260376866","geometry":{"type":"LineString","coordinates":[[-108.3951685,54.4324179],[-108.3953563,54.4318802],[-108.3958957,54.4312519],[-108.3959486,54.4308713],[-108.3962436,54.4304512]]},"properties":{"source":"NRCan-CanVec-10.0","waterway":"stream","osmId":260376866,"osmType":"way","sourceUrl":"https://www.openstreetmap.org/way/260376866"}},{"type":"Feature","id":"way/260376874","geometry":{"type":"LineString","coordinates":[[-108.3895491,54.3330365],[-108.3893966,54.3337566],[-108.3889921,54.3339193],[-108.3888609,54.3340853],[-108.3888771,54.3342609],[-108.389081,54.3346],[-108.3898689,54.3355298],[-108.3898097,54.3357616],[-108.3896511,54.3359403],[-108.3892455,54.3361873],[-108.3888247,54.3363052],[-108.3880665,54.3362877],[-108.387302,54.3359906],[-108.3862621,54.3357278],[-108.3852295,54.3357912],[-108.3849759,54.3359725],[-108.384744,54.3371325],[-108.3843819,54.3375422],[-108.3842645,54.3379215],[-108.3837742,54.338637],[-108.3831194,54.3388589],[-108.382454,54.3388765],[-108.3808318,54.3385087],[-108.380457,54.3384901],[-108.37993,54.3387989],[-108.379296,54.3389901],[-108.3783255,54.3399244],[-108.3779222,54.3400028],[-108.3777398,54.3399414],[-108.3774735,54.3396942],[-108.3768464,54.3388096],[-108.3766815,54.3387087],[-108.3765493,54.3386971],[-108.3762213,54.3388502],[-108.3760331,54.3390793],[-108.375839,54.339599],[-108.3755444,54.3400189],[-108.3754786,54.3402328],[-108.375182,54.3405596],[-108.3750752,54.3411431],[-108.3747078,54.3413198],[-108.3737752,54.3416137],[-108.3734386,54.3416556],[-108.3729228,54.3416452],[-108.3716865,54.3419395],[-108.3705662,54.3420698],[-108.3699007,54.3420874],[-108.368901,54.3419783],[-108.3681014,54.3417602],[-108.3675936,54.3415524],[-108.367279,54.3414794],[-108.3670389,54.3413037],[-108.3669881,54.3409455],[-108.3667439,54.3405833],[-108.3660497,54.3401277]]},"properties":{"source":"NRCan-CanVec-10.0","waterway":"stream","osmId":260376874,"osmType":"way","sourceUrl":"https://www.openstreetmap.org/way/260376874"}},{"type":"Feature","id":"way/260376875","geometry":{"type":"LineString","coordinates":[[-108.3528558,54.2996934],[-108.3534266,54.299725],[-108.3542705,54.2996292],[-108.3544324,54.2994595],[-108.3548351,54.298942],[-108.3549957,54.2988566],[-108.355227,54.2989212],[-108.3555836,54.2991104],[-108.3557625,54.2991629],[-108.3560541,54.2990424],[-108.3562152,54.2986952],[-108.3564262,54.2985287],[-108.3566916,54.2984676],[-108.3569038,54.2982168],[-108.3572684,54.2982088],[-108.3576229,54.2983048],[-108.3585355,54.2982658],[-108.3595894,54.2985269],[-108.3599352,54.2986427],[-108.3605185,54.2989718],[-108.3609774,54.2993539],[-108.3615503,54.3000488],[-108.3618263,54.3007621],[-108.3621905,54.3010158],[-108.3627175,54.3011463],[-108.363692,54.3012771],[-108.3640273,54.3011886],[-108.3641748,54.3010673],[-108.3642417,54.3009001],[-108.3640171,54.3007225],[-108.3640479,54.3005878],[-108.3643223,54.300376],[-108.3645618,54.3001125],[-108.3645632,54.2998973],[-108.3644151,54.2997102],[-108.3641469,54.2995006],[-108.364074,54.2993882],[-108.3641932,54.2992332],[-108.3650173,54.2992145],[-108.3657862,54.2996139],[-108.3662029,54.2997489],[-108.3666615,54.2996917],[-108.3668441,54.2994913],[-108.3668291,54.2986614],[-108.366741,54.29842],[-108.3667219,54.2981046],[-108.3668597,54.2979566],[-108.3673836,54.2979473],[-108.3675254,54.2979857],[-108.3679049,54.2982374],[-108.3679994,54.2984967],[-108.3681498,54.2986461],[-108.3683811,54.2987107],[-108.3715596,54.2994076],[-108.3724294,54.299514]]},"properties":{"source":"NRCan-CanVec-10.0","waterway":"stream","osmId":260376875,"osmType":"way","sourceUrl":"https://www.openstreetmap.org/way/260376875"}},{"type":"Feature","id":"way/260376878","geometry":{"type":"LineString","coordinates":[[-108.3707063,54.3491566],[-108.3699062,54.3492002],[-108.3693652,54.3491648],[-108.3688561,54.3490413],[-108.3669975,54.3479829],[-108.3658746,54.3475807]]},"properties":{"source":"NRCan-CanVec-10.0","waterway":"stream","osmId":260376878,"osmType":"way","sourceUrl":"https://www.openstreetmap.org/way/260376878"}},{"type":"Feature","id":"way/260376879","geometry":{"type":"LineString","coordinates":[[-108.3398824,54.3148887],[-108.3409095,54.3145926],[-108.3417856,54.3139696],[-108.3425433,54.3135481],[-108.3428644,54.3135082],[-108.3437387,54.3136704]]},"properties":{"source":"NRCan-CanVec-10.0","waterway":"stream","osmId":260376879,"osmType":"way","sourceUrl":"https://www.openstreetmap.org/way/260376879"}},{"type":"Feature","id":"way/260376880","geometry":{"type":"LineString","coordinates":[[-108.3405187,54.3183049],[-108.3398986,54.3172605],[-108.3395956,54.3165599],[-108.3394432,54.3158779],[-108.3395294,54.315456],[-108.3398824,54.3148887]]},"properties":{"source":"NRCan-CanVec-10.0","waterway":"stream","osmId":260376880,"osmType":"way","sourceUrl":"https://www.openstreetmap.org/way/260376880"}},{"type":"Feature","id":"way/260376885","geometry":{"type":"LineString","coordinates":[[-108.4053626,54.337913],[-108.4059162,54.3386384],[-108.4057672,54.3392366],[-108.4049283,54.3406596],[-108.4044548,54.3411582],[-108.4033572,54.3420059],[-108.4028598,54.3422644],[-108.4024543,54.3423805],[-108.4021166,54.3423759],[-108.4019549,54.3424148],[-108.4016271,54.3423062],[-108.4008516,54.3418048],[-108.4003534,54.341624],[-108.3996377,54.3415919],[-108.3990279,54.3416307],[-108.3985384,54.341561],[-108.3980106,54.3415615],[-108.3969581,54.3417023],[-108.3962073,54.3418802],[-108.3949139,54.3426307],[-108.3940252,54.3428258],[-108.3933354,54.343127],[-108.3926139,54.3433854],[-108.3916298,54.3439756],[-108.3909663,54.3442174],[-108.3907093,54.3443897],[-108.3905888,54.3446291],[-108.3907097,54.3450908],[-108.3905291,54.3453844],[-108.3900261,54.3456716],[-108.3891112,54.3457951],[-108.3878753,54.345697],[-108.3874807,54.3457556],[-108.3870794,54.3459272],[-108.3860809,54.346566],[-108.3856141,54.3466897],[-108.3850282,54.3467067],[-108.3844097,54.3466343],[-108.3838526,54.3464234],[-108.3826185,54.3457174],[-108.3823103,54.3456623],[-108.3807639,54.3456776],[-108.3798676,54.3458081],[-108.3791387,54.3457402],[-108.3788713,54.3454463],[-108.378265,54.3452322],[-108.3777714,54.3449759],[-108.3774035,54.3447133],[-108.3770986,54.3446672],[-108.3769392,54.3445375],[-108.3767178,54.344238],[-108.3767628,54.3440547],[-108.3776256,54.3436574],[-108.3779803,54.3431831],[-108.37821,54.3430236],[-108.3785664,54.3429044],[-108.3798143,54.3429917],[-108.3807391,54.3427642],[-108.3812855,54.3427708],[-108.3814646,54.3428232]]},"properties":{"source":"NRCan-CanVec-10.0","waterway":"stream","osmId":260376885,"osmType":"way","sourceUrl":"https://www.openstreetmap.org/way/260376885"}},{"type":"Feature","id":"way/260376897","geometry":{"type":"LineString","coordinates":[[-108.3742569,54.3240553],[-108.3751556,54.3241955],[-108.3755488,54.3242212],[-108.3767164,54.3241784],[-108.3777332,54.3242478],[-108.3781429,54.3241873],[-108.3792399,54.3238635],[-108.3810501,54.3236095]]},"properties":{"source":"NRCan-CanVec-10.0","waterway":"stream","osmId":260376897,"osmType":"way","sourceUrl":"https://www.openstreetmap.org/way/260376897"}},{"type":"Feature","id":"way/260376900","geometry":{"type":"LineString","coordinates":[[-108.272562,54.4901997],[-108.2732463,54.490536],[-108.2742529,54.4909635],[-108.2748864,54.4913808],[-108.2755914,54.4915089],[-108.275874,54.4916236],[-108.2763893,54.4919807],[-108.2766369,54.4923522],[-108.2769278,54.492578],[-108.27748,54.4927717],[-108.2777664,54.4927644],[-108.2779975,54.492605],[-108.2780092,54.4924166],[-108.2778347,54.4921577],[-108.2780483,54.4914209],[-108.2782948,54.4912597],[-108.2787572,54.4911185],[-108.2789706,54.4909987],[-108.2803916,54.4892997],[-108.2804606,54.4890481],[-108.2804057,54.4887651],[-108.2814463,54.4877861],[-108.2816281,54.4873149],[-108.2817441,54.4860013],[-108.2813356,54.4849673],[-108.2807843,54.4840257],[-108.2807629,54.4838788],[-108.281286,54.4833749],[-108.2814105,54.4826584],[-108.2817161,54.4822188],[-108.2819583,54.4820019],[-108.2821846,54.4819179],[-108.2830025,54.482004],[-108.2834546,54.4819669],[-108.2838125,54.4821564],[-108.2841896,54.482222],[-108.2844094,54.4821201],[-108.284565,54.4818859],[-108.2850802,54.4808315],[-108.2853102,54.4806254],[-108.2864695,54.4803702],[-108.2874415,54.4803063],[-108.2878777,54.480402],[-108.2880378,54.4804009],[-108.2888419,54.4797875],[-108.2891362,54.4794053],[-108.2893034,54.4792912],[-108.2896372,54.4791939],[-108.2901976,54.4791901],[-108.2912385,54.4794916],[-108.2918418,54.4797817],[-108.2928534,54.4800026],[-108.2937733,54.480104],[-108.2947477,54.4800024],[-108.2954623,54.4801572],[-108.296101,54.4803681],[-108.2971061,54.4805711],[-108.2975144,54.480502],[-108.2977732,54.4805074],[-108.2984296,54.4806787],[-108.2991982,54.4804529],[-108.300903,54.4800646],[-108.3019197,54.4800792],[-108.3028773,54.4800637],[-108.3037321,54.4802946],[-108.3044504,54.4803273],[-108.3051115,54.4804232],[-108.3065748,54.4807378],[-108.3071205,54.4809134],[-108.3085558,54.4810631],[-108.3087914,54.4811368],[-108.3090903,54.4812962],[-108.3101028,54.4823116],[-108.3106816,54.4824457],[-108.3124941,54.4826609],[-108.3129393,54.4827367],[-108.3134044,54.4827353],[-108.3138438,54.4825314],[-108.3142221,54.4822041],[-108.315146,54.4817439],[-108.3152497,54.4815441],[-108.3155535,54.4811887]]},"properties":{"source":"NRCan-CanVec-10.0","waterway":"stream","osmId":260376900,"osmType":"way","sourceUrl":"https://www.openstreetmap.org/way/260376900"}},{"type":"Feature","id":"way/260376902","geometry":{"type":"LineString","coordinates":[[-108.3437387,54.3136704],[-108.3438223,54.3138562],[-108.3437596,54.314079],[-108.3437447,54.3143892],[-108.3441687,54.3147196],[-108.34465,54.314856],[-108.3450109,54.3151008],[-108.3450499,54.3162175],[-108.3449378,54.3165679]]},"properties":{"source":"NRCan-CanVec-10.0","waterway":"stream","osmId":260376902,"osmType":"way","sourceUrl":"https://www.openstreetmap.org/way/260376902"}},{"type":"Feature","id":"way/260376907","geometry":{"type":"LineString","coordinates":[[-108.3645782,54.3444239],[-108.3641171,54.3443879],[-108.3634989,54.3441845],[-108.3630633,54.3439116],[-108.3627896,54.3435998],[-108.3631202,54.3425772],[-108.3630913,54.3422349],[-108.362858,54.3419462],[-108.3622521,54.3416011]]},"properties":{"source":"NRCan-CanVec-10.0","waterway":"stream","osmId":260376907,"osmType":"way","sourceUrl":"https://www.openstreetmap.org/way/260376907"}},{"type":"Feature","id":"way/260376935","geometry":{"type":"Polygon","coordinates":[[[-108.4158674,54.3191641],[-108.4157135,54.3190057],[-108.4152713,54.3187152],[-108.4147929,54.318719],[-108.4147689,54.3188716],[-108.4149348,54.3190191],[-108.4152875,54.3191525],[-108.415602,54.3193562],[-108.4157964,54.3194067],[-108.4159198,54.3193071],[-108.4158674,54.3191641]]]},"properties":{"natural":"water","source":"NRCan-CanVec-10.0","osmId":260376935,"osmType":"way","sourceUrl":"https://www.openstreetmap.org/way/260376935"}},{"type":"Feature","id":"way/260376961","geometry":{"type":"Polygon","coordinates":[[[-108.2807429,54.3390979],[-108.2803668,54.3388547],[-108.2800663,54.3388639],[-108.2798802,54.3392327],[-108.2798291,54.3394446],[-108.2801012,54.3397099],[-108.2805946,54.3398357],[-108.2808289,54.339732],[-108.2809463,54.3396147],[-108.2809983,54.3394494],[-108.2807429,54.3390979]]]},"properties":{"natural":"water","source":"NRCan-CanVec-10.0","osmId":260376961,"osmType":"way","sourceUrl":"https://www.openstreetmap.org/way/260376961"}},{"type":"Feature","id":"way/260376988","geometry":{"type":"Polygon","coordinates":[[[-108.2792923,54.4226584],[-108.278377,54.4228743],[-108.2781236,54.422971],[-108.2779729,54.4231298],[-108.2779993,54.4233789],[-108.2782377,54.4234616],[-108.2791325,54.4234539],[-108.2794156,54.4233068],[-108.2792508,54.4228972],[-108.2795985,54.4227514],[-108.2792923,54.4226584]]]},"properties":{"natural":"water","osmId":260376988,"osmType":"way","sourceUrl":"https://www.openstreetmap.org/way/260376988"}},{"type":"Feature","id":"way/260376995","geometry":{"type":"Polygon","coordinates":[[[-108.3668567,54.3139863],[-108.3663206,54.3140064],[-108.3658902,54.3140975],[-108.3656737,54.3142927],[-108.3656274,54.3145602],[-108.3657485,54.3146292],[-108.3665546,54.3144726],[-108.3670286,54.3144135],[-108.3672231,54.3143331],[-108.3671939,54.3141218],[-108.3668567,54.3139863]]]},"properties":{"natural":"water","source":"NRCan-CanVec-10.0","osmId":260376995,"osmType":"way","sourceUrl":"https://www.openstreetmap.org/way/260376995"}},{"type":"Feature","id":"way/260377005","geometry":{"type":"Polygon","coordinates":[[[-108.3593017,54.3686369],[-108.3592271,54.3687396],[-108.3594431,54.369068],[-108.3596145,54.3691868],[-108.3598922,54.3692458],[-108.3601056,54.3691725],[-108.3601987,54.3690767],[-108.3602022,54.3689548],[-108.3599225,54.3688026],[-108.3594679,54.3686536],[-108.3593017,54.3686369]]]},"properties":{"natural":"water","osmId":260377005,"osmType":"way","sourceUrl":"https://www.openstreetmap.org/way/260377005"}},{"type":"Feature","id":"way/260377006","geometry":{"type":"Polygon","coordinates":[[[-108.3478134,54.3045834],[-108.347631,54.3046528],[-108.3473806,54.3048429],[-108.347556,54.3050173],[-108.3480111,54.3050821],[-108.3483204,54.3049221],[-108.3490256,54.3049277],[-108.349207,54.3048116],[-108.3492106,54.3046897],[-108.348951,54.3045912],[-108.3478134,54.3045834]]]},"properties":{"natural":"water","source":"NRCan-CanVec-10.0","osmId":260377006,"osmType":"way","sourceUrl":"https://www.openstreetmap.org/way/260377006"}},{"type":"Feature","id":"way/260377010","geometry":{"type":"Polygon","coordinates":[[[-108.2833065,54.4443332],[-108.2831107,54.4442359],[-108.2828191,54.4442719],[-108.2825024,54.4443597],[-108.2822348,54.4446058],[-108.2822399,54.4447079],[-108.2825254,54.4448316],[-108.2828398,54.4448582],[-108.2832882,54.4448122],[-108.2833338,54.4446289],[-108.2833065,54.4443332]]]},"properties":{"natural":"water","osmId":260377010,"osmType":"way","sourceUrl":"https://www.openstreetmap.org/way/260377010"}},{"type":"Feature","id":"way/260377073","geometry":{"type":"Polygon","coordinates":[[[-108.4564972,54.4427126],[-108.4563142,54.4427823],[-108.4562979,54.4428685],[-108.4567967,54.4431334],[-108.4569283,54.4433601],[-108.4571103,54.4435056],[-108.4571783,54.4435158],[-108.4574325,54.4434653],[-108.4575833,54.4429601],[-108.4574232,54.4428305],[-108.4569158,54.4427163],[-108.4564972,54.4427126]]]},"properties":{"natural":"water","source":"NRCan-CanVec-10.0","osmId":260377073,"osmType":"way","sourceUrl":"https://www.openstreetmap.org/way/260377073"}},{"type":"Feature","id":"way/260377079","geometry":{"type":"Polygon","coordinates":[[[-108.394852,54.3370389],[-108.3945177,54.3370432],[-108.3940626,54.3376797],[-108.3940526,54.3377837],[-108.3942458,54.3380494],[-108.394579,54.3381293],[-108.3949626,54.3379973],[-108.3950764,54.3378709],[-108.395094,54.3377004],[-108.3952679,54.3375198],[-108.3953053,54.337272],[-108.394852,54.3370389]]]},"properties":{"natural":"water","source":"NRCan-CanVec-10.0","osmId":260377079,"osmType":"way","sourceUrl":"https://www.openstreetmap.org/way/260377079"}},{"type":"Feature","id":"way/260377085","geometry":{"type":"Polygon","coordinates":[[[-108.4289112,54.3341998],[-108.4291156,54.3344079],[-108.4292543,54.3346991],[-108.4295755,54.3346588],[-108.4296422,54.3344915],[-108.429947,54.3344066],[-108.4301535,54.3343153],[-108.430172,54.3341914],[-108.4297328,54.333779],[-108.4293679,54.3337873],[-108.4289211,54.3340957],[-108.4289112,54.3341998]]]},"properties":{"natural":"water","source":"NRCan-CanVec-10.0","osmId":260377085,"osmType":"way","sourceUrl":"https://www.openstreetmap.org/way/260377085"}},{"type":"Feature","id":"way/260377139","geometry":{"type":"Polygon","coordinates":[[[-108.2873902,54.4761527],[-108.2876379,54.4762156],[-108.288128,54.4762393],[-108.2882705,54.4762778],[-108.2882825,54.4765754],[-108.2881219,54.4767074],[-108.2878146,54.4767454],[-108.2872393,54.4766201],[-108.2870215,54.4765067],[-108.2870253,54.4763848],[-108.2872213,54.4761736],[-108.2873902,54.4761527]]]},"properties":{"natural":"water","source":"NRCan-CanVec-10.0","osmId":260377139,"osmType":"way","sourceUrl":"https://www.openstreetmap.org/way/260377139"}},{"type":"Feature","id":"way/260377140","geometry":{"type":"Polygon","coordinates":[[[-108.3045661,54.4429483],[-108.304108,54.4429676],[-108.3033221,54.4430555],[-108.3030115,54.4432154],[-108.3030045,54.4433285],[-108.3033524,54.4434911],[-108.3035129,54.4436675],[-108.3037338,54.4437897],[-108.3040366,54.4436962],[-108.3045769,54.4433302],[-108.3046992,54.4431375],[-108.3045661,54.4429483]]]},"properties":{"natural":"water","source":"NRCan-CanVec-10.0","osmId":260377140,"osmType":"way","sourceUrl":"https://www.openstreetmap.org/way/260377140"}},{"type":"Feature","id":"way/260377205","geometry":{"type":"Polygon","coordinates":[[[-108.2763032,54.4562181],[-108.275958,54.4561953],[-108.2756253,54.4563392],[-108.2753921,54.4565362],[-108.2753509,54.456644],[-108.275378,54.4567623],[-108.2755231,54.4569407],[-108.2757026,54.4569933],[-108.2759395,54.4569828],[-108.2762908,54.4568459],[-108.2764933,54.4566527],[-108.2765404,54.4563852],[-108.2763032,54.4562181]]]},"properties":{"natural":"water","osmId":260377205,"osmType":"way","sourceUrl":"https://www.openstreetmap.org/way/260377205"}},{"type":"Feature","id":"way/260377310","geometry":{"type":"Polygon","coordinates":[[[-108.393134,54.4869815],[-108.392657,54.4867323],[-108.3926176,54.4866249],[-108.3924871,54.4865757],[-108.3920537,54.4866203],[-108.391911,54.4867129],[-108.3918955,54.4868457],[-108.3920523,54.4869665],[-108.3924614,54.4870745],[-108.3927761,54.4872318],[-108.3930273,54.4873034],[-108.3931677,54.4872485],[-108.393134,54.4869815]]]},"properties":{"natural":"water","osmId":260377310,"osmType":"way","sourceUrl":"https://www.openstreetmap.org/way/260377310"}},{"type":"Feature","id":"way/260377311","geometry":{"type":"Polygon","coordinates":[[[-108.4829983,54.363553],[-108.4825907,54.3637071],[-108.4825963,54.3638093],[-108.4827903,54.3640748],[-108.4829753,54.3642292],[-108.4834094,54.3642775],[-108.4837562,54.3643929],[-108.4839891,54.364373],[-108.4841071,54.3643021],[-108.4841168,54.364198],[-108.4838461,54.3638112],[-108.4832728,54.3636027],[-108.4829983,54.363553]]]},"properties":{"natural":"water","osmId":260377311,"osmType":"way","sourceUrl":"https://www.openstreetmap.org/way/260377311"}},{"type":"Feature","id":"way/260377356","geometry":{"type":"Polygon","coordinates":[[[-108.3484862,54.3013406],[-108.3479948,54.3014392],[-108.347667,54.3015922],[-108.3475477,54.3017473],[-108.3475506,54.3018871],[-108.3477491,54.3019932],[-108.3478877,54.3020227],[-108.3486617,54.3019543],[-108.3490933,54.301779],[-108.3492311,54.301631],[-108.3491943,54.3014861],[-108.3490167,54.3013493],[-108.3484862,54.3013406]]]},"properties":{"natural":"water","source":"NRCan-CanVec-10.0","osmId":260377356,"osmType":"way","sourceUrl":"https://www.openstreetmap.org/way/260377356"}},{"type":"Feature","id":"way/260377380","geometry":{"type":"Polygon","coordinates":[[[-108.3269773,54.375],[-108.3267661,54.3747284],[-108.326773,54.3746154],[-108.3270259,54.3745185],[-108.3272413,54.3745385],[-108.3275056,54.3746926],[-108.3276936,54.3747254],[-108.3282157,54.3745764],[-108.3285996,54.3745755],[-108.3295385,54.3748235],[-108.3295108,54.3749671],[-108.3294616,54.375],[-108.3290988,54.3752426],[-108.3290717,54.3755638],[-108.3289511,54.3756722],[-108.328764,54.3756861],[-108.327846,54.3754075],[-108.3272568,54.3752843],[-108.3270975,54.3751546],[-108.3269773,54.375]]]},"properties":{"natural":"water","source":"NRCan-CanVec-10.0","osmId":260377380,"osmType":"way","sourceUrl":"https://www.openstreetmap.org/way/260377380"}},{"type":"Feature","id":"way/260377392","geometry":{"type":"Polygon","coordinates":[[[-108.3933816,54.3270706],[-108.3927197,54.3269663],[-108.3922338,54.3267746],[-108.3920688,54.3268046],[-108.3919156,54.3270855],[-108.3920346,54.3271921],[-108.3923076,54.3273263],[-108.3927367,54.3274503],[-108.3929978,54.3274644],[-108.3933857,54.3273879],[-108.393566,54.3272252],[-108.3935792,54.3271301],[-108.3933816,54.3270706]]]},"properties":{"natural":"water","source":"NRCan-CanVec-10.0","osmId":260377392,"osmType":"way","sourceUrl":"https://www.openstreetmap.org/way/260377392"}},{"type":"Feature","id":"way/260377420","geometry":{"type":"Polygon","coordinates":[[[-108.4557585,54.3006813],[-108.4557914,54.3009015],[-108.4557,54.3013057],[-108.4559087,54.3015693],[-108.4561938,54.3018233],[-108.456719,54.301991],[-108.4572103,54.3020228],[-108.4578017,54.3017615],[-108.4580962,54.3015189],[-108.4583945,54.3005465],[-108.4586824,54.3002859],[-108.4593394,54.3000725],[-108.4600215,54.3000148],[-108.4605552,54.299901],[-108.4616586,54.2997717],[-108.4618125,54.2997991],[-108.4618378,54.2999549],[-108.4615968,54.3002563],[-108.4619683,54.3006584],[-108.4619784,54.3009469],[-108.4613586,54.3011744],[-108.4612432,54.3014694],[-108.4614159,54.3017656],[-108.4614653,54.3020305],[-108.4612429,54.3023389],[-108.4612016,54.3025311],[-108.4614102,54.3026638],[-108.4616046,54.3027142],[-108.4622564,54.3027912],[-108.4630742,54.3030157],[-108.4636529,54.3031113],[-108.4638571,54.3031884],[-108.4641554,54.3034782],[-108.4647963,54.3036127],[-108.4651128,54.3035168],[-108.4654183,54.3033475],[-108.4656189,54.303154],[-108.4658993,54.3029598],[-108.4669327,54.3025962],[-108.467562,54.3021337],[-108.4678054,54.3020564],[-108.4682092,54.3020243],[-108.4686165,54.302132],[-108.4687892,54.3022973],[-108.4688309,54.3024978],[-108.4683389,54.3028121],[-108.4678052,54.3029259],[-108.4670369,54.3030973],[-108.4664,54.3036262],[-108.4658195,54.3039609],[-108.4655303,54.304044],[-108.4651046,54.3040601],[-108.4644561,54.303992],[-108.4641929,54.3038849],[-108.4636194,54.3034988],[-108.4631619,54.3033413],[-108.4616365,54.3030187],[-108.461225,54.3029863],[-108.4607336,54.3028236],[-108.4602944,54.3024114],[-108.4603063,54.3022696],[-108.4605102,54.3020851],[-108.4607252,54.3019739],[-108.4607545,54.3017926],[-108.4605763,54.3015251],[-108.4605192,54.3011957],[-108.4606118,54.3009691],[-108.4606466,54.300759],[-108.4604815,54.3005273],[-108.4601124,54.3003493],[-108.4598395,54.3003462],[-108.4596202,54.3004018],[-108.4593301,54.3007],[-108.4588624,54.3013852],[-108.458136,54.3021496],[-108.4577553,54.3023751],[-108.4568504,54.3024794],[-108.45644,54.3024936],[-108.45575,54.3023558],[-108.4552279,54.3020661],[-108.4550345,54.3018006],[-108.4549665,54.3013978],[-108.4549128,54.3010773],[-108.4546581,54.3005577],[-108.4543413,54.3002609],[-108.453981,54.3000631],[-108.4532507,54.3000333],[-108.4525501,54.3002147],[-108.4512985,54.3009422],[-108.4508675,54.3011179],[-108.4503326,54.301185],[-108.4497005,54.3010306],[-108.4492572,54.3008245],[-108.4490377,54.3006184],[-108.4488158,54.3000572],[-108.4488974,54.2996263],[-108.4490435,54.2993275],[-108.4497701,54.2988249],[-108.4507687,54.2985406],[-108.4510623,54.2985131],[-108.4513843,54.2985194],[-108.4514979,54.2986547],[-108.4514914,54.2987677],[-108.4511772,54.2989567],[-108.4503085,54.2992902],[-108.4499092,54.2995086],[-108.449739,54.2996983],[-108.4497328,54.3002039],[-108.4500824,54.3007209],[-108.450243,54.3008971],[-108.4504493,54.3009366],[-108.4507603,54.3007387],[-108.4511846,54.3002834],[-108.4520029,54.2997693],[-108.4528028,54.2995099],[-108.4540307,54.2994585],[-108.4544281,54.2995395],[-108.4550439,54.29978],[-108.4553988,54.3000065],[-108.4555813,54.3001987],[-108.4557585,54.3006813]]]},"properties":{"natural":"water","source":"NRCan-CanVec-10.0","osmId":260377420,"osmType":"way","sourceUrl":"https://www.openstreetmap.org/way/260377420"}},{"type":"Feature","id":"way/260377510","geometry":{"type":"Polygon","coordinates":[[[-108.3964156,54.4822377],[-108.3961605,54.4820977],[-108.3958836,54.4819731],[-108.3951561,54.4819197],[-108.3944108,54.4820285],[-108.3942263,54.4821228],[-108.3941379,54.4823137],[-108.3943177,54.482497],[-108.3949735,54.4826679],[-108.3957539,54.4828307],[-108.3961795,54.4828525],[-108.3963382,54.4827213],[-108.3964196,54.482461],[-108.3964156,54.4822377]]]},"properties":{"natural":"water","osmId":260377510,"osmType":"way","sourceUrl":"https://www.openstreetmap.org/way/260377510"}},{"type":"Feature","id":"way/260377516","geometry":{"type":"Polygon","coordinates":[[[-108.3781723,54.3359147],[-108.3784824,54.336063],[-108.378726,54.3361167],[-108.3798568,54.3361906],[-108.3806202,54.3364412],[-108.3807415,54.3363794],[-108.3807482,54.3362664],[-108.3805846,54.3360811],[-108.3800692,54.3358089],[-108.379357,54.3356547],[-108.3788719,54.3356405],[-108.3784032,54.3356709],[-108.3781758,54.3357928],[-108.3781723,54.3359147]]]},"properties":{"natural":"water","source":"NRCan-CanVec-10.0","osmId":260377516,"osmType":"way","sourceUrl":"https://www.openstreetmap.org/way/260377516"}},{"type":"Feature","id":"way/260377540","geometry":{"type":"Polygon","coordinates":[[[-108.3055031,54.3957223],[-108.3051055,54.3958183],[-108.304851,54.3959993],[-108.304799,54.3961647],[-108.305238,54.3964468],[-108.3058243,54.3965611],[-108.3063868,54.3965662],[-108.3066585,54.3964764],[-108.3067476,54.3963252],[-108.3065488,54.396219],[-108.3058487,54.3961001],[-108.3057428,54.3960291],[-108.3056726,54.395748],[-108.3055031,54.3957223]]]},"properties":{"natural":"water","osmId":260377540,"osmType":"way","sourceUrl":"https://www.openstreetmap.org/way/260377540"}},{"type":"Feature","id":"way/260377543","geometry":{"type":"Polygon","coordinates":[[[-108.3608284,54.4805611],[-108.3608256,54.4802903],[-108.3606068,54.4799996],[-108.360358,54.4798902],[-108.3599183,54.4797858],[-108.3594709,54.4797479],[-108.3587918,54.4798228],[-108.3586128,54.4799479],[-108.3585879,54.4803624],[-108.3587795,54.480535],[-108.3594211,54.4805769],[-108.3602554,54.480838],[-108.3605527,54.480773],[-108.3608284,54.4805611]]]},"properties":{"natural":"water","osmId":260377543,"osmType":"way","sourceUrl":"https://www.openstreetmap.org/way/260377543"}},{"type":"Feature","id":"way/260377554","geometry":{"type":"Polygon","coordinates":[[[-108.2969327,54.39898],[-108.2966781,54.3988526],[-108.2964031,54.3986249],[-108.2962893,54.3986203],[-108.2960297,54.3986992],[-108.2959744,54.3988556],[-108.2963976,54.399579],[-108.2965788,54.3997248],[-108.2967669,54.3997576],[-108.2969652,54.3996863],[-108.2967683,54.3993649],[-108.2968212,54.3992461],[-108.2969541,54.3991269],[-108.2969327,54.39898]]]},"properties":{"natural":"water","osmId":260377554,"osmType":"way","sourceUrl":"https://www.openstreetmap.org/way/260377554"}},{"type":"Feature","id":"way/260377629","geometry":{"type":"Polygon","coordinates":[[[-108.4254576,54.3362123],[-108.4255527,54.3360788],[-108.4252348,54.3358662],[-108.4244667,54.3356912],[-108.4240297,54.3356338],[-108.4236156,54.3356389],[-108.4234145,54.3357014],[-108.4233959,54.3359562],[-108.423551,54.336292],[-108.4239782,54.3365845],[-108.4242525,54.3366343],[-108.4253353,54.3366202],[-108.4252806,54.336384],[-108.4254576,54.3362123]]]},"properties":{"natural":"water","source":"NRCan-CanVec-10.0","osmId":260377629,"osmType":"way","sourceUrl":"https://www.openstreetmap.org/way/260377629"}},{"type":"Feature","id":"way/260377661","geometry":{"type":"Polygon","coordinates":[[[-108.3332641,54.3755572],[-108.3320674,54.3751731],[-108.3315479,54.3751534],[-108.3309206,54.375409],[-108.3305141,54.3756557],[-108.3304962,54.3758262],[-108.330605,54.376037],[-108.3311353,54.3761301],[-108.3318445,54.3759672],[-108.3320755,54.3758544],[-108.3326716,54.3758645],[-108.3330601,54.3757882],[-108.3332791,54.3756862],[-108.3332641,54.3755572]]]},"properties":{"natural":"water","osmId":260377661,"osmType":"way","sourceUrl":"https://www.openstreetmap.org/way/260377661"}},{"type":"Feature","id":"way/260377743","geometry":{"type":"Polygon","coordinates":[[[-108.4696913,54.2998371],[-108.4699839,54.2998938],[-108.4701892,54.3000176],[-108.4703696,54.3002474],[-108.4703189,54.3008054],[-108.4701239,54.301101],[-108.4696067,54.3012596],[-108.4693392,54.3012278],[-108.4689778,54.3011143],[-108.4688247,54.3008717],[-108.4688245,54.3007408],[-108.4691469,54.3001393],[-108.4693988,54.2999113],[-108.4696913,54.2998371]]]},"properties":{"natural":"water","source":"NRCan-CanVec-10.0","osmId":260377743,"osmType":"way","sourceUrl":"https://www.openstreetmap.org/way/260377743"}},{"type":"Feature","id":"way/260377749","geometry":{"type":"Polygon","coordinates":[[[-108.3119633,54.42817],[-108.3116026,54.4282801],[-108.311439,54.4284032],[-108.3114112,54.4285469],[-108.3117088,54.4286596],[-108.3122378,54.4286595],[-108.3124894,54.4287779],[-108.312786,54.428844],[-108.3130347,54.4288226],[-108.3130788,54.4287236],[-108.3130843,54.4283864],[-108.3130405,54.4283545],[-108.3124338,54.4283174],[-108.3119633,54.42817]]]},"properties":{"natural":"water","source":"NRCan-CanVec-10.0","osmId":260377749,"osmType":"way","sourceUrl":"https://www.openstreetmap.org/way/260377749"}},{"type":"Feature","id":"way/260377806","geometry":{"type":"Polygon","coordinates":[[[-108.3602606,54.4223924],[-108.3600198,54.4223475],[-108.3594689,54.4223319],[-108.3585018,54.4224054],[-108.357864,54.4226342],[-108.3575304,54.4229935],[-108.3575422,54.4231136],[-108.3577139,54.4232325],[-108.3579613,54.4232952],[-108.3583656,54.4232169],[-108.3587877,54.4229682],[-108.3599366,54.4229095],[-108.3601503,54.4228362],[-108.3603743,54.4225278],[-108.3602606,54.4223924]]]},"properties":{"natural":"water","osmId":260377806,"osmType":"way","sourceUrl":"https://www.openstreetmap.org/way/260377806"}},{"type":"Feature","id":"way/260377812","geometry":{"type":"Polygon","coordinates":[[[-108.2680699,54.4301567],[-108.2676766,54.4301772],[-108.2675491,54.4302677],[-108.267527,54.4305601],[-108.2677794,54.4307253],[-108.2682917,54.4308116],[-108.2683581,54.4309062],[-108.2687674,54.4312389],[-108.2690091,54.4313306],[-108.2693257,54.4313195],[-108.269562,54.4311315],[-108.2697265,54.4305691],[-108.2695509,54.4303945],[-108.2685255,54.4301752],[-108.2680699,54.4301567]]]},"properties":{"natural":"water","source":"NRCan-CanVec-10.0","osmId":260377812,"osmType":"way","sourceUrl":"https://www.openstreetmap.org/way/260377812"}},{"type":"Feature","id":"way/260377845","geometry":{"type":"Polygon","coordinates":[[[-108.3908464,54.4979647],[-108.3906251,54.4977717],[-108.3903427,54.4976923],[-108.3900216,54.4975614],[-108.3899304,54.4974352],[-108.3900223,54.4973655],[-108.3898084,54.4973079],[-108.3896734,54.4973341],[-108.3894757,54.4974522],[-108.3892679,54.4975069],[-108.3890909,54.4976361],[-108.3891419,54.497672],[-108.389276,54.4976533],[-108.3894101,54.4977654],[-108.3894134,54.4979431],[-108.3892499,54.4981374],[-108.3892153,54.4982816],[-108.3892223,54.498334],[-108.3893799,54.4983792],[-108.3897675,54.4984261],[-108.3900682,54.498429],[-108.3905482,54.4983079],[-108.3907834,54.4981346],[-108.3908464,54.4979647]]]},"properties":{"natural":"water","source":"NRCan-CanVec-10.0","osmId":260377845,"osmType":"way","sourceUrl":"https://www.openstreetmap.org/way/260377845"}},{"type":"Feature","id":"way/260377890","geometry":{"type":"Polygon","coordinates":[[[-108.3078031,54.3030083],[-108.308046,54.3031931],[-108.3082013,54.3034448],[-108.3082379,54.3035898],[-108.308054,54.3037434],[-108.3078594,54.3038236],[-108.3071473,54.3039308],[-108.3070195,54.3039747],[-108.3067586,54.3039603],[-108.30657,54.303881],[-108.3064268,54.3036184],[-108.3065286,54.3031946],[-108.3068552,54.303126],[-108.3071096,54.3031225],[-108.3078031,54.3030083]]]},"properties":{"natural":"water","source":"NRCan-CanVec-10.0","osmId":260377890,"osmType":"way","sourceUrl":"https://www.openstreetmap.org/way/260377890"}},{"type":"Feature","id":"way/260377913","geometry":{"type":"Polygon","coordinates":[[[-108.4756942,54.3127705],[-108.474457,54.312711],[-108.4739316,54.3125433],[-108.4734708,54.3125078],[-108.4729991,54.3125297],[-108.4727218,54.312602],[-108.4727176,54.3126773],[-108.4736078,54.3129674],[-108.4740471,54.3132488],[-108.4743606,54.3132748],[-108.4747481,54.313198],[-108.4757091,54.3132455],[-108.4760223,54.3131406],[-108.4760821,54.3129555],[-108.4756942,54.3127705]]]},"properties":{"natural":"water","source":"NRCan-CanVec-10.0","osmId":260377913,"osmType":"way","sourceUrl":"https://www.openstreetmap.org/way/260377913"}},{"type":"Feature","id":"way/260377922","geometry":{"type":"Polygon","coordinates":[[[-108.3136159,54.3963153],[-108.3122708,54.3963605],[-108.3118546,54.3964495],[-108.3116341,54.3966357],[-108.3121577,54.3968419],[-108.3124151,54.3971091],[-108.3132249,54.3974854],[-108.3139342,54.3974536],[-108.3145436,54.3974995],[-108.3149546,54.3973084],[-108.3151315,54.3970902],[-108.3151922,54.396905],[-108.3151039,54.3967945],[-108.3147183,54.3965712],[-108.3136159,54.3963153]]]},"properties":{"natural":"water","osmId":260377922,"osmType":"way","sourceUrl":"https://www.openstreetmap.org/way/260377922"}},{"type":"Feature","id":"way/260377927","geometry":{"type":"Polygon","coordinates":[[[-108.3309301,54.3048251],[-108.3310995,54.3051592],[-108.3312488,54.3052621],[-108.3314833,54.3053357],[-108.3318294,54.3053207],[-108.3321004,54.3052309],[-108.332318,54.3050824],[-108.3324124,54.3049024],[-108.3323571,54.3047504],[-108.332187,54.3046781],[-108.3319053,54.3046945],[-108.3316005,54.3047791],[-108.3312482,54.3046454],[-108.3309818,54.3046598],[-108.3309301,54.3048251]]]},"properties":{"natural":"water","source":"NRCan-CanVec-10.0","osmId":260377927,"osmType":"way","sourceUrl":"https://www.openstreetmap.org/way/260377927"}},{"type":"Feature","id":"way/260378058","geometry":{"type":"Polygon","coordinates":[[[-108.2930807,54.4948199],[-108.2928334,54.4949345],[-108.2926508,54.4953591],[-108.2927784,54.495577],[-108.2932809,54.4958983],[-108.2939399,54.4960319],[-108.2944746,54.4962651],[-108.2947466,54.4963063],[-108.2951164,54.4963074],[-108.2953185,54.496245],[-108.2956389,54.4956258],[-108.2956338,54.4952151],[-108.2954577,54.4950405],[-108.2947047,54.494825],[-108.2937993,54.4948527],[-108.2930807,54.4948199]]]},"properties":{"natural":"water","osmId":260378058,"osmType":"way","sourceUrl":"https://www.openstreetmap.org/way/260378058"}},{"type":"Feature","id":"way/260378068","geometry":{"type":"Polygon","coordinates":[[[-108.3397271,54.3895513],[-108.338708,54.3897433],[-108.3382956,54.3897104],[-108.3381192,54.3897978],[-108.3381593,54.3899517],[-108.3383602,54.3901511],[-108.3386357,54.3902477],[-108.3390198,54.3902468],[-108.3400223,54.3901409],[-108.3406809,54.39019],[-108.3409788,54.3900408],[-108.3410492,54.3898825],[-108.3408132,54.3897623],[-108.3405178,54.3897429],[-108.3400685,54.389565],[-108.3397271,54.3895513]]]},"properties":{"natural":"water","osmId":260378068,"osmType":"way","sourceUrl":"https://www.openstreetmap.org/way/260378068"}},{"type":"Feature","id":"way/260378073","geometry":{"type":"Polygon","coordinates":[[[-108.392383,54.2989285],[-108.3925739,54.2991009],[-108.3926895,54.2991986],[-108.3926629,54.2996506],[-108.3925742,54.2999328],[-108.3924388,54.3000432],[-108.3923394,54.300121],[-108.3915142,54.3000933],[-108.3901916,54.2997539],[-108.3896875,54.2995551],[-108.3894137,54.2993744],[-108.3894248,54.299186],[-108.3897819,54.2989825],[-108.3905189,54.2987689],[-108.3914838,54.2987418],[-108.392383,54.2989285]]]},"properties":{"natural":"water","source":"NRCan-CanVec-10.0","osmId":260378073,"osmType":"way","sourceUrl":"https://www.openstreetmap.org/way/260378073"}},{"type":"Feature","id":"way/260378086","geometry":{"type":"Polygon","coordinates":[[[-108.4257972,54.3837408],[-108.4253563,54.3838053],[-108.4240446,54.3840721],[-108.4225425,54.3840823],[-108.4223051,54.3841774],[-108.4223018,54.3842994],[-108.422537,54.3845038],[-108.4229166,54.3845778],[-108.4250182,54.3844553],[-108.425795,54.384433],[-108.4263059,54.384341],[-108.4265127,54.3842497],[-108.4266111,54.3841252],[-108.4266319,54.3838327],[-108.4264547,54.3837427],[-108.4257972,54.3837408]]]},"properties":{"natural":"water","osmId":260378086,"osmType":"way","sourceUrl":"https://www.openstreetmap.org/way/260378086"}},{"type":"Feature","id":"way/260378094","geometry":{"type":"Polygon","coordinates":[[[-108.3599458,54.3255031],[-108.3598182,54.3254162],[-108.3595702,54.3254377],[-108.3592783,54.3255582],[-108.3590697,54.3255562],[-108.35868,54.3254085],[-108.3583756,54.3252314],[-108.3582259,54.3252594],[-108.3580178,54.3255657],[-108.3580645,54.3257375],[-108.3583022,54.3259509],[-108.3589627,54.3261397],[-108.3594587,54.3260966],[-108.359814,54.3259308],[-108.3599759,54.3257611],[-108.3599458,54.3255031]]]},"properties":{"natural":"water","source":"NRCan-CanVec-10.0","osmId":260378094,"osmType":"way","sourceUrl":"https://www.openstreetmap.org/way/260378094"}},{"type":"Feature","id":"way/260378102","geometry":{"type":"Polygon","coordinates":[[[-108.3595542,54.3234208],[-108.3597001,54.3236457],[-108.3597726,54.3240199],[-108.360033,54.3244267],[-108.3599693,54.3246029],[-108.3597113,54.3247285],[-108.3591413,54.3246126],[-108.358375,54.3243529],[-108.3572966,54.3239825],[-108.3574902,54.3238556],[-108.357689,54.3238308],[-108.3578803,54.3237416],[-108.3580051,54.3235578],[-108.358309,54.3234265],[-108.3594581,54.3233767],[-108.3595542,54.3234208]]]},"properties":{"natural":"water","source":"NRCan-CanVec-10.0","osmId":260378102,"osmType":"way","sourceUrl":"https://www.openstreetmap.org/way/260378102"}},{"type":"Feature","id":"way/260378105","geometry":{"type":"Polygon","coordinates":[[[-108.2796116,54.3772629],[-108.2791663,54.3772712],[-108.2788491,54.3775441],[-108.2787984,54.3779335],[-108.2789713,54.3784542],[-108.2792112,54.3786301],[-108.2795478,54.3787193],[-108.2798324,54.3786654],[-108.2802095,54.3784692],[-108.2804347,54.3782077],[-108.2805319,54.3779901],[-108.2805585,54.3776224],[-108.2803436,54.3774714],[-108.2801797,54.3774169],[-108.2800112,54.3774377],[-108.2796116,54.3772629]]]},"properties":{"natural":"water","osmId":260378105,"osmType":"way","sourceUrl":"https://www.openstreetmap.org/way/260378105"}},{"type":"Feature","id":"way/260378137","geometry":{"type":"Polygon","coordinates":[[[-108.2780537,54.4302793],[-108.2766153,54.4303355],[-108.2761852,54.4305194],[-108.2758839,54.4305286],[-108.2754886,54.4307643],[-108.275211,54.4308827],[-108.2751402,54.431041],[-108.2752438,54.4311497],[-108.2754967,54.4311839],[-108.2757906,54.4311103],[-108.2775378,54.4311095],[-108.2778842,54.431048],[-108.2781302,54.4308868],[-108.2780303,54.4306561],[-108.2781146,54.4304027],[-108.2780537,54.4302793]]]},"properties":{"natural":"water","osmId":260378137,"osmType":"way","sourceUrl":"https://www.openstreetmap.org/way/260378137"}},{"type":"Feature","id":"way/260378138","geometry":{"type":"Polygon","coordinates":[[[-108.349077,54.3205574],[-108.3488674,54.3205087],[-108.3485452,54.3205021],[-108.3482296,54.3205134],[-108.3479638,54.3207054],[-108.347876,54.3209032],[-108.3482309,54.3214385],[-108.3482609,54.3216965],[-108.3481335,54.3220488],[-108.3482435,54.3221753],[-108.348428,54.3221991],[-108.3485309,54.3221302],[-108.3490259,54.3214704],[-108.3491865,54.3209457],[-108.349199,54.3206731],[-108.349077,54.3205574]]]},"properties":{"natural":"water","source":"NRCan-CanVec-10.0","osmId":260378138,"osmType":"way","sourceUrl":"https://www.openstreetmap.org/way/260378138"}},{"type":"Feature","id":"way/260378176","geometry":{"type":"Polygon","coordinates":[[[-108.2951987,54.427478],[-108.2944832,54.4278469],[-108.2937627,54.4281136],[-108.293447,54.4281713],[-108.2930705,54.4281057],[-108.2928905,54.428184],[-108.2928724,54.4283545],[-108.2933731,54.4286291],[-108.2936599,54.4286684],[-108.2945757,54.4286299],[-108.2951206,54.4284971],[-108.2952187,54.4283261],[-108.2951118,54.4279],[-108.2953567,54.4276921],[-108.2953814,54.4275395],[-108.2951987,54.427478]]]},"properties":{"natural":"water","osmId":260378176,"osmType":"way","sourceUrl":"https://www.openstreetmap.org/way/260378176"}},{"type":"Feature","id":"way/260378233","geometry":{"type":"Polygon","coordinates":[[[-108.433847,54.3091057],[-108.4342673,54.3091185],[-108.4350109,54.309446],[-108.4354227,54.3098711],[-108.4355363,54.3101373],[-108.4354883,54.3105734],[-108.4353071,54.3106896],[-108.4351641,54.3107356],[-108.4348463,54.3106539],[-108.4345024,54.3105007],[-108.4333012,54.3097538],[-108.4333077,54.3096408],[-108.4333983,54.3095827],[-108.4335883,54.3094467],[-108.4336483,54.3092615],[-108.433847,54.3091057]]]},"properties":{"natural":"water","source":"NRCan-CanVec-10.0","osmId":260378233,"osmType":"way","sourceUrl":"https://www.openstreetmap.org/way/260378233"}},{"type":"Feature","id":"way/260378235","geometry":{"type":"Polygon","coordinates":[[[-108.3183766,54.4232439],[-108.3181739,54.4232597],[-108.317884,54.4235199],[-108.3171744,54.4238602],[-108.3164666,54.4239853],[-108.3158544,54.4239771],[-108.3156467,54.4241991],[-108.3156943,54.4244175],[-108.3159073,54.4246061],[-108.3164382,54.4246993],[-108.3172172,54.4245934],[-108.3175926,54.4243039],[-108.3181022,54.4238107],[-108.3182504,54.4236895],[-108.3185067,54.4232932],[-108.3183766,54.4232439]]]},"properties":{"natural":"water","source":"NRCan-CanVec-10.0","osmId":260378235,"osmType":"way","sourceUrl":"https://www.openstreetmap.org/way/260378235"}},{"type":"Feature","id":"way/260378301","geometry":{"type":"Polygon","coordinates":[[[-108.2842819,54.3707694],[-108.28461,54.3710559],[-108.2847357,54.3713581],[-108.2846126,54.3715041],[-108.2843373,54.3717158],[-108.2837268,54.3720623],[-108.2832366,54.372123],[-108.2827534,54.3720706],[-108.2822731,54.3718497],[-108.2820661,54.3716323],[-108.2820269,54.3710391],[-108.2821305,54.3708393],[-108.282422,54.3706724],[-108.2828565,54.3705906],[-108.2836233,54.3705425],[-108.2840712,54.370674],[-108.2842819,54.3707694]]]},"properties":{"natural":"water","source":"NRCan-CanVec-10.0","osmId":260378301,"osmType":"way","sourceUrl":"https://www.openstreetmap.org/way/260378301"}},{"type":"Feature","id":"way/260378320","geometry":{"type":"Polygon","coordinates":[[[-108.2659414,54.375],[-108.2657944,54.3752702],[-108.2648982,54.3761099],[-108.2634778,54.3770049],[-108.2631045,54.377079],[-108.2625302,54.3770846],[-108.2619324,54.3769808],[-108.2616804,54.3768157],[-108.2615947,54.3766674],[-108.2615104,54.375949],[-108.261348,54.3758101],[-108.2610204,54.3757011],[-108.2603112,54.3755551],[-108.2600301,54.3753094],[-108.2600145,54.3751338],[-108.260104,54.375],[-108.2602325,54.3748079],[-108.2601774,54.3746558],[-108.2599329,54.3745552],[-108.2594052,54.3744241],[-108.2586657,54.3739734],[-108.2583587,54.3736562],[-108.2583946,54.3734462],[-108.2584816,54.3733327],[-108.2587821,54.3731461],[-108.2600722,54.3729961],[-108.2606108,54.3728922],[-108.2617963,54.3724093],[-108.262668,54.3723857],[-108.2646317,54.3727693],[-108.2650781,54.3729851],[-108.2657458,54.3738558],[-108.2660117,54.3745892],[-108.2659961,54.3748995],[-108.2659414,54.375]]]},"properties":{"natural":"water","source":"NRCan-CanVec-10.0","osmId":260378320,"osmType":"way","sourceUrl":"https://www.openstreetmap.org/way/260378320"}},{"type":"Feature","id":"way/260378332","geometry":{"type":"Polygon","coordinates":[[[-108.3468336,54.3140047],[-108.3469895,54.3141254],[-108.3470413,54.3143994],[-108.3469487,54.3148034],[-108.3465751,54.3154014],[-108.346553,54.3155163],[-108.3464043,54.3155909],[-108.346104,54.3156002],[-108.3459927,54.315558],[-108.3460457,54.3153084],[-108.3459395,54.3149291],[-108.3456468,54.3144328],[-108.3456253,54.314286],[-108.3458406,54.314175],[-108.3462753,54.3141396],[-108.346506,54.3140268],[-108.3468336,54.3140047]]]},"properties":{"natural":"water","source":"NRCan-CanVec-10.0","osmId":260378332,"osmType":"way","sourceUrl":"https://www.openstreetmap.org/way/260378332"}},{"type":"Feature","id":"way/260378333","geometry":{"type":"Polygon","coordinates":[[[-108.4822386,54.439936],[-108.481968,54.4399419],[-108.4813728,54.439764],[-108.4809236,54.4397642],[-108.4804221,54.4400142],[-108.4797003,54.4409278],[-108.479683,54.4410983],[-108.4797752,54.4412177],[-108.4802673,54.4413337],[-108.4808591,54.4413717],[-108.4814419,54.4412986],[-108.4816675,54.4412142],[-108.4821973,54.4408671],[-108.4824533,54.4406479],[-108.4825846,54.4404818],[-108.482617,54.4401785],[-108.4822386,54.439936]]]},"properties":{"natural":"water","osmId":260378333,"osmType":"way","sourceUrl":"https://www.openstreetmap.org/way/260378333"}},{"type":"Feature","id":"way/260378348","geometry":{"type":"Polygon","coordinates":[[[-108.3848325,54.2994327],[-108.3863353,54.2996095],[-108.3868482,54.2997884],[-108.3871001,54.2999532],[-108.3871338,54.3000892],[-108.386912,54.3003132],[-108.3862483,54.3003775],[-108.3854827,54.3006881],[-108.3849533,54.3007262],[-108.3844874,54.3005881],[-108.3838784,54.300496],[-108.3835457,54.3002851],[-108.3834084,54.3000406],[-108.3834687,54.2998555],[-108.3837713,54.2996775],[-108.3844624,54.2994696],[-108.3848325,54.2994327]]]},"properties":{"natural":"water","source":"NRCan-CanVec-10.0","osmId":260378348,"osmType":"way","sourceUrl":"https://www.openstreetmap.org/way/260378348"}},{"type":"Feature","id":"way/260378421","geometry":{"type":"Polygon","coordinates":[[[-108.343275,54.3163917],[-108.3431126,54.316253],[-108.342429,54.3162633],[-108.3421668,54.3163334],[-108.3417868,54.3167825],[-108.3414325,54.3169949],[-108.3414257,54.3171079],[-108.3415813,54.3173595],[-108.3422393,54.3175861],[-108.3430734,54.3181645],[-108.3433386,54.3182343],[-108.34358,54.3181949],[-108.3437323,54.3179984],[-108.3436899,54.3178821],[-108.3431239,54.3170741],[-108.3431173,54.3166169],[-108.343275,54.3163917]]]},"properties":{"natural":"water","source":"NRCan-CanVec-10.0","osmId":260378421,"osmType":"way","sourceUrl":"https://www.openstreetmap.org/way/260378421"}},{"type":"Feature","id":"way/260378443","geometry":{"type":"Polygon","coordinates":[[[-108.3586859,54.3293708],[-108.3584007,54.3293783],[-108.3574147,54.3303143],[-108.3573358,54.3304923],[-108.3569646,54.3309218],[-108.3569937,54.3311332],[-108.3571201,54.3313043],[-108.3576478,54.331304],[-108.3579833,54.3312155],[-108.3584625,54.3308193],[-108.3593297,54.3303468],[-108.3593748,54.3301635],[-108.3591752,54.3300108],[-108.3590674,54.3298467],[-108.3590438,54.3296066],[-108.3589216,54.329491],[-108.3586859,54.3293708]]]},"properties":{"natural":"water","source":"NRCan-CanVec-10.0","osmId":260378443,"osmType":"way","sourceUrl":"https://www.openstreetmap.org/way/260378443"}},{"type":"Feature","id":"way/260378453","geometry":{"type":"Polygon","coordinates":[[[-108.3516853,54.3647426],[-108.3515967,54.364763],[-108.3510665,54.3652402],[-108.3510082,54.3653877],[-108.3515326,54.3656403],[-108.3519377,54.365917],[-108.352153,54.365937],[-108.3524801,54.3658682],[-108.3526609,54.3657055],[-108.3528374,54.3654873],[-108.3529177,54.3652249],[-108.3533399,54.3651537],[-108.3538681,54.3651534],[-108.3539461,54.3649287],[-108.3537649,54.364783],[-108.3528178,54.3648634],[-108.3516853,54.3647426]]]},"properties":{"natural":"water","osmId":260378453,"osmType":"way","sourceUrl":"https://www.openstreetmap.org/way/260378453"}},{"type":"Feature","id":"way/260378456","geometry":{"type":"Polygon","coordinates":[[[-108.3969734,54.3227238],[-108.3972091,54.3229747],[-108.3971456,54.3231509],[-108.3969008,54.3233124],[-108.3958126,54.3237475],[-108.395123,54.3241795],[-108.3948936,54.3242082],[-108.3946872,54.3241686],[-108.3944242,54.3239303],[-108.3944331,54.3237797],[-108.3944975,54.323781],[-108.3946287,54.323615],[-108.396239,54.3232081],[-108.3963713,54.3230888],[-108.3963999,54.3228609],[-108.3964687,54.3227868],[-108.3969734,54.3227238]]]},"properties":{"natural":"water","source":"NRCan-CanVec-10.0","osmId":260378456,"osmType":"way","sourceUrl":"https://www.openstreetmap.org/way/260378456"}},{"type":"Feature","id":"way/260378482","geometry":{"type":"Polygon","coordinates":[[[-108.4135034,54.3150663],[-108.4140308,54.3151966],[-108.4143387,54.3153824],[-108.4143474,54.3154935],[-108.4140896,54.3156192],[-108.4136397,54.315526],[-108.4132532,54.3155183],[-108.4131974,54.3156281],[-108.4134081,54.315985],[-108.4132366,54.316128],[-108.4131132,54.3160967],[-108.4128173,54.3160309],[-108.4123773,54.3157027],[-108.4122398,54.3154581],[-108.4122618,54.3152123],[-108.412655,54.3149761],[-108.4130164,54.3149589],[-108.4135034,54.3150663]]]},"properties":{"natural":"water","source":"NRCan-CanVec-10.0","osmId":260378482,"osmType":"way","sourceUrl":"https://www.openstreetmap.org/way/260378482"}},{"type":"Feature","id":"way/260378566","geometry":{"type":"Polygon","coordinates":[[[-108.4064678,54.3269494],[-108.4062974,54.3268772],[-108.4051221,54.3268559],[-108.4049124,54.3268073],[-108.4045739,54.3266253],[-108.404374,54.3266035],[-108.4041948,54.326682],[-108.4041936,54.3268972],[-108.404306,54.3271168],[-108.4050049,54.3274969],[-108.405233,54.3278142],[-108.4055115,54.3279196],[-108.405932,54.3279325],[-108.4061691,54.3278374],[-108.4063015,54.3274563],[-108.4065124,54.3272897],[-108.4065835,54.3270471],[-108.4064678,54.3269494]]]},"properties":{"natural":"water","source":"NRCan-CanVec-10.0","osmId":260378566,"osmType":"way","sourceUrl":"https://www.openstreetmap.org/way/260378566"}},{"type":"Feature","id":"way/260378580","geometry":{"type":"Polygon","coordinates":[[[-108.4097535,54.4767852],[-108.409104,54.476762],[-108.4087193,54.476819],[-108.4084886,54.4769343],[-108.4081721,54.477007],[-108.4076541,54.4770619],[-108.4072173,54.4770668],[-108.4070402,54.4771276],[-108.407034,54.4773073],[-108.4071287,54.4775715],[-108.4072631,54.4778793],[-108.4074864,54.4780657],[-108.407819,54.4781218],[-108.4080452,54.4780803],[-108.4082906,54.4779432],[-108.4086562,54.4778792],[-108.4091362,54.4778002],[-108.409572,54.4777277],[-108.4098702,54.4776696],[-108.4100006,54.4774828],[-108.4100656,54.4771224],[-108.4099558,54.4768689],[-108.4097535,54.4767852]]]},"properties":{"natural":"water","source":"NRCan-CanVec-10.0","osmId":260378580,"osmType":"way","sourceUrl":"https://www.openstreetmap.org/way/260378580"}},{"type":"Feature","id":"way/260378589","geometry":{"type":"Polygon","coordinates":[[[-108.3561056,54.3075597],[-108.3555901,54.30768],[-108.3551552,54.3078463],[-108.3546196,54.3081748],[-108.3537126,54.3086243],[-108.353016,54.309169],[-108.3529601,54.3092788],[-108.3532045,54.3093792],[-108.3535473,54.3093552],[-108.3542231,54.308841],[-108.354786,54.3084999],[-108.3554492,54.3082583],[-108.355944,54.3081686],[-108.3562204,54.3080501],[-108.356449,54.307844],[-108.3565181,54.3076391],[-108.3563633,54.307565],[-108.3561056,54.3075597]]]},"properties":{"natural":"water","source":"NRCan-CanVec-10.0","osmId":260378589,"osmType":"way","sourceUrl":"https://www.openstreetmap.org/way/260378589"}},{"type":"Feature","id":"way/260378599","geometry":{"type":"Polygon","coordinates":[[[-108.3645856,54.3138956],[-108.3633564,54.3130675],[-108.3627678,54.3125053],[-108.3617362,54.3117366],[-108.3613508,54.3110744],[-108.3610878,54.3109669],[-108.3608465,54.3110064],[-108.3607164,54.311088],[-108.3607367,54.3113191],[-108.360926,54.3117068],[-108.3618008,54.3128782],[-108.3624789,54.3134666],[-108.3631694,54.3139133],[-108.3638961,54.3141966],[-108.3643927,54.3143309],[-108.3646461,54.3142806],[-108.3647577,54.3141919],[-108.3645856,54.3138956]]]},"properties":{"natural":"water","source":"NRCan-CanVec-10.0","osmId":260378599,"osmType":"way","sourceUrl":"https://www.openstreetmap.org/way/260378599"}},{"type":"Feature","id":"way/260378611","geometry":{"type":"Polygon","coordinates":[[[-108.4153711,54.3136172],[-108.4156244,54.3136977],[-108.4158526,54.3138841],[-108.4157783,54.3139869],[-108.415525,54.3140373],[-108.4145346,54.3140398],[-108.4131609,54.3139126],[-108.4123267,54.3137739],[-108.4119533,54.3136711],[-108.4114391,54.3134456],[-108.4111084,54.3131972],[-108.4111511,54.3129208],[-108.4112352,54.3128448],[-108.4115398,54.3128908],[-108.412161,54.3132338],[-108.4125933,54.3133666],[-108.4145959,54.3135086],[-108.4153711,54.3136172]]]},"properties":{"natural":"water","source":"NRCan-CanVec-10.0","osmId":260378611,"osmType":"way","sourceUrl":"https://www.openstreetmap.org/way/260378611"}},{"type":"Feature","id":"way/260378661","geometry":{"type":"Polygon","coordinates":[[[-108.3184783,54.3944039],[-108.319264,54.3940541],[-108.3193015,54.3939373],[-108.3192272,54.3939091],[-108.3171716,54.3940705],[-108.3165613,54.393978],[-108.3161683,54.3939986],[-108.3157881,54.394186],[-108.3153865,54.3945349],[-108.3154016,54.3949723],[-108.3151458,54.3952377],[-108.3151366,54.3953884],[-108.315354,54.3955016],[-108.3162018,54.3956302],[-108.3177308,54.3955621],[-108.3181283,54.3954661],[-108.3183465,54.3953175],[-108.3185006,54.3950367],[-108.3184783,54.3944039]]]},"properties":{"natural":"water","osmId":260378661,"osmType":"way","sourceUrl":"https://www.openstreetmap.org/way/260378661"}},{"type":"Feature","id":"way/260378667","geometry":{"type":"Polygon","coordinates":[[[-108.295536,54.4076956],[-108.2952479,54.4077406],[-108.2950175,54.4079],[-108.2951285,54.4080732],[-108.2950077,54.40849],[-108.2947238,54.4085906],[-108.2944971,54.408628],[-108.2937778,54.4086329],[-108.2935306,54.40857],[-108.2934228,54.4084057],[-108.2934716,54.4082315],[-108.2935004,54.407826],[-108.2934986,54.4077328],[-108.293671,54.4075899],[-108.294064,54.4075693],[-108.2955564,54.407179],[-108.2958352,54.4072847],[-108.295772,54.4075075],[-108.295536,54.4076956]]]},"properties":{"natural":"water","source":"NRCan-CanVec-10.0","osmId":260378667,"osmType":"way","sourceUrl":"https://www.openstreetmap.org/way/260378667"}},{"type":"Feature","id":"way/260378715","geometry":{"type":"Polygon","coordinates":[[[-108.3272407,54.3066765],[-108.3276294,54.3066468],[-108.3278437,54.3069286],[-108.3281456,54.3071434],[-108.3280154,54.307225],[-108.3271612,54.3074246],[-108.326884,54.3073657],[-108.3266944,54.3072397],[-108.326683,54.3069888],[-108.3266362,54.3069479],[-108.3262872,54.3068231],[-108.3261096,54.3066863],[-108.3261002,54.3065286],[-108.3263696,54.3062147],[-108.3266045,54.3061575],[-108.3267431,54.306187],[-108.3269317,54.3062663],[-108.3270686,54.306511],[-108.3272407,54.3066765]]]},"properties":{"natural":"water","source":"NRCan-CanVec-10.0","osmId":260378715,"osmType":"way","sourceUrl":"https://www.openstreetmap.org/way/260378715"}},{"type":"Feature","id":"way/260378740","geometry":{"type":"Polygon","coordinates":[[[-108.4034197,54.3190574],[-108.4036817,54.319249],[-108.4037472,54.3192969],[-108.4036671,54.3199519],[-108.4034562,54.3201185],[-108.4031481,54.3201944],[-108.4027921,54.3201829],[-108.4014948,54.3199151],[-108.4012197,54.3198186],[-108.4010472,54.3197841],[-108.4005733,54.3195816],[-108.4005866,54.3193556],[-108.4009656,54.3192988],[-108.4016414,54.3196163],[-108.402432,54.3197231],[-108.4027936,54.3195751],[-108.4029412,54.3193229],[-108.4031729,54.3191257],[-108.4034197,54.3190574]]]},"properties":{"natural":"water","source":"NRCan-CanVec-10.0","osmId":260378740,"osmType":"way","sourceUrl":"https://www.openstreetmap.org/way/260378740"}},{"type":"Feature","id":"way/260378746","geometry":{"type":"Polygon","coordinates":[[[-108.4094927,54.3193542],[-108.4097996,54.3194934],[-108.4097853,54.3196728],[-108.4096399,54.3198873],[-108.4088436,54.3203328],[-108.4086643,54.3205422],[-108.4086238,54.320781],[-108.4084227,54.3211053],[-108.4084761,54.3214258],[-108.4086976,54.3217252],[-108.408537,54.3218108],[-108.4082345,54.3217271],[-108.4080053,54.321494],[-108.4078613,54.3212316],[-108.4078638,54.3205395],[-108.4081383,54.319804],[-108.4085043,54.3194498],[-108.4089871,54.3193707],[-108.4094927,54.3193542]]]},"properties":{"natural":"water","source":"NRCan-CanVec-10.0","osmId":260378746,"osmType":"way","sourceUrl":"https://www.openstreetmap.org/way/260378746"}},{"type":"Feature","id":"way/260378914","geometry":{"type":"Polygon","coordinates":[[[-108.3016222,54.4425273],[-108.3014036,54.4423674],[-108.300992,54.44225],[-108.3005902,54.442468],[-108.3003786,54.4425035],[-108.2995177,54.4423856],[-108.2988043,54.4424084],[-108.2983602,54.4425101],[-108.2980933,54.442702],[-108.2980863,54.442815],[-108.2982547,54.4429251],[-108.2984923,54.4429611],[-108.2996611,54.4430877],[-108.300141,54.4430844],[-108.3004219,54.4432833],[-108.3007396,54.4433188],[-108.3010126,54.4432757],[-108.3015264,54.4429691],[-108.3016543,54.4427477],[-108.3016222,54.4425273]]]},"properties":{"natural":"water","source":"NRCan-CanVec-10.0","osmId":260378914,"osmType":"way","sourceUrl":"https://www.openstreetmap.org/way/260378914"}},{"type":"Feature","id":"way/260379102","geometry":{"type":"Polygon","coordinates":[[[-108.3423435,54.3043954],[-108.3418539,54.3041479],[-108.341459,54.3040289],[-108.3406042,54.3040512],[-108.3403505,54.3042323],[-108.340587,54.3043991],[-108.3411972,54.3044072],[-108.3413911,54.3045887],[-108.341395,54.3047751],[-108.3411196,54.3049403],[-108.3408115,54.305016],[-108.3405419,54.3050215],[-108.3402839,54.3051471],[-108.3402706,54.3052422],[-108.3403741,54.3053508],[-108.3414287,54.3053504],[-108.3417487,54.3052638],[-108.3422024,54.3049737],[-108.3423953,54.3046693],[-108.3424196,54.3045167],[-108.3423435,54.3043954]]]},"properties":{"natural":"water","source":"NRCan-CanVec-10.0","osmId":260379102,"osmType":"way","sourceUrl":"https://www.openstreetmap.org/way/260379102"}},{"type":"Feature","id":"way/260379124","geometry":{"type":"Polygon","coordinates":[[[-108.3484768,54.3073699],[-108.3483086,54.3073909],[-108.3481086,54.3074999],[-108.3480875,54.3076614],[-108.3487181,54.30891],[-108.3492075,54.3092883],[-108.3497837,54.3094222],[-108.3503329,54.3094379],[-108.350854,54.3092888],[-108.3512886,54.3092534],[-108.3517378,54.3090386],[-108.3518057,54.3089179],[-108.3515984,54.3088316],[-108.351046,54.308807],[-108.3500913,54.309038],[-108.3494224,54.308869],[-108.3491139,54.3086364],[-108.3490129,54.3083593],[-108.3490007,54.3079309],[-108.3488246,54.307579],[-108.3484768,54.3073699]]]},"properties":{"natural":"water","source":"NRCan-CanVec-10.0","osmId":260379124,"osmType":"way","sourceUrl":"https://www.openstreetmap.org/way/260379124"}},{"type":"Feature","id":"way/260379221","geometry":{"type":"Polygon","coordinates":[[[-108.3551412,54.4238701],[-108.3551943,54.4241907],[-108.3554226,54.4245083],[-108.3552986,54.4246078],[-108.3551704,54.4246518],[-108.3542482,54.4246729],[-108.3534368,54.425129],[-108.3524895,54.4251251],[-108.3521332,54.4252909],[-108.3515514,54.4254099],[-108.3512253,54.4252635],[-108.351208,54.4251721],[-108.3520156,54.424969],[-108.3523072,54.4248019],[-108.3524458,54.4245229],[-108.3526542,54.4243474],[-108.353281,54.424176],[-108.3535782,54.4239802],[-108.3539651,54.4238106],[-108.3541854,54.4237551],[-108.3548929,54.4237607],[-108.3551412,54.4238701]]]},"properties":{"natural":"water","source":"NRCan-CanVec-10.0","osmId":260379221,"osmType":"way","sourceUrl":"https://www.openstreetmap.org/way/260379221"}},{"type":"Feature","id":"way/260379228","geometry":{"type":"Polygon","coordinates":[[[-108.3352339,54.3064205],[-108.3359268,54.3061286],[-108.3358572,54.3060252],[-108.3356978,54.3060263],[-108.3351988,54.3060604],[-108.3347977,54.3062318],[-108.3346816,54.3063957],[-108.3348013,54.3069883],[-108.3348946,54.307201],[-108.3351432,54.307357],[-108.3358162,54.3075816],[-108.3369818,54.3077543],[-108.3379089,54.307667],[-108.3381812,54.3074929],[-108.3381509,54.3073658],[-108.338042,54.307286],[-108.3374548,54.3072095],[-108.3365319,54.3073524],[-108.3358136,54.3073109],[-108.3354909,54.3071268],[-108.3351406,54.306647],[-108.3352339,54.3064205]]]},"properties":{"natural":"water","source":"NRCan-CanVec-10.0","osmId":260379228,"osmType":"way","sourceUrl":"https://www.openstreetmap.org/way/260379228"}},{"type":"Feature","id":"way/260379235","geometry":{"type":"Polygon","coordinates":[[[-108.4862926,54.4201505],[-108.4860179,54.4202318],[-108.4854271,54.4205865],[-108.4852228,54.4209021],[-108.4849219,54.4210427],[-108.4842957,54.4212149],[-108.4829404,54.4214972],[-108.4824055,54.421873],[-108.4819603,54.4222749],[-108.4816638,54.4224711],[-108.4810662,54.422677],[-108.4810565,54.4227811],[-108.4812428,54.4228513],[-108.4814159,54.4228857],[-108.4820484,54.4226005],[-108.482707,54.4221251],[-108.4832101,54.4217065],[-108.4849343,54.4212937],[-108.4852758,54.421176],[-108.4861848,54.4205101],[-108.4864187,54.420275],[-108.4862926,54.4201505]]]},"properties":{"natural":"water","source":"NRCan-CanVec-10.0","osmId":260379235,"osmType":"way","sourceUrl":"https://www.openstreetmap.org/way/260379235"}},{"type":"Feature","id":"way/260379252","geometry":{"type":"Polygon","coordinates":[[[-108.4458564,54.3936387],[-108.4448923,54.3934135],[-108.4439445,54.393102],[-108.4433667,54.3930995],[-108.4430702,54.3931647],[-108.442731,54.3933755],[-108.4425769,54.3937408],[-108.4423494,54.3939937],[-108.4423726,54.3945799],[-108.442446,54.3946923],[-108.4430075,54.3950427],[-108.4436401,54.3951506],[-108.444092,54.3951594],[-108.4444313,54.3950796],[-108.4447934,54.3949314],[-108.4451774,54.3946682],[-108.4455833,54.3945519],[-108.445801,54.3944031],[-108.4460274,54.3941036],[-108.446129,54.3938571],[-108.446129,54.3937261],[-108.4458564,54.3936387]]]},"properties":{"natural":"water","source":"NRCan-CanVec-10.0","osmId":260379252,"osmType":"way","sourceUrl":"https://www.openstreetmap.org/way/260379252"}},{"type":"Feature","id":"way/260379295","geometry":{"type":"Polygon","coordinates":[[[-108.4652961,54.2992304],[-108.4653085,54.2996121],[-108.465905,54.3000607],[-108.4658449,54.3021158],[-108.4656665,54.3027179],[-108.4653862,54.3029121],[-108.4651123,54.3029933],[-108.4649179,54.3029429],[-108.4646983,54.3027368],[-108.4644545,54.3024215],[-108.464476,54.3020448],[-108.4647201,54.3016215],[-108.4644508,54.3008886],[-108.4644789,54.3006607],[-108.4647885,54.3002852],[-108.4647544,54.3000184],[-108.4644714,54.2997267],[-108.4637429,54.2992667],[-108.4637461,54.2991447],[-108.4640047,54.2990655],[-108.4647622,54.2990824],[-108.4651225,54.2991493],[-108.4652961,54.2992304]]]},"properties":{"natural":"water","source":"NRCan-CanVec-10.0","osmId":260379295,"osmType":"way","sourceUrl":"https://www.openstreetmap.org/way/260379295"}},{"type":"Feature","id":"way/260379386","geometry":{"type":"Polygon","coordinates":[[[-108.3635577,54.3398307],[-108.3639955,54.3400659],[-108.3642878,54.3403847],[-108.3642033,54.3405915],[-108.3637164,54.3409232],[-108.3622521,54.3416011],[-108.3620815,54.3416597],[-108.3617213,54.3420317],[-108.3614675,54.3422129],[-108.3611712,54.3422778],[-108.3607342,54.3422201],[-108.3602997,54.3419938],[-108.3599168,54.3416022],[-108.3592944,54.3413432],[-108.3590511,54.3411586],[-108.3590167,54.340845],[-108.358887,54.3406649],[-108.3588601,54.3404159],[-108.3595173,54.3395863],[-108.3597591,54.3394159],[-108.3607975,54.3391931],[-108.361914,54.3393157],[-108.3635577,54.3398307]]]},"properties":{"natural":"water","source":"NRCan-CanVec-10.0","osmId":260379386,"osmType":"way","sourceUrl":"https://www.openstreetmap.org/way/260379386"}},{"type":"Feature","id":"way/260379498","geometry":{"type":"Polygon","coordinates":[[[-108.3650569,54.3108927],[-108.3650063,54.3111046],[-108.3654466,54.3116105],[-108.3655587,54.3118302],[-108.3656182,54.3121686],[-108.3653558,54.3123695],[-108.365157,54.3123943],[-108.3649136,54.3123406],[-108.3638582,54.3114627],[-108.3635416,54.3114274],[-108.3634869,54.3114529],[-108.3634351,54.3117491],[-108.3636999,54.3120806],[-108.3640336,54.3123381],[-108.3647428,54.312661],[-108.3651303,54.3127154],[-108.3658522,54.3126348],[-108.3662662,54.312499],[-108.3665023,54.3123574],[-108.3665562,54.3121544],[-108.3663994,54.3118562],[-108.3656026,54.3110302],[-108.3653299,54.310896],[-108.3650569,54.3108927]]]},"properties":{"natural":"water","source":"NRCan-CanVec-10.0","osmId":260379498,"osmType":"way","sourceUrl":"https://www.openstreetmap.org/way/260379498"}},{"type":"Feature","id":"way/260379536","geometry":{"type":"Polygon","coordinates":[[[-108.4073047,54.3223762],[-108.4077819,54.3225876],[-108.4078474,54.3227664],[-108.4074486,54.3229004],[-108.4066971,54.3231627],[-108.406449,54.3233152],[-108.4063855,54.3236223],[-108.4067469,54.3239978],[-108.4072918,54.3242194],[-108.4076991,54.3243274],[-108.4079721,54.3244615],[-108.4079884,54.3246371],[-108.407771,54.3247858],[-108.4074771,54.3248132],[-108.4071287,54.3247353],[-108.4063895,54.3243323],[-108.4061177,54.3241139],[-108.4059005,54.3237391],[-108.4058636,54.3233324],[-108.406021,54.323107],[-108.4062757,54.3227106],[-108.4066472,54.3224585],[-108.4069432,54.3223934],[-108.4073047,54.3223762]]]},"properties":{"natural":"water","source":"NRCan-CanVec-10.0","osmId":260379536,"osmType":"way","sourceUrl":"https://www.openstreetmap.org/way/260379536"}},{"type":"Feature","id":"way/260379552","geometry":{"type":"Polygon","coordinates":[[[-108.3908548,54.4457654],[-108.3901228,54.4457817],[-108.3897818,54.4459457],[-108.3897554,54.446136],[-108.3899982,54.4465359],[-108.390468,54.4468982],[-108.3912512,54.4472401],[-108.3918976,54.447384],[-108.3922208,54.4475214],[-108.3926677,54.4478211],[-108.3937983,54.4481478],[-108.3948339,54.4482152],[-108.3950564,54.448122],[-108.3952188,54.4479522],[-108.39546,54.447866],[-108.3963093,54.4478631],[-108.3966918,54.4477687],[-108.3967631,54.4476569],[-108.3966219,54.4475343],[-108.3962976,54.4473502],[-108.3942959,54.4468796],[-108.392794,54.446328],[-108.391683,54.4460549],[-108.3912197,54.4458415],[-108.3908548,54.4457654]]]},"properties":{"natural":"water","source":"NRCan-CanVec-10.0","osmId":260379552,"osmType":"way","sourceUrl":"https://www.openstreetmap.org/way/260379552"}},{"type":"Feature","id":"way/260379588","geometry":{"type":"Polygon","coordinates":[[[-108.3328709,54.3001446],[-108.3326113,54.3000461],[-108.3316841,54.299825],[-108.3313371,54.2997934],[-108.3303109,54.2998276],[-108.3300368,54.2999085],[-108.3298705,54.3000226],[-108.3295605,54.3004443],[-108.3295504,54.3005484],[-108.3297358,54.3006188],[-108.3300263,54.3005826],[-108.3308261,54.3002776],[-108.3314551,54.3001619],[-108.331823,54.3001629],[-108.3320061,54.3002709],[-108.3320457,54.3005557],[-108.3317888,54.3007278],[-108.3301495,54.3010533],[-108.329993,54.3011942],[-108.3299862,54.3013072],[-108.3301159,54.3013565],[-108.3305199,54.3013249],[-108.3316043,54.3011433],[-108.3329727,54.3004684],[-108.3328709,54.3001446]]]},"properties":{"natural":"water","source":"NRCan-CanVec-10.0","osmId":260379588,"osmType":"way","sourceUrl":"https://www.openstreetmap.org/way/260379588"}},{"type":"Feature","id":"way/260379709","geometry":{"type":"Polygon","coordinates":[[[-108.350562,54.3073906],[-108.350485,54.3076619],[-108.3501143,54.3079604],[-108.3501511,54.3081053],[-108.3503268,54.3081489],[-108.3506371,54.3080354],[-108.351098,54.3079406],[-108.3516211,54.3073147],[-108.3516149,54.3071659],[-108.3514242,54.3069934],[-108.3512916,54.3066735],[-108.3511761,54.3065757],[-108.350436,54.3065184],[-108.3499158,54.3062748],[-108.3492223,54.3063892],[-108.348465,54.3062405],[-108.3480021,54.3062421],[-108.3479231,54.3064202],[-108.3480188,54.3065952],[-108.3483383,54.3067704],[-108.3491463,54.3067071],[-108.3494528,54.3068465],[-108.3496686,54.3070439],[-108.3499668,54.3069413],[-108.3501786,54.3069523],[-108.350562,54.3073906]]]},"properties":{"natural":"water","source":"NRCan-CanVec-10.0","osmId":260379709,"osmType":"way","sourceUrl":"https://www.openstreetmap.org/way/260379709"}},{"type":"Feature","id":"way/260379947","geometry":{"type":"Polygon","coordinates":[[[-108.3666803,54.3150364],[-108.3661574,54.3149614],[-108.3654681,54.3151315],[-108.3647775,54.3153858],[-108.3644123,54.3156557],[-108.3643379,54.3157584],[-108.3643362,54.3161045],[-108.3645173,54.3162502],[-108.3648447,54.3163589],[-108.3651275,54.316389],[-108.3654955,54.3163899],[-108.366435,54.3161606],[-108.3671103,54.3159081],[-108.3671203,54.3158041],[-108.366842,54.3156986],[-108.3664281,54.3157034],[-108.3662118,54.3157678],[-108.365816,54.3160415],[-108.3655571,54.3161205],[-108.3652929,54.3160974],[-108.3651524,54.3158438],[-108.3652531,54.3156817],[-108.3655341,54.3154878],[-108.365852,54.3154388],[-108.3664777,54.3154449],[-108.366812,54.3153097],[-108.3668122,54.3151789],[-108.3666803,54.3150364]]]},"properties":{"natural":"water","source":"NRCan-CanVec-10.0","osmId":260379947,"osmType":"way","sourceUrl":"https://www.openstreetmap.org/way/260379947"}},{"type":"Feature","id":"way/260379954","geometry":{"type":"Polygon","coordinates":[[[-108.3738121,54.3226619],[-108.3740156,54.3224309],[-108.3743479,54.3222025],[-108.3745796,54.3221362],[-108.3774226,54.3221273],[-108.3785233,54.3222517],[-108.3789562,54.321992],[-108.3789586,54.3218235],[-108.3787513,54.3216063],[-108.3785482,54.3215756],[-108.3781529,54.3215875],[-108.3777039,54.3216716],[-108.3771239,54.3216598],[-108.3762187,54.3215017],[-108.3753482,54.3215262],[-108.3747518,54.3216006],[-108.3740404,54.3218857],[-108.373215,54.322428],[-108.3730727,54.3226514],[-108.3730752,54.3231838],[-108.3732145,54.3235216],[-108.3733716,54.323689],[-108.3737109,54.3239177],[-108.3740515,54.3240622],[-108.3742569,54.3240553],[-108.3740653,54.3235744],[-108.3736762,54.3230341],[-108.3738121,54.3226619]]]},"properties":{"natural":"water","source":"NRCan-CanVec-10.0","osmId":260379954,"osmType":"way","sourceUrl":"https://www.openstreetmap.org/way/260379954"}},{"type":"Feature","id":"way/260379973","geometry":{"type":"Polygon","coordinates":[[[-108.4718955,54.3119204],[-108.4710373,54.3119348],[-108.4703329,54.3118457],[-108.4694736,54.3118135],[-108.4691142,54.3116624],[-108.4688136,54.3114103],[-108.4684378,54.3112144],[-108.4679966,54.3111016],[-108.4674681,54.3110558],[-108.4671591,54.3110853],[-108.4644279,54.3117464],[-108.4639628,54.3117862],[-108.4631787,54.3116977],[-108.4627616,54.311694],[-108.4627498,54.3118357],[-108.4635975,54.3122715],[-108.4637682,54.3126054],[-108.4645967,54.3123797],[-108.4656979,54.3118954],[-108.4660145,54.3117995],[-108.4671674,54.3116733],[-108.4678662,54.3116603],[-108.4688024,54.3120755],[-108.4696335,54.3122048],[-108.4712518,54.3123006],[-108.4719069,54.3122556],[-108.4722582,54.3120805],[-108.4718955,54.3119204]]]},"properties":{"natural":"water","source":"NRCan-CanVec-10.0","osmId":260379973,"osmType":"way","sourceUrl":"https://www.openstreetmap.org/way/260379973"}},{"type":"Feature","id":"way/260379976","geometry":{"type":"Polygon","coordinates":[[[-108.3711389,54.339082],[-108.3707733,54.3387818],[-108.370329,54.3385287],[-108.3701533,54.3383543],[-108.3702421,54.338203],[-108.3705732,54.3381898],[-108.3712876,54.3383064],[-108.3716985,54.3382925],[-108.3720769,54.3380584],[-108.3722358,54.3377488],[-108.3721205,54.3373893],[-108.3719709,54.3372864],[-108.3716541,54.3372511],[-108.3709373,54.3373031],[-108.3703296,54.337435],[-108.3691029,54.337887],[-108.368894,54.3380159],[-108.3687243,54.338252],[-108.3687257,54.3387379],[-108.3690336,54.3396249],[-108.3692427,54.3400662],[-108.3695887,54.3403129],[-108.3701273,54.3403859],[-108.370843,54.3404182],[-108.371078,54.3403609],[-108.371253,54.3402269],[-108.3713483,54.3393924],[-108.3711389,54.339082]]]},"properties":{"natural":"water","source":"NRCan-CanVec-10.0","osmId":260379976,"osmType":"way","sourceUrl":"https://www.openstreetmap.org/way/260379976"}},{"type":"Feature","id":"way/260379982","geometry":{"type":"Polygon","coordinates":[[[-108.4253077,54.3149905],[-108.4254628,54.3150645],[-108.4255906,54.3151514],[-108.4256364,54.3154074],[-108.4255425,54.3155874],[-108.42492,54.3159832],[-108.4241775,54.3160949],[-108.423377,54.3160924],[-108.4230287,54.3160145],[-108.4225831,54.3158459],[-108.422439,54.3157144],[-108.4224489,54.3156103],[-108.4226432,54.3155299],[-108.4230516,54.3155535],[-108.4240574,54.3158108],[-108.4244046,54.3157112],[-108.4248218,54.3154533],[-108.4247716,54.3152726],[-108.4245947,54.3151826],[-108.4234776,54.3151449],[-108.422865,54.3151749],[-108.4223725,54.3150964],[-108.4223168,54.3149444],[-108.4224894,54.3147171],[-108.422829,54.3146839],[-108.4236971,54.3146967],[-108.4245739,54.3148206],[-108.4253077,54.3149905]]]},"properties":{"natural":"water","source":"NRCan-CanVec-10.0","osmId":260379982,"osmType":"way","sourceUrl":"https://www.openstreetmap.org/way/260379982"}},{"type":"Feature","id":"way/260379986","geometry":{"type":"Polygon","coordinates":[[[-108.4159879,54.3217198],[-108.4160632,54.3219254],[-108.4160904,54.3221744],[-108.4160368,54.3225083],[-108.4154579,54.3228051],[-108.4150526,54.3229213],[-108.4140216,54.3227699],[-108.4135859,54.3226281],[-108.4133817,54.3225508],[-108.4127964,54.3220444],[-108.412705,54.3212706],[-108.4128863,54.3211544],[-108.4131747,54.3211558],[-108.4134804,54.3213792],[-108.413359,54.3217029],[-108.413395,54.3219321],[-108.4134867,54.3220515],[-108.4137542,54.3222144],[-108.41419,54.3223562],[-108.4148191,54.3223709],[-108.4150801,54.3222541],[-108.4150201,54.3220466],[-108.4144393,54.321334],[-108.4145519,54.3210301],[-108.4147529,54.3209676],[-108.4152825,54.3211911],[-108.4157531,54.3215155],[-108.4159879,54.3217198]]]},"properties":{"natural":"water","source":"NRCan-CanVec-10.0","osmId":260379986,"osmType":"way","sourceUrl":"https://www.openstreetmap.org/way/260379986"}},{"type":"Feature","id":"way/260380001","geometry":{"type":"Polygon","coordinates":[[[-108.2615603,54.4876294],[-108.2612092,54.4876353],[-108.26113,54.4876824],[-108.2612296,54.4882216],[-108.2613762,54.4883158],[-108.2624762,54.4886476],[-108.2630976,54.4888913],[-108.2638156,54.4889313],[-108.2640955,54.4889062],[-108.2643671,54.4887699],[-108.2649067,54.4887969],[-108.2660151,54.4892399],[-108.2666278,54.4893794],[-108.2675458,54.4896963],[-108.267964,54.4896541],[-108.2682616,54.4895894],[-108.268516,54.4893617],[-108.2686507,54.4891581],[-108.2686462,54.488925],[-108.268319,54.4887316],[-108.2678139,54.4885789],[-108.2673251,54.4884709],[-108.2665679,54.4885081],[-108.2659532,54.4885838],[-108.2653698,54.4885249],[-108.2645009,54.4880337],[-108.2639594,54.4879134],[-108.2622483,54.4878438],[-108.2619052,54.4877832],[-108.2615603,54.4876294]]]},"properties":{"natural":"water","osmId":260380001,"osmType":"way","sourceUrl":"https://www.openstreetmap.org/way/260380001"}},{"type":"Feature","id":"way/260380010","geometry":{"type":"Polygon","coordinates":[[[-108.3424745,54.3804419],[-108.3425517,54.3801706],[-108.343049,54.3798658],[-108.3441148,54.3797146],[-108.3443514,54.379573],[-108.3443989,54.3793521],[-108.3443571,54.3789741],[-108.3445558,54.3786409],[-108.3450172,54.3782377],[-108.344894,54.3780754],[-108.3447366,54.3780389],[-108.3444269,54.378068],[-108.3441663,54.3782313],[-108.3438802,54.3785006],[-108.3437407,54.3787329],[-108.3437447,54.3789193],[-108.3435668,54.3792219],[-108.3429691,54.379427],[-108.3415529,54.3797152],[-108.3405006,54.3802105],[-108.3398556,54.380945],[-108.3397136,54.3813459],[-108.3397381,54.3816326],[-108.3398903,54.3820063],[-108.3401176,54.3821463],[-108.3406391,54.3822591],[-108.3411711,54.3821369],[-108.3417,54.3818749],[-108.342502,54.3808685],[-108.3424745,54.3804419]]]},"properties":{"natural":"water","osmId":260380010,"osmType":"way","sourceUrl":"https://www.openstreetmap.org/way/260380010"}},{"type":"Feature","id":"way/260380062","geometry":{"type":"Polygon","coordinates":[[[-108.3288643,54.3215115],[-108.3289229,54.3212332],[-108.32917,54.3207259],[-108.3291775,54.3203511],[-108.328984,54.3195995],[-108.328634,54.3189888],[-108.3286385,54.3189135],[-108.3304936,54.3194865],[-108.3314178,54.3193903],[-108.3321265,54.319405],[-108.3330292,54.3196011],[-108.3332987,54.3197265],[-108.3340071,54.3203113],[-108.3350719,54.320777],[-108.3365242,54.3212973],[-108.3367947,54.3214692],[-108.3368761,54.3216928],[-108.3367739,54.3219391],[-108.3364823,54.3223679],[-108.3364459,54.3225313],[-108.3362363,54.3229219],[-108.335384,54.3239625],[-108.3351917,54.3244444],[-108.3345597,54.3247286],[-108.3335312,54.324978],[-108.332783,54.3249869],[-108.332533,54.3249152],[-108.3317529,54.324573],[-108.3311327,54.3240987],[-108.3302872,54.3232692],[-108.3291457,54.3220653],[-108.3288643,54.3215115]]]},"properties":{"natural":"water","source":"NRCan-CanVec-10.0","osmId":260380062,"osmType":"way","sourceUrl":"https://www.openstreetmap.org/way/260380062"}},{"type":"Feature","id":"way/260380067","geometry":{"type":"Polygon","coordinates":[[[-108.3996235,54.3370504],[-108.3990499,54.3370566],[-108.3985942,54.3371229],[-108.3976609,54.3373704],[-108.3971035,54.3375522],[-108.3964606,54.3380251],[-108.396149,54.3383539],[-108.3960308,54.3385556],[-108.3961364,54.3390192],[-108.3963164,54.33938],[-108.3972282,54.3400794],[-108.3981971,54.3405847],[-108.3989805,54.3407579],[-108.4000458,54.3409146],[-108.4009943,54.3407961],[-108.4015496,54.340521],[-108.4020286,54.3399937],[-108.4023163,54.3395558],[-108.4028518,54.339358],[-108.4033578,54.3393415],[-108.4037609,54.3395248],[-108.404212,54.3397956],[-108.4046053,54.3399521],[-108.4049069,54.3398583],[-108.4051266,54.3396719],[-108.4051005,54.3394695],[-108.4049368,54.3391535],[-108.4043339,54.3386866],[-108.4030952,54.3380562],[-108.4019723,54.3376543],[-108.4005292,54.3372083],[-108.3996235,54.3370504]]]},"properties":{"intermittent":"yes","natural":"water","source":"NRCan-CanVec-10.0","osmId":260380067,"osmType":"way","sourceUrl":"https://www.openstreetmap.org/way/260380067"}},{"type":"Feature","id":"way/260380070","geometry":{"type":"Polygon","coordinates":[[[-108.3374794,54.3178606],[-108.337634,54.3180657],[-108.337687,54.3182554],[-108.3375055,54.3183714],[-108.3373011,54.3184249],[-108.3366887,54.3183235],[-108.3362485,54.3183876],[-108.336186,54.3184795],[-108.3366107,54.3189874],[-108.336846,54.3196778],[-108.3367158,54.3197594],[-108.3364321,54.3196825],[-108.336189,54.3194978],[-108.335789,54.3191457],[-108.3351366,54.3188904],[-108.3345183,54.3185094],[-108.3338678,54.3183473],[-108.3327511,54.3181778],[-108.3323629,54.3179457],[-108.3330836,54.3175102],[-108.3335236,54.3171378],[-108.3350265,54.3165676],[-108.3353301,54.3165673],[-108.3358026,54.3167234],[-108.3360327,54.3168724],[-108.3361283,54.3170474],[-108.3360379,54.3174138],[-108.3361609,54.3175761],[-108.3365494,54.3176773],[-108.3369939,54.3176687],[-108.3372624,54.3177474],[-108.3374794,54.3178606]]]},"properties":{"natural":"water","source":"NRCan-CanVec-10.0","osmId":260380070,"osmType":"way","sourceUrl":"https://www.openstreetmap.org/way/260380070"}},{"type":"Feature","id":"way/260380071","geometry":{"type":"Polygon","coordinates":[[[-108.3728171,54.3452104],[-108.3733393,54.3453697],[-108.3734942,54.3455747],[-108.3734802,54.3461934],[-108.3734045,54.3463805],[-108.3731627,54.3465508],[-108.372874,54.3466803],[-108.3721429,54.3466499],[-108.3712398,54.3468934],[-108.3705146,54.3472735],[-108.369616,54.3474416],[-108.3692138,54.3474357],[-108.368391,54.3472858],[-108.367894,54.3471515],[-108.3673351,54.3467163],[-108.3666065,54.3458163],[-108.3657783,54.3449941],[-108.3654245,54.3448139],[-108.3649571,54.3446291],[-108.3645782,54.3444239],[-108.3646341,54.3443141],[-108.364817,54.3441137],[-108.3658957,54.3440447],[-108.3669975,54.3439074],[-108.3682597,54.3439464],[-108.3698413,54.3437212],[-108.3701145,54.3437246],[-108.370523,54.3438793],[-108.3712896,54.3442698],[-108.3722378,54.3445442],[-108.3723331,54.3451119],[-108.3724248,54.3452313],[-108.3728171,54.3452104]]]},"properties":{"natural":"water","source":"NRCan-CanVec-10.0","osmId":260380071,"osmType":"way","sourceUrl":"https://www.openstreetmap.org/way/260380071"}},{"type":"Feature","id":"way/260380076","geometry":{"type":"Polygon","coordinates":[[[-108.3595063,54.3088649],[-108.3591072,54.3085595],[-108.3586631,54.3084372],[-108.3580779,54.3084541],[-108.357254,54.3087811],[-108.3564856,54.3092601],[-108.3555515,54.3101616],[-108.3553224,54.3106294],[-108.3552682,54.3109633],[-108.355477,54.3114046],[-108.3557071,54.3115535],[-108.3564047,54.3116254],[-108.3568133,54.3115184],[-108.3572481,54.3113521],[-108.3574845,54.3110796],[-108.3575223,54.3107011],[-108.3574068,54.3106033],[-108.3570704,54.3106452],[-108.3568571,54.3108494],[-108.3565836,54.3111078],[-108.3563706,54.3111811],[-108.3560791,54.3111707],[-108.3559244,54.3109656],[-108.3558976,54.3107166],[-108.3561648,54.3103095],[-108.3566418,54.3098201],[-108.3579689,54.3089444],[-108.3581699,54.3088819],[-108.3585313,54.3088649],[-108.3591577,54.3090485],[-108.3594,54.3090557],[-108.3595334,54.308983],[-108.3595063,54.3088649]]]},"properties":{"natural":"water","source":"NRCan-CanVec-10.0","osmId":260380076,"osmType":"way","sourceUrl":"https://www.openstreetmap.org/way/260380076"}},{"type":"Feature","id":"way/260380079","geometry":{"type":"Polygon","coordinates":[[[-108.4202771,54.3205939],[-108.4202793,54.3204254],[-108.4204497,54.3203667],[-108.4210995,54.3206125],[-108.4214479,54.3206904],[-108.4215724,54.3206374],[-108.4220868,54.3203393],[-108.4223042,54.3199288],[-108.4225718,54.3196989],[-108.4235034,54.3192738],[-108.4237295,54.3189743],[-108.4237044,54.3181641],[-108.4234686,54.3177823],[-108.4227249,54.3173239],[-108.4225415,54.3170851],[-108.4225819,54.3169772],[-108.422713,54.3169421],[-108.4237547,54.3172978],[-108.4241915,54.317617],[-108.4244918,54.318131],[-108.4244918,54.3182618],[-108.4242461,54.3186385],[-108.4242515,54.3192642],[-108.424115,54.3194589],[-108.4233515,54.319863],[-108.4229693,54.3201727],[-108.4227355,54.3205385],[-108.4220289,54.3207485],[-108.4215068,54.3209822],[-108.4211212,54.3210211],[-108.4207641,54.320963],[-108.420466,54.320804],[-108.4202771,54.3205939]]]},"properties":{"natural":"water","source":"NRCan-CanVec-10.0","osmId":260380079,"osmType":"way","sourceUrl":"https://www.openstreetmap.org/way/260380079"}},{"type":"Feature","id":"way/260380114","geometry":{"type":"Polygon","coordinates":[[[-108.3960334,54.3287678],[-108.3959874,54.3289044],[-108.3956476,54.3290684],[-108.3949331,54.3290829],[-108.3934552,54.3289777],[-108.392375,54.3288229],[-108.391107,54.3285045],[-108.3900632,54.3280553],[-108.3889341,54.3276355],[-108.3885268,54.3275274],[-108.3883879,54.3276289],[-108.3884105,54.3279532],[-108.3886397,54.3281864],[-108.3891878,54.328417],[-108.3906031,54.3288759],[-108.3912124,54.329099],[-108.3917333,54.3293424],[-108.3919277,54.3293929],[-108.3940906,54.3294031],[-108.3948345,54.3294691],[-108.395303,54.3295695],[-108.3957706,54.3296233],[-108.3962469,54.3295264],[-108.3966841,54.3293222],[-108.3969258,54.32889],[-108.3969709,54.3285759],[-108.3966446,54.3281212],[-108.3961009,54.3278152],[-108.3955941,54.3276542],[-108.3952686,54.3276388],[-108.3949299,54.3277185],[-108.3951252,54.3280774],[-108.3958348,54.3285309],[-108.3960334,54.3287678]]]},"properties":{"natural":"water","source":"NRCan-CanVec-10.0","osmId":260380114,"osmType":"way","sourceUrl":"https://www.openstreetmap.org/way/260380114"}},{"type":"Feature","id":"way/260380137","geometry":{"type":"Polygon","coordinates":[[[-108.3819326,54.3426153],[-108.3817576,54.3427493],[-108.3814646,54.3428232],[-108.3814021,54.3430461],[-108.3813951,54.3434208],[-108.3815424,54.3435614],[-108.3822602,54.3436868],[-108.3828407,54.3435676],[-108.3834373,54.3436241],[-108.3843084,54.3434686],[-108.3849568,54.3432288],[-108.3855174,54.3431869],[-108.385853,54.3430983],[-108.386509,54.342792],[-108.3875158,54.3425261],[-108.3878331,54.3421687],[-108.387873,54.3416215],[-108.3880613,54.3412615],[-108.3886299,54.3408914],[-108.3888837,54.3405792],[-108.3889091,54.3403424],[-108.3886689,54.3401667],[-108.3883378,54.34018],[-108.3867813,54.3405613],[-108.3860437,54.340644],[-108.3857081,54.3407326],[-108.3851723,54.3410612],[-108.38448,54.3415309],[-108.383757,54.3421352],[-108.3834771,54.342245],[-108.3831285,54.3422978],[-108.3827614,54.3422127],[-108.3821705,54.3419967],[-108.3817661,54.3420285],[-108.3819099,54.3424218],[-108.3819326,54.3426153]]]},"properties":{"natural":"water","source":"NRCan-CanVec-10.0","osmId":260380137,"osmType":"way","sourceUrl":"https://www.openstreetmap.org/way/260380137"}},{"type":"Feature","id":"way/260380142","geometry":{"type":"Polygon","coordinates":[[[-108.4832778,54.3618346],[-108.4834903,54.3621071],[-108.4834992,54.3622182],[-108.483167,54.3623161],[-108.4831726,54.3624183],[-108.4834429,54.3625433],[-108.4837807,54.3625476],[-108.484255,54.362357],[-108.4847989,54.3620081],[-108.4852187,54.3619741],[-108.4857466,54.3618422],[-108.4865321,54.3614536],[-108.4870857,54.3610006],[-108.4878589,54.3604919],[-108.4879861,54.3600551],[-108.4882734,54.3598787],[-108.488305,54.3597905],[-108.4880359,54.3597122],[-108.4878454,54.3595865],[-108.4878264,54.3593177],[-108.4875953,54.3590381],[-108.4870647,54.358815],[-108.4863276,54.3586832],[-108.4856475,54.3586191],[-108.4846646,54.3586023],[-108.4840252,54.3586921],[-108.4825881,54.3590504],[-108.4825275,54.3594508],[-108.4822264,54.3599375],[-108.4822443,54.3601597],[-108.4823485,54.3603991],[-108.4832568,54.3609956],[-108.4834025,54.3611737],[-108.4834258,54.3613671],[-108.4833375,54.3615185],[-108.4832778,54.3618346]]]},"properties":{"natural":"water","source":"NRCan-CanVec-10.0","osmId":260380142,"osmType":"way","sourceUrl":"https://www.openstreetmap.org/way/260380142"}},{"type":"Feature","id":"way/260380175","geometry":{"type":"Polygon","coordinates":[[[-108.3656514,54.347057],[-108.3658324,54.3473336],[-108.3658746,54.3475807],[-108.3655906,54.3475039],[-108.3653374,54.3472924],[-108.3649878,54.3471677],[-108.3646654,54.3471612],[-108.3644991,54.3472754],[-108.3645524,54.347465],[-108.3648547,54.3476797],[-108.3654369,54.3479157],[-108.365925,54.3482007],[-108.3661682,54.3485163],[-108.366218,54.3488279],[-108.3659245,54.3491636],[-108.3654476,54.3493912],[-108.3651513,54.3494562],[-108.3648737,54.3493973],[-108.3631297,54.3485209],[-108.36149,54.3480615],[-108.3612388,54.3479432],[-108.3609518,54.3477266],[-108.3604381,54.3471082],[-108.3602519,54.3467295],[-108.360151,54.3463214],[-108.3602161,54.3453599],[-108.36027,54.3451569],[-108.3604463,54.3449386],[-108.3608743,54.3445769],[-108.361303,54.3443926],[-108.3619611,54.3443106],[-108.3621522,54.3443522],[-108.3625497,54.3445645],[-108.3632319,54.345031],[-108.3637272,54.3455114],[-108.3639428,54.3459706],[-108.3641087,54.3461182],[-108.3653601,54.3467848],[-108.3656514,54.347057]]]},"properties":{"natural":"water","source":"NRCan-CanVec-10.0","osmId":260380175,"osmType":"way","sourceUrl":"https://www.openstreetmap.org/way/260380175"}},{"type":"Feature","id":"way/260380181","geometry":{"type":"Polygon","coordinates":[[[-108.4117175,54.3351271],[-108.4115405,54.3351679],[-108.4113809,54.3353001],[-108.4114125,54.3354737],[-108.411679,54.3357209],[-108.4116265,54.3358396],[-108.4113501,54.3359583],[-108.4098303,54.3359147],[-108.4095822,54.3360672],[-108.4091996,54.3363768],[-108.4085221,54.3365364],[-108.4068276,54.3363649],[-108.4063872,54.3364293],[-108.4061348,54.3365263],[-108.4058932,54.3366968],[-108.4057543,54.3369292],[-108.4055287,54.3377987],[-108.4053626,54.337913],[-108.4050774,54.3379206],[-108.4047213,54.3377781],[-108.4045512,54.3371824],[-108.4045737,54.3361513],[-108.4046776,54.3358672],[-108.4045906,54.3351488],[-108.4046333,54.3350033],[-108.4047362,54.3346726],[-108.4050095,54.334414],[-108.4055549,54.3341122],[-108.4059964,54.3339635],[-108.4064673,54.3338953],[-108.4088808,54.333715],[-108.4110681,54.3334414],[-108.4113926,54.3335411],[-108.4125132,54.3342423],[-108.4127863,54.3343764],[-108.4134646,54.334787],[-108.4135148,54.3349677],[-108.4134219,54.3350635],[-108.413022,54.3351509],[-108.4117175,54.3351271]]]},"properties":{"natural":"water","source":"NRCan-CanVec-10.0","osmId":260380181,"osmType":"way","sourceUrl":"https://www.openstreetmap.org/way/260380181"}},{"type":"Feature","id":"way/260380221","geometry":{"type":"Polygon","coordinates":[[[-108.4358942,54.3094567],[-108.4360426,54.3091203],[-108.436047,54.3090449],[-108.4361245,54.3089511],[-108.4362773,54.3089319],[-108.4364749,54.3089913],[-108.436582,54.3091087],[-108.4367447,54.3093781],[-108.4371848,54.3097062],[-108.4378521,54.3104359],[-108.4380521,54.3108502],[-108.4380172,54.3110603],[-108.4377225,54.3114338],[-108.4376123,54.3115692],[-108.4371712,54.3118488],[-108.4369049,54.3121253],[-108.4364769,54.3123099],[-108.436086,54.3123776],[-108.4353588,54.3123566],[-108.4344765,54.3122615],[-108.4337679,54.3121166],[-108.4335396,54.3120611],[-108.4329194,54.3117649],[-108.4326497,54.3115089],[-108.431895,54.3101918],[-108.4314953,54.3097558],[-108.4304569,54.3090165],[-108.430339,54.3086948],[-108.4305966,54.308569],[-108.4309045,54.3086239],[-108.4320663,54.3095253],[-108.4321591,54.3095604],[-108.432645,54.3098828],[-108.433332,54.3110588],[-108.4336837,54.3115382],[-108.4339785,54.3116882],[-108.4345212,54.3118165],[-108.4353936,54.3118848],[-108.435945,54.3118624],[-108.4365434,54.3117499],[-108.4368883,54.3115571],[-108.4369713,54.3114345],[-108.4369407,54.3111766],[-108.4366817,54.3106014],[-108.4358942,54.3094567]]]},"properties":{"natural":"water","source":"NRCan-CanVec-10.0","osmId":260380221,"osmType":"way","sourceUrl":"https://www.openstreetmap.org/way/260380221"}},{"type":"Feature","id":"way/260380235","geometry":{"type":"Polygon","coordinates":[[[-108.3373961,54.313899],[-108.3370548,54.3141471],[-108.3368466,54.3144534],[-108.3368671,54.3149929],[-108.3367354,54.3152896],[-108.3365288,54.3153807],[-108.336234,54.3153614],[-108.3359503,54.3152845],[-108.3357293,54.3149849],[-108.3354511,54.3148793],[-108.3349042,54.3148259],[-108.3342684,54.3149236],[-108.3333362,54.3152172],[-108.332295,54.31587],[-108.3320054,54.3159528],[-108.3315411,54.3160386],[-108.3309515,54.3159997],[-108.330683,54.315921],[-108.3304846,54.3158148],[-108.3302962,54.3156046],[-108.3303632,54.3154374],[-108.3309558,54.3147375],[-108.3314371,54.3144347],[-108.3318103,54.3140986],[-108.3319684,54.3137425],[-108.3320231,54.3132777],[-108.3318608,54.3126998],[-108.3321097,54.3122857],[-108.3323154,54.3121479],[-108.3325174,54.3121321],[-108.3331704,54.3121257],[-108.3339558,54.3119999],[-108.3350684,54.3111045],[-108.3355519,54.310764],[-108.3358261,54.3106831],[-108.3362432,54.3106873],[-108.3365965,54.3108677],[-108.3368731,54.3111884],[-108.3371314,54.3113712],[-108.3384429,54.3117687],[-108.3387325,54.3121252],[-108.3388819,54.3126674],[-108.3388442,54.3129151],[-108.3385117,54.3131434],[-108.337832,54.3133401],[-108.337632,54.3134491],[-108.3373961,54.313899]]]},"properties":{"natural":"water","source":"NRCan-CanVec-10.0","osmId":260380235,"osmType":"way","sourceUrl":"https://www.openstreetmap.org/way/260380235"}},{"type":"Feature","id":"way/260380249","geometry":{"type":"Polygon","coordinates":[[[-108.4468344,54.3016709],[-108.4465475,54.301978],[-108.4461634,54.3021945],[-108.4458076,54.302314],[-108.4450009,54.3024246],[-108.4437771,54.3022696],[-108.4432924,54.3019939],[-108.4431307,54.3017711],[-108.4429449,54.3013083],[-108.4427349,54.3002128],[-108.4424531,54.2998368],[-108.4421026,54.2996658],[-108.4417567,54.299812],[-108.4415963,54.3000284],[-108.4416892,54.3001944],[-108.4423203,54.3008257],[-108.4424034,54.3010958],[-108.44242,54.301664],[-108.4425402,54.301948],[-108.4427696,54.302181],[-108.4432467,54.3023923],[-108.4438755,54.3025378],[-108.4444946,54.3027873],[-108.4448243,54.3028581],[-108.4457969,54.302895],[-108.4465359,54.3027742],[-108.4472038,54.3025033],[-108.4475093,54.3022032],[-108.4477329,54.3018106],[-108.4477315,54.3013713],[-108.4475327,54.3010036],[-108.4472487,54.3006653],[-108.446802,54.3003194],[-108.4462769,54.3001516],[-108.4454615,54.3000202],[-108.4443883,54.2997529],[-108.4439134,54.299504],[-108.4435727,54.2992289],[-108.4433653,54.2991427],[-108.4430859,54.2991217],[-108.442908,54.2992468],[-108.4429157,54.2994422],[-108.4431232,54.2996592],[-108.4438329,54.2999815],[-108.4455566,54.3004103],[-108.4460457,54.3006106],[-108.4466081,54.3009234],[-108.446796,54.3012176],[-108.4468344,54.3016709]]]},"properties":{"natural":"water","source":"NRCan-CanVec-10.0","osmId":260380249,"osmType":"way","sourceUrl":"https://www.openstreetmap.org/way/260380249"}},{"type":"Feature","id":"way/260380256","geometry":{"type":"Polygon","coordinates":[[[-108.285076,54.3025482],[-108.2848028,54.3020588],[-108.2852444,54.3019106],[-108.2855358,54.3019212],[-108.2863151,54.3019554],[-108.2868933,54.3017436],[-108.2877777,54.3019797],[-108.2879668,54.3019282],[-108.2880872,54.3018198],[-108.2884519,54.301812],[-108.288879,54.3017123],[-108.2892669,54.3013278],[-108.2895917,54.3011661],[-108.2901671,54.3011227],[-108.2908412,54.3012634],[-108.2924761,54.301939],[-108.2927175,54.302208],[-108.2926795,54.3024557],[-108.292111,54.3026944],[-108.2918668,54.3029022],[-108.2916087,54.3033361],[-108.2914455,54.3037674],[-108.2914048,54.3038753],[-108.2911499,54.3040097],[-108.2908571,54.3040834],[-108.2885269,54.3045311],[-108.2878226,54.3045717],[-108.2868923,54.3043414],[-108.286062,54.3042107],[-108.2844482,54.3042986],[-108.2837588,54.3041598],[-108.2833358,54.3040067],[-108.2832566,54.3038763],[-108.2831785,54.3034842],[-108.2829381,54.3032617],[-108.2827625,54.3032181],[-108.2819925,54.3030332],[-108.2816368,54.3027129],[-108.2816114,54.3025104],[-108.2825094,54.3020347],[-108.2828787,54.3019516],[-108.2833466,54.3020524],[-108.2837205,54.3022023],[-108.2837473,54.3023205],[-108.2837328,54.3026773],[-108.2839417,54.302857],[-108.2842679,54.3029194],[-108.2848304,54.3028403],[-108.2850449,54.3026829],[-108.285076,54.3025482]]]},"properties":{"natural":"water","source":"NRCan-CanVec-10.0","osmId":260380256,"osmType":"way","sourceUrl":"https://www.openstreetmap.org/way/260380256"}},{"type":"Feature","id":"way/260380313","geometry":{"type":"Polygon","coordinates":[[[-108.3974508,54.4372855],[-108.3969339,54.4370133],[-108.3966271,54.4370515],[-108.3958139,54.4374147],[-108.3946951,54.4376009],[-108.3943797,54.437528],[-108.3943129,54.4374334],[-108.3943284,54.4373006],[-108.394939,54.4368224],[-108.3958585,54.4365302],[-108.3970311,54.43601],[-108.3972537,54.4357859],[-108.3973218,54.4355343],[-108.3979535,54.4347637],[-108.3980402,54.4345191],[-108.3980634,54.4343199],[-108.3974001,54.433561],[-108.3958168,54.432655],[-108.3951685,54.4324179],[-108.394921,54.4323552],[-108.3934771,54.4324416],[-108.3927474,54.4325512],[-108.391552,54.4328778],[-108.3904287,54.4334011],[-108.3897753,54.4338939],[-108.3883021,54.434732],[-108.3877027,54.4348908],[-108.3874933,54.4350197],[-108.387333,54.4352828],[-108.387392,54.4354437],[-108.3877706,54.4358641],[-108.3887233,54.4363625],[-108.3893625,54.4368813],[-108.3894474,54.4375066],[-108.3896377,54.4377634],[-108.3898786,54.4379391],[-108.3909717,54.4382517],[-108.3918942,54.4382303],[-108.392399,54.4385134],[-108.3928909,54.4386298],[-108.3933226,54.4385386],[-108.393954,54.4381607],[-108.3943124,54.438088],[-108.3950311,54.4380359],[-108.3953773,54.4381049],[-108.395799,54.4382488],[-108.396065,54.4384494],[-108.3960397,54.4385554],[-108.3957623,54.438805],[-108.3959309,54.4390458],[-108.3961017,54.439118],[-108.3964085,54.4390798],[-108.3971835,54.438656],[-108.3975656,54.4375985],[-108.3974508,54.4372855]]]},"properties":{"natural":"water","source":"NRCan-CanVec-10.0","osmId":260380313,"osmType":"way","sourceUrl":"https://www.openstreetmap.org/way/260380313"}},{"type":"Feature","id":"way/260380328","geometry":{"type":"Polygon","coordinates":[[[-108.3528502,54.3211717],[-108.3527191,54.3212067],[-108.3526701,54.3216427],[-108.3529133,54.3218274],[-108.3530685,54.3217707],[-108.3530162,54.3211884],[-108.3528502,54.3211717]]]},"properties":{"natural":"water","source":"NRCan-CanVec-10.0","osmId":260380328,"osmType":"way","sourceUrl":"https://www.openstreetmap.org/way/260380328"}},{"type":"Feature","id":"way/260380403","geometry":{"type":"Polygon","coordinates":[[[-108.2716618,54.3052566],[-108.2713222,54.3052893],[-108.2710534,54.3053413],[-108.2708882,54.3056794],[-108.270901,54.3060236],[-108.2711222,54.3063699],[-108.2713093,54.3065336],[-108.2726874,54.3072506],[-108.2731487,54.307642],[-108.2731073,54.3078807],[-108.2729015,54.3080183],[-108.2723986,54.308174],[-108.2719246,54.3082327],[-108.2715037,54.3083503],[-108.271137,54.3085732],[-108.2703404,54.3087559],[-108.2698218,54.308736],[-108.2691186,54.3085147],[-108.2687965,54.3085079],[-108.2683566,54.3087492],[-108.2677699,54.3088499],[-108.2676896,54.3089813],[-108.2678549,54.309129],[-108.2681046,54.3092008],[-108.2693747,54.3093987],[-108.2700933,54.3096181],[-108.2703939,54.3097864],[-108.2706469,54.3098672],[-108.2714657,54.309878],[-108.2721985,54.3103572],[-108.2733434,54.3107387],[-108.273721,54.3107667],[-108.2750748,54.3105336],[-108.276123,54.3105159],[-108.2768764,54.310787],[-108.277135,54.3108391],[-108.2782453,54.3108604],[-108.2787588,54.3107781],[-108.2790532,54.3106202],[-108.2806366,54.3094336],[-108.2808466,54.3093515],[-108.2814889,54.3092719],[-108.2826555,54.3085667],[-108.2828201,54.3083594],[-108.2827817,54.3081213],[-108.2824417,54.3076681],[-108.2820818,54.3072923],[-108.281878,54.3072147],[-108.2814521,54.3072301],[-108.2811686,54.3071532],[-108.2806729,54.3068875],[-108.2789447,54.3063074],[-108.2778769,54.3057856],[-108.2776096,54.3057534],[-108.2771694,54.3058172],[-108.2767848,54.3059022],[-108.276546,54.3060813],[-108.2764023,54.306258],[-108.2761852,54.3067614],[-108.2760147,54.3068199],[-108.2748983,54.3069582],[-108.2745689,54.3068868],[-108.2731009,54.3062744],[-108.2729452,54.3061535],[-108.2729357,54.3058183],[-108.2727283,54.3055544],[-108.2723197,54.3053527],[-108.2716618,54.3052566]]]},"properties":{"intermittent":"yes","natural":"water","osmId":260380403,"osmType":"way","sourceUrl":"https://www.openstreetmap.org/way/260380403"}},{"type":"Feature","id":"way/260380418","geometry":{"type":"Polygon","coordinates":[[[-108.4403482,54.4398604],[-108.4399954,54.4399045],[-108.4397818,54.439978],[-108.4397972,54.4402379],[-108.4400985,54.4403592],[-108.4402804,54.440243],[-108.4403669,54.4399984],[-108.4403482,54.4398604]]]},"properties":{"natural":"water","source":"NRCan-CanVec-10.0","osmId":260380418,"osmType":"way","sourceUrl":"https://www.openstreetmap.org/way/260380418"}},{"type":"Feature","id":"way/260380436","geometry":{"type":"Polygon","coordinates":[[[-108.2599719,54.3142809],[-108.2598383,54.3143535],[-108.2598627,54.3145093],[-108.2599748,54.3145982],[-108.2602069,54.3147096],[-108.2605546,54.3146106],[-108.2604181,54.3143658],[-108.2599719,54.3142809]]]},"properties":{"natural":"water","source":"NRCan-CanVec-10.0","osmId":260380436,"osmType":"way","sourceUrl":"https://www.openstreetmap.org/way/260380436"}},{"type":"Feature","id":"way/260380439","geometry":{"type":"Polygon","coordinates":[[[-108.3838354,54.3320205],[-108.3838591,54.3322606],[-108.3835496,54.3325516],[-108.3829385,54.3329363],[-108.3824377,54.3333167],[-108.3821314,54.3336166],[-108.3817564,54.3338597],[-108.3816852,54.3339714],[-108.3812051,54.3343211],[-108.3809341,54.334411],[-108.3807068,54.334402],[-108.379999,54.3343034],[-108.3794486,54.3341103],[-108.378897,54.3340015],[-108.3782153,54.3339744],[-108.3771205,54.3339988],[-108.3768364,54.334053],[-108.3753446,54.3344353],[-108.3748242,54.3346311],[-108.3746339,54.334767],[-108.3734927,54.3351898],[-108.3730917,54.3352304],[-108.3725684,54.3351555],[-108.3710163,54.334891],[-108.3703992,54.3347343],[-108.3700957,54.3346038],[-108.3695925,54.3343207],[-108.3693018,54.3336559],[-108.3691977,54.3331081],[-108.3687406,54.3326883],[-108.368491,54.3323549],[-108.368369,54.3321084],[-108.36841,54.3317388],[-108.3682344,54.3308633],[-108.3683529,54.3305307],[-108.3692049,54.3299291],[-108.3699591,54.3296294],[-108.370347,54.329553],[-108.3708265,54.3295961],[-108.3705922,54.3299618],[-108.3699679,54.3303107],[-108.3698912,54.3304511],[-108.369904,54.3306178],[-108.3700535,54.3307206],[-108.3706163,54.3306411],[-108.3709033,54.3308577],[-108.371095,54.3312077],[-108.3714811,54.3316082],[-108.371813,54.3317725],[-108.3724213,54.331949],[-108.3730744,54.3320732],[-108.3737683,54.3319586],[-108.3747726,54.3317305],[-108.3754118,54.3316414],[-108.3759623,54.3317036],[-108.3762069,54.331804],[-108.3767803,54.3319287],[-108.3775644,54.3321487],[-108.3777272,54.3321565],[-108.3778899,54.3321642],[-108.3786831,54.3321026],[-108.3806835,54.3321054],[-108.3810965,54.3320539],[-108.3814932,54.3319576],[-108.3817589,54.3317655],[-108.3819789,54.3314483],[-108.382214,54.3312601],[-108.3826531,54.33128],[-108.3832384,54.3315248],[-108.3835156,54.3317145],[-108.3838354,54.3320205]]]},"properties":{"intermittent":"yes","natural":"water","source":"NRCan-CanVec-10.0","osmId":260380439,"osmType":"way","sourceUrl":"https://www.openstreetmap.org/way/260380439"}},{"type":"Feature","id":"way/260380475","geometry":{"type":"Polygon","coordinates":[[[-108.4463281,54.3081759],[-108.4459963,54.3085354],[-108.4458798,54.3090456],[-108.4459945,54.3092275],[-108.4463266,54.3095224],[-108.446806,54.309696],[-108.4475987,54.3097648],[-108.4490965,54.3094459],[-108.4493595,54.3092913],[-108.4498212,54.3091118],[-108.450189,54.3088506],[-108.4510106,54.3080837],[-108.4516297,54.3080714],[-108.4518994,54.3081965],[-108.4519498,54.3083772],[-108.4516486,54.308602],[-108.4516141,54.3093355],[-108.4517857,54.3095851],[-108.4526259,54.31048],[-108.4528741,54.3109818],[-108.4531735,54.3111873],[-108.4536267,54.3112893],[-108.455368,54.3110239],[-108.4556061,54.3111062],[-108.4555855,54.3112677],[-108.455282,54.3113993],[-108.4540396,54.3116301],[-108.4533792,54.3118346],[-108.4530541,54.312212],[-108.4530041,54.3125549],[-108.4531081,54.3129251],[-108.4529706,54.3130733],[-108.4525285,54.3133064],[-108.4520165,54.3134361],[-108.4514629,54.3134963],[-108.4500347,54.313526],[-108.4487254,54.3134005],[-108.4476268,54.3132391],[-108.4457683,54.3130984],[-108.4436359,54.3133005],[-108.4430462,54.3132623],[-108.442795,54.3131442],[-108.4426912,54.3130357],[-108.4423983,54.3124554],[-108.4418084,54.3117628],[-108.4414906,54.3115502],[-108.4406651,54.311392],[-108.4392085,54.3112568],[-108.4390545,54.3112294],[-108.4388,54.3108406],[-108.4387529,54.3102762],[-108.4387243,54.3097189],[-108.4384477,54.3086597],[-108.4383876,54.3084522],[-108.4384606,54.3080411],[-108.4388536,54.3078048],[-108.4392379,54.3077192],[-108.4398329,54.3078596],[-108.4412665,54.3079322],[-108.4417446,54.3077974],[-108.4421343,54.3076831],[-108.4432938,54.3077059],[-108.4441857,54.307566],[-108.4446922,54.3073341],[-108.4451854,54.3069357],[-108.4453164,54.3067697],[-108.4455673,54.3063642],[-108.4461544,54.3060474],[-108.4470528,54.3057945],[-108.4473617,54.3056342],[-108.4478058,54.3052325],[-108.4480666,54.3051156],[-108.4487523,54.3053287],[-108.4494905,54.3056848],[-108.4497286,54.305898],[-108.4497146,54.3060774],[-108.4495412,54.306389],[-108.4476979,54.3075085],[-108.4472416,54.3076593],[-108.4463281,54.3081759]]]},"properties":{"natural":"water","source":"NRCan-CanVec-10.0","water":"lake","osmId":260380475,"osmType":"way","sourceUrl":"https://www.openstreetmap.org/way/260380475"}},{"type":"Feature","id":"way/260380477","geometry":{"type":"Polygon","coordinates":[[[-108.3758156,54.3279736],[-108.3754822,54.3281554],[-108.3754918,54.3283131],[-108.3757449,54.3285246],[-108.3759744,54.3284959],[-108.3762662,54.3283754],[-108.3763616,54.3281111],[-108.3762023,54.3279815],[-108.3758156,54.3279736]]]},"properties":{"natural":"water","source":"NRCan-CanVec-10.0","osmId":260380477,"osmType":"way","sourceUrl":"https://www.openstreetmap.org/way/260380477"}},{"type":"Feature","id":"way/260380479","geometry":{"type":"Polygon","coordinates":[[[-108.2843844,54.3677007],[-108.2850081,54.3681843],[-108.2851691,54.3684073],[-108.2846409,54.3684073],[-108.2843439,54.3682945],[-108.2840335,54.3679685],[-108.2840461,54.3678267],[-108.2841788,54.3677075],[-108.2843844,54.3677007]]]},"properties":{"natural":"water","source":"NRCan-CanVec-10.0","osmId":260380479,"osmType":"way","sourceUrl":"https://www.openstreetmap.org/way/260380479"}},{"type":"Feature","id":"way/260380482","geometry":{"type":"Polygon","coordinates":[[[-108.4357687,54.345869],[-108.4355654,54.3459693],[-108.4355786,54.3462668],[-108.4357273,54.346323],[-108.4363524,54.3464129],[-108.4365305,54.3462878],[-108.4364933,54.3461428],[-108.4363469,54.346049],[-108.4357687,54.345869]]]},"properties":{"natural":"water","source":"NRCan-CanVec-10.0","osmId":260380482,"osmType":"way","sourceUrl":"https://www.openstreetmap.org/way/260380482"}},{"type":"Feature","id":"way/260380485","geometry":{"type":"Polygon","coordinates":[[[-108.3316308,54.4358474],[-108.3314297,54.435648],[-108.3310645,54.4353941],[-108.3307083,54.4354289],[-108.330674,54.4355547],[-108.3311232,54.4359945],[-108.331306,54.436056],[-108.3315723,54.4359949],[-108.3316308,54.4358474]]]},"properties":{"natural":"water","source":"NRCan-CanVec-10.0","osmId":260380485,"osmType":"way","sourceUrl":"https://www.openstreetmap.org/way/260380485"}},{"type":"Feature","id":"way/260380491","geometry":{"type":"Polygon","coordinates":[[[-108.2921227,54.4091928],[-108.2923151,54.4092812],[-108.2925362,54.4092725],[-108.2929057,54.4088342],[-108.2928569,54.4087001],[-108.2926492,54.4086136],[-108.2923732,54.4086477],[-108.2921887,54.4088014],[-108.2921227,54.4091928]]]},"properties":{"natural":"water","source":"NRCan-CanVec-10.0","osmId":260380491,"osmType":"way","sourceUrl":"https://www.openstreetmap.org/way/260380491"}},{"type":"Feature","id":"way/260380514","geometry":{"type":"Polygon","coordinates":[[[-108.4128602,54.318026],[-108.4129366,54.3181473],[-108.4131353,54.3182533],[-108.4133384,54.318284],[-108.4137295,54.3179546],[-108.4136706,54.3177937],[-108.4133616,54.3176922],[-108.4130307,54.3177055],[-108.4128602,54.318026]]]},"properties":{"natural":"water","source":"NRCan-CanVec-10.0","osmId":260380514,"osmType":"way","sourceUrl":"https://www.openstreetmap.org/way/260380514"}},{"type":"Feature","id":"way/260380531","geometry":{"type":"Polygon","coordinates":[[[-108.3067644,54.4026229],[-108.3060749,54.402269],[-108.3058086,54.4020215],[-108.3058123,54.4018996],[-108.3059396,54.401809],[-108.3062922,54.4017654],[-108.3069645,54.4020279],[-108.3074262,54.4020642],[-108.3076497,54.4020178],[-108.3084597,54.4016464],[-108.3092712,54.4014991],[-108.3101388,54.4009336],[-108.3106859,54.4006322],[-108.3106951,54.4004815],[-108.3104493,54.4003344],[-108.3100776,54.4001935],[-108.3097144,54.4001637],[-108.3089515,54.3998283],[-108.308492,54.3997543],[-108.3077846,54.3998794],[-108.3069378,54.4001058],[-108.3053851,54.4009898],[-108.3050062,54.4014012],[-108.3039774,54.4020521],[-108.3036016,54.402164],[-108.3030135,54.4025733],[-108.302844,54.402856],[-108.3029607,54.4030005],[-108.3035372,54.403088],[-108.3038745,54.4033547],[-108.3038128,54.4034932],[-108.3036121,54.4036021],[-108.3031666,54.4036106],[-108.3015628,54.4033418],[-108.3006411,54.4033625],[-108.3002644,54.4034278],[-108.2998147,54.4036891],[-108.2989362,54.4038726],[-108.2984479,54.4038957],[-108.2977771,54.4038572],[-108.2975276,54.403832],[-108.2972786,54.4036759],[-108.2970477,54.4036577],[-108.2967912,54.4037456],[-108.2965947,54.4039101],[-108.2966314,54.4040551],[-108.296945,54.4042125],[-108.2974997,54.4042841],[-108.2976089,54.404364],[-108.2976861,54.4045321],[-108.2976624,54.4047313],[-108.2970793,54.4049343],[-108.2971565,54.4057192],[-108.2972583,54.4060431],[-108.2977238,54.4065743],[-108.2983669,54.4067564],[-108.2988222,54.4070833],[-108.2992302,54.4071917],[-108.2996005,54.4071085],[-108.2999076,54.4069396],[-108.2993467,54.4067193],[-108.2992347,54.406191],[-108.2993806,54.4061075],[-108.3000055,54.4061517],[-108.3002503,54.4062522],[-108.3002639,54.4064655],[-108.3003879,54.4066745],[-108.3005659,54.4068114],[-108.3007908,54.4069892],[-108.3010882,54.4071019],[-108.3016592,54.4072181],[-108.3023826,54.4072688],[-108.30264,54.4072276],[-108.3047686,54.406076],[-108.3053121,54.4055881],[-108.3057497,54.4053376],[-108.3061031,54.4050322],[-108.3063381,54.404489],[-108.3068666,54.403872],[-108.3067107,54.4033118],[-108.3067644,54.4026229]]]},"properties":{"natural":"water","source":"NRCan-CanVec-10.0","osmId":260380531,"osmType":"way","sourceUrl":"https://www.openstreetmap.org/way/260380531"}},{"type":"Feature","id":"way/260380534","geometry":{"type":"Polygon","coordinates":[[[-108.3403684,54.3932855],[-108.3406624,54.3929499],[-108.3408648,54.3924947],[-108.3406819,54.3921248],[-108.3401829,54.3916353],[-108.3389752,54.3914862],[-108.3382393,54.3912691],[-108.3375752,54.3912488],[-108.335947,54.391264],[-108.3355899,54.3913832],[-108.3353536,54.3913938],[-108.3348045,54.3912937],[-108.3337553,54.3912277],[-108.3322321,54.3912673],[-108.3318688,54.3912376],[-108.3313342,54.391089],[-108.3305517,54.3911394],[-108.3300437,54.3912398],[-108.3293329,54.3914869],[-108.328283,54.3916827],[-108.3277007,54.3917549],[-108.3272325,54.3917009],[-108.3248175,54.3917108],[-108.3224837,54.3916358],[-108.3216138,54.3923699],[-108.3214824,54.3924049],[-108.3208007,54.3924241],[-108.3205355,54.3925317],[-108.3202852,54.3924599],[-108.320067,54.3926085],[-108.3200379,54.3928365],[-108.3206873,54.3930363],[-108.3208998,54.3933558],[-108.3211521,54.3935208],[-108.3217314,54.3937481],[-108.3219925,54.3938933],[-108.3221659,54.3941054],[-108.3222874,54.394483],[-108.3226007,54.3947713],[-108.323003,54.3949083],[-108.3238912,54.3950598],[-108.3245129,54.3954033],[-108.3260324,54.3956168],[-108.3265612,54.395925],[-108.3272078,54.3964244],[-108.3277898,54.396483],[-108.3280132,54.3964366],[-108.3286556,54.396441],[-108.328952,54.396507],[-108.3291267,54.3966349],[-108.3291482,54.3967818],[-108.3289444,54.3968819],[-108.3284944,54.3969658],[-108.3276127,54.3968321],[-108.326713,54.396869],[-108.3258521,54.3967047],[-108.3253209,54.3968734],[-108.3253336,54.3970401],[-108.3255892,54.3972141],[-108.3258527,54.3973216],[-108.3269783,54.3975091],[-108.3278799,54.3975655],[-108.3281949,54.3976385],[-108.3283599,54.3977396],[-108.3286237,54.3977162],[-108.3299151,54.3977429],[-108.3309045,54.3977323],[-108.331694,54.3975689],[-108.332007,54.3975487],[-108.3332357,54.3972279],[-108.3348209,54.3970498],[-108.3354972,54.3970593],[-108.3365987,54.3968291],[-108.3371126,54.396569],[-108.3377824,54.3961212],[-108.3387475,54.3956929],[-108.3387543,54.3955799],[-108.3391384,54.3951396],[-108.3399672,54.3945132],[-108.3402498,54.3939265],[-108.3402142,54.3936973],[-108.3403684,54.3932855]]]},"properties":{"natural":"water","water":"lake","osmId":260380534,"osmType":"way","sourceUrl":"https://www.openstreetmap.org/way/260380534"}},{"type":"Feature","id":"way/260380535","geometry":{"type":"Polygon","coordinates":[[[-108.4375132,54.2975678],[-108.4377513,54.297781],[-108.4378659,54.2980938],[-108.437744,54.2990253],[-108.4379351,54.2994594],[-108.4383391,54.299951],[-108.438753,54.3003384],[-108.4400336,54.3010846],[-108.4414541,54.3020376],[-108.4425023,54.3025418],[-108.4435997,54.3033109],[-108.4441065,54.3038644],[-108.4443371,54.3044057],[-108.4444182,54.3051061],[-108.4443244,54.3052861],[-108.4438835,54.3055658],[-108.443687,54.3056839],[-108.4434928,54.3058953],[-108.443245,54.3060479],[-108.4421676,54.3062485],[-108.441363,54.3061906],[-108.4405038,54.3061581],[-108.4400212,54.3062373],[-108.4390441,54.306014],[-108.4382296,54.3056674],[-108.4374674,54.3052021],[-108.4372174,54.3049997],[-108.4368711,54.3043607],[-108.436764,54.3037197],[-108.4362857,54.3030692],[-108.435886,54.3027641],[-108.4347244,54.3021245],[-108.4338434,54.3018143],[-108.4331131,54.3013917],[-108.4328511,54.3012001],[-108.4325268,54.3007079],[-108.4324798,54.3004053],[-108.4325944,54.3001946],[-108.4329808,54.3002023],[-108.4332526,54.3004206],[-108.4336468,54.3010162],[-108.4340933,54.3013622],[-108.4355704,54.3018595],[-108.4369099,54.3025048],[-108.4372691,54.3027869],[-108.4376503,54.3033468],[-108.4378513,54.3038077],[-108.4381923,54.3051299],[-108.4383244,54.3052722],[-108.4386138,54.305451],[-108.4394238,54.3054802],[-108.4401707,54.3058166],[-108.4406194,54.3058631],[-108.4416553,54.3057238],[-108.4423672,54.3057467],[-108.4430003,54.3055551],[-108.4432666,54.3054095],[-108.4433309,54.305149],[-108.4430642,54.3045093],[-108.4430728,54.3042278],[-108.4432343,54.3039271],[-108.4432789,54.3037438],[-108.4429862,54.3034253],[-108.442259,54.3028808],[-108.4417087,54.3025572],[-108.4405732,54.3021201],[-108.4394224,54.3012922],[-108.4389562,54.3008926],[-108.4381646,54.3003468],[-108.4377639,54.2999951],[-108.4373151,54.299425],[-108.4371262,54.2990841],[-108.4369667,54.2986928],[-108.436948,54.2980314],[-108.4367286,54.2978252],[-108.4354439,54.2978087],[-108.4348752,54.2978707],[-108.4327622,54.2982104],[-108.4324042,54.2982366],[-108.4321662,54.2981543],[-108.4321924,54.2980949],[-108.4321946,54.2980572],[-108.4327894,54.297805],[-108.4337084,54.2976524],[-108.4364643,54.2972787],[-108.4370264,54.2973297],[-108.4375132,54.2975678]]]},"properties":{"natural":"water","source":"NRCan-CanVec-10.0","osmId":260380535,"osmType":"way","sourceUrl":"https://www.openstreetmap.org/way/260380535"}},{"type":"Feature","id":"way/260380542","geometry":{"type":"Polygon","coordinates":[[[-108.405546,54.4774404],[-108.4051787,54.4772711],[-108.4049528,54.4772244],[-108.4048146,54.4772416],[-108.4046368,54.4774134],[-108.4050434,54.4779519],[-108.4052024,54.478035],[-108.4055096,54.4778658],[-108.4056008,54.4775458],[-108.405546,54.4774404]]]},"properties":{"natural":"water","source":"NRCan-CanVec-10.0","osmId":260380542,"osmType":"way","sourceUrl":"https://www.openstreetmap.org/way/260380542"}},{"type":"Feature","id":"way/260380554","geometry":{"type":"Polygon","coordinates":[[[-108.3862988,54.4834554],[-108.3864099,54.4841523],[-108.3865743,54.4843376],[-108.3867641,54.4842859],[-108.3869486,54.484132],[-108.3870717,54.4838549],[-108.3869603,54.4834199],[-108.3867028,54.4831994],[-108.3864197,54.4832159],[-108.3862988,54.4834554]]]},"properties":{"natural":"water","source":"NRCan-CanVec-10.0","osmId":260380554,"osmType":"way","sourceUrl":"https://www.openstreetmap.org/way/260380554"}},{"type":"Feature","id":"way/260380559","geometry":{"type":"Polygon","coordinates":[[[-108.4023001,54.329284],[-108.4019822,54.3293331],[-108.4017319,54.3295233],[-108.4017153,54.3298713],[-108.4018233,54.3300354],[-108.4021586,54.3302085],[-108.4023607,54.3301925],[-108.4028732,54.3299322],[-108.4028483,54.3296455],[-108.4023001,54.329284]]]},"properties":{"natural":"water","source":"NRCan-CanVec-10.0","osmId":260380559,"osmType":"way","sourceUrl":"https://www.openstreetmap.org/way/260380559"}},{"type":"Feature","id":"way/260380561","geometry":{"type":"Polygon","coordinates":[[[-108.3508181,54.4246316],[-108.3507012,54.4244872],[-108.3505249,54.4244436],[-108.3501252,54.4244465],[-108.3500407,54.4245225],[-108.3499964,54.4247524],[-108.3500914,54.4248808],[-108.3503072,54.4249007],[-108.3506458,54.4247745],[-108.3508181,54.4246316]]]},"properties":{"natural":"water","source":"NRCan-CanVec-10.0","osmId":260380561,"osmType":"way","sourceUrl":"https://www.openstreetmap.org/way/260380561"}},{"type":"Feature","id":"way/260380574","geometry":{"type":"Polygon","coordinates":[[[-108.2831667,54.3673001],[-108.2833806,54.3674044],[-108.2834479,54.3675456],[-108.2834177,54.3677269],[-108.2832885,54.3680326],[-108.2830202,54.3681312],[-108.2827311,54.3679521],[-108.2826936,54.3677605],[-108.2829146,54.3674434],[-108.2831667,54.3673001]]]},"properties":{"natural":"water","source":"NRCan-CanVec-10.0","osmId":260380574,"osmType":"way","sourceUrl":"https://www.openstreetmap.org/way/260380574"}},{"type":"Feature","id":"way/260380587","geometry":{"type":"Polygon","coordinates":[[[-108.4897557,54.4333527],[-108.4900135,54.4335728],[-108.4904044,54.4334583],[-108.4909003,54.433237],[-108.4909713,54.4331252],[-108.4907114,54.4329428],[-108.4902622,54.432943],[-108.4900027,54.4330224],[-108.4898289,54.4332032],[-108.4897557,54.4333527]]]},"properties":{"natural":"water","source":"NRCan-CanVec-10.0","osmId":260380587,"osmType":"way","sourceUrl":"https://www.openstreetmap.org/way/260380587"}},{"type":"Feature","id":"way/260380595","geometry":{"type":"Polygon","coordinates":[[[-108.2904783,54.4652363],[-108.2903572,54.4653447],[-108.2903866,54.4654253],[-108.2909133,54.4659024],[-108.2914089,54.4662057],[-108.2919636,54.4662307],[-108.2920962,54.4659339],[-108.2918808,54.4657829],[-108.2908268,54.465268],[-108.2904783,54.4652363]]]},"properties":{"natural":"water","source":"NRCan-CanVec-10.0","osmId":260380595,"osmType":"way","sourceUrl":"https://www.openstreetmap.org/way/260380595"}},{"type":"Feature","id":"way/260380596","geometry":{"type":"Polygon","coordinates":[[[-108.3294948,54.3055364],[-108.3294142,54.3054903],[-108.3292427,54.3055023],[-108.3288481,54.3056916],[-108.3288445,54.3058135],[-108.3289684,54.3060224],[-108.3292391,54.3060635],[-108.3294196,54.3059008],[-108.3295524,54.3056507],[-108.3294948,54.3055364]]]},"properties":{"natural":"water","source":"NRCan-CanVec-10.0","osmId":260380596,"osmType":"way","sourceUrl":"https://www.openstreetmap.org/way/260380596"}},{"type":"Feature","id":"way/260380617","geometry":{"type":"Polygon","coordinates":[[[-108.479652,54.3632067],[-108.479132,54.3627951],[-108.4789199,54.3627843],[-108.4787812,54.3628859],[-108.4787541,54.3630296],[-108.4793868,54.3635299],[-108.4795749,54.3635624],[-108.4799203,54.3635003],[-108.4799747,54.3633438],[-108.479652,54.3632067]]]},"properties":{"natural":"water","osmId":260380617,"osmType":"way","sourceUrl":"https://www.openstreetmap.org/way/260380617"}},{"type":"Feature","id":"way/260380631","geometry":{"type":"Polygon","coordinates":[[[-108.4221645,54.3106445],[-108.4223752,54.3107396],[-108.4225367,54.311486],[-108.4228893,54.3121429],[-108.4228805,54.3124245],[-108.4227571,54.3125241],[-108.4225366,54.3124021],[-108.4222025,54.3121448],[-108.4219494,54.3107556],[-108.4221645,54.3106445]]]},"properties":{"natural":"water","source":"NRCan-CanVec-10.0","osmId":260380631,"osmType":"way","sourceUrl":"https://www.openstreetmap.org/way/260380631"}},{"type":"Feature","id":"way/260380632","geometry":{"type":"Polygon","coordinates":[[[-108.3734522,54.3146684],[-108.3737852,54.3147483],[-108.3740262,54.3149706],[-108.3740739,54.315189],[-108.3739537,54.3152975],[-108.373729,54.3151199],[-108.3729626,54.3149912],[-108.3728502,54.3149024],[-108.3729892,54.3146701],[-108.3734522,54.3146684]]]},"properties":{"natural":"water","source":"NRCan-CanVec-10.0","osmId":260380632,"osmType":"way","sourceUrl":"https://www.openstreetmap.org/way/260380632"}},{"type":"Feature","id":"way/260380639","geometry":{"type":"Polygon","coordinates":[[[-108.3031308,54.4294504],[-108.3029559,54.429014],[-108.3026165,54.4286541],[-108.3025765,54.4285001],[-108.3027126,54.4283898],[-108.3029111,54.4283185],[-108.3033876,54.4283063],[-108.3038219,54.4284862],[-108.3048517,54.4287607],[-108.3050674,54.4287807],[-108.3053375,54.4285978],[-108.3053839,54.4284611],[-108.3048669,54.4281419],[-108.3043647,54.4279517],[-108.3040077,54.4279398],[-108.303428,54.4280209],[-108.3027669,54.4278783],[-108.3019859,54.4275824],[-108.3012843,54.4271084],[-108.3009068,54.4269962],[-108.30052,54.4270347],[-108.3002346,54.4272196],[-108.3000706,54.4274735],[-108.29982,54.4277102],[-108.2994091,54.4277704],[-108.299119,54.4277221],[-108.2984719,54.4273535],[-108.2980121,54.4269711],[-108.2977471,54.4269478],[-108.2975551,54.427037],[-108.2974849,54.4273728],[-108.2972572,54.427672],[-108.2973706,54.4278076],[-108.2980177,54.4281762],[-108.2980661,54.4284413],[-108.2979769,54.4285925],[-108.2975064,54.429062],[-108.2971694,54.4295897],[-108.2973768,54.4298071],[-108.2976827,54.430031],[-108.2980514,54.430163],[-108.2999064,54.4306345],[-108.3001412,54.4308392],[-108.3003361,54.4311983],[-108.3007727,54.431649],[-108.3007862,54.4318624],[-108.3005775,54.4320377],[-108.3000084,54.4321923],[-108.2995974,54.4322525],[-108.2987452,54.4322457],[-108.2984835,54.4325398],[-108.2980404,54.4326881],[-108.2976308,54.432664],[-108.2971812,54.4324859],[-108.2960574,54.431821],[-108.2954842,54.4316115],[-108.2947012,54.4315307],[-108.2943135,54.4315226],[-108.2939699,54.431724],[-108.2934659,54.4323658],[-108.2934566,54.4325165],[-108.2937481,54.432789],[-108.2943553,54.4330036],[-108.2949946,54.4331302],[-108.2958529,54.4335943],[-108.2963727,54.433745],[-108.2969311,54.4338255],[-108.2973719,54.4337149],[-108.298219,54.433311],[-108.2982683,54.4330058],[-108.2984012,54.4328865],[-108.2986732,54.4327968],[-108.2992637,54.4327892],[-108.3003522,54.4335332],[-108.3006619,54.4336351],[-108.3014677,54.4337784],[-108.3023064,54.4335718],[-108.3028211,54.4333118],[-108.3030451,54.4331345],[-108.303079,54.4328312],[-108.3029841,54.4327028],[-108.3023629,54.4324057],[-108.3023285,54.432223],[-108.3019773,54.431743],[-108.301927,54.4310762],[-108.3021302,54.4309296],[-108.302563,54.4308854],[-108.3032604,54.4309954],[-108.3036858,54.4308867],[-108.3039712,54.4307018],[-108.3039981,54.4305115],[-108.3031308,54.4294504]]]},"properties":{"natural":"water","osmId":260380639,"osmType":"way","sourceUrl":"https://www.openstreetmap.org/way/260380639"}},{"type":"Feature","id":"way/795002317","geometry":{"type":"LineString","coordinates":[[-108.8520289,54.271363],[-108.8501889,54.2707302],[-108.8492555,54.2706613],[-108.8485044,54.2710247],[-108.8483328,54.2720553],[-108.848778,54.2728415],[-108.8482523,54.2731172],[-108.8462997,54.2730921],[-108.8451731,54.27245],[-108.8435316,54.2724813],[-108.8417506,54.273302],[-108.8397336,54.2731422],[-108.8369817,54.272475],[-108.8354957,54.2725784],[-108.8350505,54.2728697],[-108.8344443,54.2735808],[-108.8321376,54.2737906],[-108.8296861,54.273681],[-108.828125,54.2733208],[-108.8262743,54.2720365],[-108.8254267,54.2710811],[-108.8244611,54.2707302],[-108.8235384,54.2708305],[-108.8214356,54.2718955],[-108.8198906,54.2719206],[-108.8192898,54.2716575],[-108.8176376,54.2703042],[-108.8172299,54.2695022],[-108.8178736,54.2689258],[-108.8185173,54.2689634],[-108.8197404,54.2700786],[-108.8215214,54.2702039],[-108.8226158,54.2695273],[-108.8254696,54.2683619],[-108.82577,54.267986],[-108.8256627,54.2674847],[-108.8253409,54.2671464],[-108.8243753,54.2670211],[-108.8216287,54.2673093],[-108.8173157,54.267986],[-108.8100845,54.2703042],[-108.8069302,54.2718705],[-108.8032824,54.2719707],[-108.7985402,54.2713066],[-108.7969953,54.2716575],[-108.7944633,54.2727977],[-108.7937337,54.2736622],[-108.7937981,54.2741634],[-108.7945491,54.2752534],[-108.7946349,54.2758924],[-108.7941414,54.2761931],[-108.7934119,54.2760929],[-108.7924033,54.2755917],[-108.7916738,54.274865],[-108.7896139,54.2743513],[-108.7878543,54.2736998],[-108.7868673,54.272735],[-108.785494,54.2726223],[-108.7830049,54.2728603],[-108.7812668,54.2731861],[-108.7788636,54.2743012],[-108.7775332,54.2745643],[-108.7764388,54.2743889],[-108.7758166,54.2738502],[-108.7759453,54.2724594],[-108.7753874,54.272284],[-108.7740356,54.272309],[-108.7731344,54.2724093],[-108.7725335,54.2729355],[-108.7718469,54.272735],[-108.7718254,54.2717201],[-108.7698513,54.2713066],[-108.7657958,54.2706676],[-108.7638003,54.2702165],[-108.7624914,54.2691138],[-108.7605172,54.2688381],[-108.7580711,54.2689133],[-108.7569982,54.2690386],[-108.7560541,54.2689383],[-108.7557322,54.2684622],[-108.7562043,54.2675474],[-108.7571269,54.2674221],[-108.7585861,54.2677228],[-108.7597662,54.2680862],[-108.7610108,54.267986],[-108.7617833,54.267397],[-108.7616545,54.2666451],[-108.7603027,54.2656927],[-108.7589079,54.2644395],[-108.7536508,54.2617199],[-108.7503463,54.2603287],[-108.7467843,54.2587369],[-108.7457758,54.25801],[-108.7458187,54.2575838],[-108.7466985,54.2560671],[-108.7457758,54.2545504],[-108.7438446,54.2524193],[-108.7413341,54.2505389],[-108.7388021,54.2489844],[-108.7363774,54.2479814],[-108.7341458,54.2476303],[-108.7322146,54.247693],[-108.7300688,54.2483324],[-108.7285239,54.2494231],[-108.7278801,54.2494733],[-108.7272149,54.2489844],[-108.722859,54.2455867],[-108.7203485,54.2437561],[-108.7184173,54.2430665],[-108.7171513,54.2429787],[-108.7157351,54.2431543],[-108.7146622,54.2435179],[-108.7120873,54.2450852],[-108.7101132,54.2454864],[-108.7082678,54.2466399],[-108.7075383,54.2464142],[-108.7067014,54.245524],[-108.7041909,54.2450852],[-108.6992341,54.2434176],[-108.6972815,54.2431417],[-108.6960155,54.2433173],[-108.6946422,54.2441072],[-108.6941487,54.2453109],[-108.6946207,54.2469157],[-108.6945349,54.2479312],[-108.6937839,54.2484327],[-108.692711,54.2484453],[-108.6900073,54.2479312],[-108.6889988,54.2480691],[-108.688913,54.2486835],[-108.6891919,54.2492727],[-108.6917669,54.2502631],[-108.6916167,54.250915],[-108.6899001,54.251266],[-108.6885053,54.2507646],[-108.6841065,54.2489593],[-108.683098,54.2492727],[-108.6802226,54.2515669],[-108.6705881,54.2576841],[-108.6700946,54.2586617],[-108.6703307,54.2600154],[-108.6718327,54.2610306],[-108.6720902,54.2619205],[-108.6714465,54.2622463],[-108.6691719,54.2621085],[-108.6680561,54.2620834],[-108.6669189,54.2624844],[-108.6671549,54.2629607],[-108.6689144,54.2633617],[-108.6692578,54.2637126],[-108.6691719,54.2643393],[-108.6680776,54.2648656],[-108.6685711,54.2651789],[-108.6694294,54.2650661],[-108.6704165,54.265016],[-108.67091,54.2654296],[-108.6709958,54.2660687],[-108.6683136,54.2680486],[-108.6655671,54.2692892],[-108.6625201,54.2703042],[-108.6624342,54.2715572],[-108.6635715,54.2723842],[-108.666597,54.2736121],[-108.6664039,54.2741634],[-108.6651808,54.2745267],[-108.6630994,54.274201],[-108.662048,54.2732487],[-108.6593014,54.2720709],[-108.6566836,54.2718955],[-108.6552245,54.2716199],[-108.6547095,54.271056],[-108.655203,54.270016],[-108.6565548,54.2695022],[-108.6570269,54.268813],[-108.6567265,54.2683995],[-108.6553532,54.2684872],[-108.6543876,54.2693268],[-108.6524564,54.2708681],[-108.6512548,54.2714695],[-108.6500532,54.2715322],[-108.6491948,54.2712816],[-108.6489159,54.27063],[-108.6484009,54.2697528],[-108.6464912,54.2708179],[-108.6460191,54.2721336],[-108.6453539,54.2727851],[-108.6438304,54.2727851],[-108.6418134,54.2724844],[-108.6416847,54.2729104],[-108.6433798,54.2739128],[-108.6440879,54.2744516],[-108.6450321,54.2752158],[-108.64456,54.2761054],[-108.6435944,54.2765439],[-108.6408049,54.2764437],[-108.6393029,54.2765689],[-108.6377579,54.2764562],[-108.6358696,54.2750154],[-108.6344105,54.275266],[-108.6284024,54.2779721],[-108.6249048,54.2802146],[-108.6237031,54.2819433],[-108.6237031,54.282933],[-108.6238319,54.2842983],[-108.623274,54.2848244],[-108.6222011,54.2850374],[-108.6207849,54.2846741],[-108.618682,54.283647],[-108.6176306,54.28391],[-108.6146051,54.2860269],[-108.6126095,54.2875926],[-108.6118585,54.2891708],[-108.6114723,54.2912999],[-108.6104852,54.2917883],[-108.6094338,54.2915253],[-108.6082107,54.2900475],[-108.6082751,54.2892459],[-108.6092621,54.2882189],[-108.6090475,54.2878181],[-108.6079317,54.2877805],[-108.6035544,54.2906486],[-108.6028463,54.2915629],[-108.6030394,54.2927026],[-108.6041552,54.2939674],[-108.6063224,54.2953575],[-108.6063653,54.2958459],[-108.6049491,54.2961214],[-108.6010438,54.2957081],[-108.5972887,54.2949693],[-108.5922676,54.2933788],[-108.5904867,54.2918134],[-108.5882765,54.2917508],[-108.5850149,54.2919261],[-108.5836631,54.2929656],[-108.5823542,54.2958208],[-108.5818392,54.2969228],[-108.5805947,54.2971482],[-108.5780841,54.2964345],[-108.575359,54.2961464],[-108.5757452,54.2946186],[-108.574329,54.2945686],[-108.5737497,54.2952698],[-108.572076,54.2960212],[-108.5686213,54.296184],[-108.5673338,54.2957833],[-108.5656601,54.2946312],[-108.5654241,54.2931033],[-108.5609609,54.2924897],[-108.5574418,54.2900976],[-108.5550815,54.2899473],[-108.5481721,54.2903731],[-108.5439879,54.2911496],[-108.5412628,54.2923143],[-108.5397178,54.2922642],[-108.5386235,54.2917382],[-108.5369283,54.2901852],[-108.5368425,54.2891582],[-108.5374862,54.2885069],[-108.5387522,54.2881938],[-108.5412842,54.288056],[-108.5419279,54.2876928],[-108.5416275,54.2864403],[-108.5402542,54.2858641],[-108.5368854,54.2852002],[-108.5355765,54.2853004],[-108.5343105,54.2858516],[-108.5340101,54.2873045],[-108.5346109,54.2884568],[-108.5348255,54.2894212],[-108.5332805,54.2903105],[-108.5311133,54.290586],[-108.5291606,54.2906612],[-108.5266501,54.2915253],[-108.5245258,54.2913375],[-108.5233241,54.2909617],[-108.5221654,54.2898095],[-108.5212213,54.2879934],[-108.5205776,54.2864528],[-108.518303,54.2845864],[-108.5179168,54.2828328],[-108.5163719,54.2827075],[-108.5097414,54.2830457],[-108.5050851,54.2830582],[-108.5034973,54.2831459],[-108.4996349,54.2840353],[-108.4951502,54.2847743],[-108.4920818,54.2845614],[-108.4904295,54.2850374],[-108.4901077,54.2855384],[-108.4900647,54.2858641],[-108.4902579,54.2863776],[-108.4928328,54.2868035],[-108.4963089,54.2867409],[-108.4999782,54.2877429],[-108.5017377,54.2874423],[-108.5041195,54.286791],[-108.5054928,54.2868661],[-108.5060078,54.2872419],[-108.506158,54.2878431],[-108.5045701,54.2890079],[-108.5017592,54.2892209],[-108.4970814,54.2901978],[-108.4930045,54.2906737],[-108.4901291,54.2903856],[-108.4877688,54.2893461],[-108.4858376,54.2878431],[-108.484636,54.2875676],[-108.4833056,54.2880185],[-108.4829408,54.289058],[-108.4835845,54.2903355],[-108.4852368,54.2914502],[-108.4872538,54.2920012],[-108.4888202,54.2922642],[-108.4893996,54.2927527],[-108.4893566,54.2935041],[-108.4883911,54.2948566],[-108.486889,54.2953199],[-108.485387,54.2954326],[-108.4845716,54.295057],[-108.4834558,54.2933914],[-108.480795,54.2917508],[-108.4784776,54.2897469],[-108.476997,54.2895966],[-108.4756023,54.29006],[-108.4746152,54.2908616],[-108.4754737,54.2922309],[-108.4751517,54.2935417],[-108.4728772,54.2939174],[-108.4716326,54.2938297],[-108.4700233,54.2947439],[-108.4695083,54.2961214],[-108.4682423,54.2968853],[-108.4669548,54.2969604],[-108.4662682,54.2963468],[-108.4666115,54.2953325],[-108.4703237,54.2936669],[-108.4716112,54.2930157],[-108.4725553,54.2924646],[-108.4725767,54.291588],[-108.4712464,54.2901602],[-108.4704954,54.2899598],[-108.4696156,54.290085],[-108.4672982,54.2918885],[-108.4635002,54.2941428],[-108.4628135,54.2949192],[-108.4632641,54.2959836],[-108.4647018,54.2971232],[-108.4644443,54.2976742],[-108.4639293,54.297837],[-108.4631354,54.2975865],[-108.4624916,54.2967851],[-108.4613544,54.2944934],[-108.4605175,54.2941803],[-108.4582645,54.2942555],[-108.4565479,54.2951822],[-108.4553033,54.2948065],[-108.4552175,54.294005],[-108.4560329,54.29264],[-108.458007,54.2918384],[-108.4601957,54.2917007],[-108.4606463,54.2910619],[-108.4601528,54.290586],[-108.4578353,54.2908115],[-108.4554321,54.2904858],[-108.4542948,54.2909492],[-108.454209,54.2917382],[-108.4544236,54.2923644],[-108.4536082,54.2929656],[-108.4524924,54.2932035],[-108.4519559,54.2941929],[-108.4524924,54.2958208],[-108.4522563,54.2965722],[-108.4515697,54.2971733],[-108.4487802,54.2973361],[-108.4441024,54.2980498],[-108.4418494,54.2985131],[-108.4399825,54.2982251],[-108.4388667,54.2976616],[-108.4375793,54.2954452],[-108.4362918,54.2953199],[-108.4355623,54.2957708],[-108.4353048,54.2967976],[-108.4329444,54.2980749],[-108.4310991,54.2985883],[-108.4310562,54.2990265],[-108.4320003,54.2995149],[-108.4318286,54.3002036],[-108.4306914,54.3002662],[-108.4287173,54.2992519],[-108.4276444,54.2993145],[-108.4270007,54.2997528],[-108.4276658,54.3004415],[-108.4300476,54.3013555],[-108.4308416,54.3019565],[-108.430627,54.3029832],[-108.4314424,54.3032587],[-108.4324724,54.3031835],[-108.4342533,54.3035592],[-108.4354121,54.3040099],[-108.4359485,54.3050115],[-108.4356302,54.3056062],[-108.4339136,54.3063261],[-108.4299439,54.3063135],[-108.4248263,54.3067079],[-108.423807,54.3073902],[-108.4241825,54.3084168],[-108.4281415,54.3096686],[-108.428871,54.3101568],[-108.428635,54.3106388],[-108.4270257,54.311152],[-108.4258348,54.3129859],[-108.4244078,54.3137119],[-108.4219831,54.3141437],[-108.4194726,54.3142501],[-108.4184104,54.3146006],[-108.4180456,54.3155394],[-108.4193117,54.3168724],[-108.4192151,54.3174106],[-108.4169406,54.3182492],[-108.4167367,54.3186935],[-108.4181744,54.3189813],[-108.4190112,54.3205708],[-108.418743,54.3211027],[-108.4180778,54.3215783],[-108.4173805,54.3215845],[-108.4162003,54.3211027],[-108.4145051,54.3197385],[-108.4130567,54.3193318],[-108.4106428,54.319676],[-108.4094519,54.3203518],[-108.409484,54.3210026],[-108.4103423,54.3215532],[-108.4104604,54.32196],[-108.4097737,54.3225857],[-108.4098166,54.3232177],[-108.4106642,54.3241187],[-108.4113723,54.3247194],[-108.4112221,54.3255578],[-108.4099561,54.3272033],[-108.4087759,54.3275099],[-108.407982,54.3274661],[-108.4063834,54.3259895],[-108.4052032,54.3251761],[-108.4037012,54.3247256],[-108.4030897,54.3247632],[-108.4026605,54.3250885],[-108.4028751,54.325952],[-108.4025425,54.3266777],[-108.4017807,54.3270531],[-108.4004825,54.3272659],[-108.3993346,54.326953],[-108.3989376,54.3264838],[-108.3988518,54.3258331],[-108.3996886,54.3250698],[-108.3988732,54.3246631],[-108.3980364,54.3248195],[-108.3971673,54.3256767],[-108.3957726,54.3260896],[-108.3930367,54.3256704],[-108.390097,54.3246943],[-108.3875972,54.3227359],[-108.3863956,54.3223729],[-108.3857089,54.3225857],[-108.3855373,54.323324],[-108.3858162,54.3244941],[-108.3850008,54.3276663],[-108.3845288,54.3281606],[-108.383885,54.3284421],[-108.3831877,54.3284233],[-108.3827263,54.3278728],[-108.3828765,54.3272846],[-108.3833593,54.3259895],[-108.3829516,54.3249947],[-108.3815461,54.3236995],[-108.3809775,54.3227609],[-108.3813638,54.3221352],[-108.3826298,54.3214844],[-108.3828336,54.3207085],[-108.3825225,54.320333],[-108.3818787,54.3202079],[-108.3807629,54.3204331],[-108.377555,54.3212216],[-108.3763856,54.3210339],[-108.3756024,54.3204957],[-108.37542,54.3198887],[-108.3757955,54.3192942],[-108.3755487,54.3188937],[-108.3745509,54.3186935],[-108.3729416,54.3189876],[-108.3694333,54.318537],[-108.369208,54.318099],[-108.3697444,54.3172479],[-108.3713538,54.3167597],[-108.3724266,54.3161715],[-108.3725876,54.3156583],[-108.3721155,54.3151263],[-108.3714396,54.3152014],[-108.3705169,54.3154518],[-108.3693045,54.3153078],[-108.3684677,54.3151013],[-108.3678883,54.3144755],[-108.368296,54.3142126],[-108.3704096,54.314319],[-108.371858,54.3147195],[-108.3728129,54.3146632],[-108.3732528,54.3144442],[-108.3732528,54.3132488],[-108.3724374,54.3127731],[-108.371225,54.3130047],[-108.3701736,54.3127981],[-108.3681566,54.3115839],[-108.364026,54.30888],[-108.3628243,54.308542],[-108.3620411,54.3086233],[-108.3613759,54.3089426],[-108.3606678,54.3100191],[-108.3602065,54.3105637],[-108.359713,54.3108454],[-108.3585113,54.3108328],[-108.357299,54.3108579],[-108.3569235,54.311271],[-108.3560222,54.3116715],[-108.3552498,54.3114587],[-108.354488,54.3100692],[-108.3536404,54.3095998],[-108.3522779,54.3095059],[-108.3503467,54.3098814],[-108.3460873,54.3100755],[-108.3436304,54.3106012],[-108.3431047,54.3104385],[-108.3430511,54.3101443],[-108.3433086,54.3091804],[-108.3430189,54.307722],[-108.3425361,54.3069332],[-108.3417636,54.3065952],[-108.3411628,54.3067204],[-108.3402616,54.3077908],[-108.3394462,54.3080099],[-108.3390278,54.3076969],[-108.339532,54.3067079],[-108.3394033,54.3060193],[-108.3390385,54.3055123],[-108.3374721,54.3055561],[-108.3366782,54.3052681],[-108.3367318,54.3045169],[-108.3370429,54.3039285],[-108.3365065,54.3034903],[-108.3336204,54.3030521],[-108.3305842,54.3030896],[-108.3274084,54.3029394],[-108.3251232,54.302426],[-108.324061,54.3017812],[-108.3234817,54.3005604],[-108.3223873,54.3000783],[-108.3212394,54.2999844],[-108.3210248,54.2996276],[-108.3214647,54.2990078],[-108.3211535,54.2985006],[-108.3195764,54.2982752],[-108.3175165,54.2983065],[-108.3148342,54.2989389],[-108.3139008,54.2988763],[-108.313579,54.2984756],[-108.3139652,54.2980123],[-108.3172268,54.29743],[-108.3176452,54.2970167],[-108.3176881,54.2954389],[-108.3171088,54.2951196],[-108.3167869,54.2952824],[-108.3149201,54.2968477],[-108.3133537,54.2975176],[-108.3126563,54.2982126],[-108.3127207,54.3002474],[-108.3120877,54.3007983],[-108.3113259,54.3008359],[-108.3108431,54.3006293],[-108.3096737,54.2982126],[-108.3100599,54.2976429],[-108.310768,54.2973924],[-108.3121413,54.2975552],[-108.3126348,54.2973048],[-108.3127529,54.296904],[-108.3122808,54.2965033],[-108.3111972,54.2962904],[-108.309105,54.2965096],[-108.3076996,54.2970481],[-108.3069593,54.2975239],[-108.3061224,54.2976303],[-108.3057147,54.2972985],[-108.3064228,54.2959836],[-108.3073455,54.2952949],[-108.3095771,54.2950319],[-108.3100385,54.2945247],[-108.309781,54.2940113],[-108.3087939,54.2937295],[-108.3077425,54.2937796],[-108.3069164,54.2943369],[-108.3062297,54.2954013],[-108.304953,54.2958083],[-108.3031076,54.2960337],[-108.3020777,54.2959461],[-108.3009189,54.2949756],[-108.3002752,54.2949129],[-108.2997173,54.2951759],[-108.2994276,54.2962153],[-108.298623,54.2966849],[-108.2979792,54.296591],[-108.2975394,54.296159],[-108.2975715,54.2955453],[-108.2985693,54.293717],[-108.2992989,54.2924897],[-108.2993633,54.2915191],[-108.2986981,54.2909555],[-108.2975608,54.2906486],[-108.2961661,54.2909805],[-108.2954902,54.2914377],[-108.2948464,54.2923895],[-108.2948464,54.2931096],[-108.295297,54.2937921],[-108.2948572,54.294243],[-108.2935053,54.2944746],[-108.2928509,54.2949756],[-108.2926148,54.2955015],[-108.2917994,54.2954702],[-108.291263,54.2949505],[-108.2915849,54.2938923],[-108.2913059,54.2928341],[-108.2900614,54.2921891],[-108.2886666,54.2920952],[-108.2875723,54.2922705],[-108.2867998,54.2926713],[-108.2866711,54.2931472],[-108.2870144,54.2935354],[-108.2886988,54.2939361],[-108.288495,54.2955516],[-108.2880122,54.2961402],[-108.2861024,54.2964407],[-108.285566,54.2968727],[-108.2858878,54.2973048],[-108.2871002,54.2974425],[-108.2892138,54.2976241],[-108.2902116,54.2979434],[-108.2904154,54.2988011],[-108.2895786,54.2995337],[-108.288613,54.2999156],[-108.2870573,54.2999907],[-108.2861346,54.2996714],[-108.284933,54.2986697],[-108.283785,54.2982877],[-108.2804161,54.2983003],[-108.279472,54.2984944],[-108.2795149,54.2987448],[-108.2807702,54.2992331],[-108.2810491,54.2997778],[-108.2807916,54.3006543],[-108.2799548,54.3011552],[-108.2780987,54.3013367],[-108.2748586,54.3012428],[-108.2736462,54.3015997],[-108.2740003,54.3024699],[-108.2737535,54.304229],[-108.2734317,54.304736],[-108.2728738,54.3050553],[-108.2717151,54.3050052],[-108.2703739,54.3045044],[-108.2693333,54.3040036],[-108.2694191,54.3033463],[-108.2701165,54.3031397],[-108.2718867,54.303027],[-108.2725197,54.3028643],[-108.2726163,54.3023008],[-108.2722622,54.3018],[-108.2714897,54.301512],[-108.2705456,54.3015871],[-108.2689363,54.3012178],[-108.2674342,54.3005479],[-108.2665759,54.2997215],[-108.2662433,54.2989764],[-108.2663936,54.2983566],[-108.2670373,54.2974049],[-108.2670051,54.2968727],[-108.2664472,54.2963656],[-108.2652348,54.2958897],[-108.2640547,54.2957708],[-108.2633787,54.2959148],[-108.2630247,54.2963343],[-108.2633466,54.2967287],[-108.2652348,54.2973298],[-108.2657176,54.2977869],[-108.2656425,54.2982752],[-108.2652778,54.2989201],[-108.264795,54.2991392],[-108.2637543,54.2990891],[-108.2607609,54.2985257],[-108.2598919,54.29815],[-108.2587117,54.2973486],[-108.2581002,54.297455],[-108.2573921,54.2977117],[-108.25795,54.2984818],[-108.2591838,54.2991518],[-108.2586581,54.2995462],[-108.2578212,54.2997653],[-108.2569629,54.2994773],[-108.2546133,54.2983754],[-108.25221,54.2966098],[-108.2507295,54.2959085],[-108.2501608,54.2958835]]},"properties":{"name":"Beaver River","waterway":"river","osmId":795002317,"osmType":"way","sourceUrl":"https://www.openstreetmap.org/way/795002317"}},{"type":"Feature","id":"way/1103849715","geometry":{"type":"LineString","coordinates":[[-108.4346515,54.4452286],[-108.4355799,54.4457865],[-108.4357882,54.4490583],[-108.4089662,54.4632537],[-108.3936884,54.4624555],[-108.3670809,54.4614577],[-108.3253671,54.4683418],[-108.3279421,54.4887878],[-108.3341219,54.4905826],[-108.333993,54.4965769],[-108.3321905,54.500228],[-108.3274913,54.5025082]]},"properties":{"name":"Waterhen River","waterway":"flowline","osmId":1103849715,"osmType":"way","sourceUrl":"https://www.openstreetmap.org/way/1103849715"}},{"type":"Feature","id":"way/1103849716","geometry":{"type":"LineString","coordinates":[[-109.2736923,54.4534108],[-109.2724156,54.4544712],[-109.2700767,54.4546583],[-109.2642616,54.4543838],[-109.2603993,54.4537601],[-109.2580604,54.4527185],[-109.2561614,54.4523255],[-109.2515909,54.4509532],[-109.2501318,54.4499739],[-109.2487263,54.4491879],[-109.2458295,54.449425],[-109.2416345,54.4482335],[-109.2329334,54.4473976],[-109.2306482,54.4467051],[-109.2254125,54.4457381],[-109.2218398,54.4451455],[-109.219576,54.4445902],[-109.2182349,54.4439726],[-109.2159282,54.4429369],[-109.212495,54.4415456],[-109.2093729,54.4401668],[-109.2073452,54.438532],[-109.2059933,54.4377957],[-109.2044591,54.4375524],[-109.202603,54.4374775],[-109.2011868,54.4381701],[-109.2000174,54.4395179],[-109.1979038,54.4413148],[-109.1962516,54.4423567],[-109.1940414,54.4421384],[-109.1907155,54.4417578],[-109.1893636,54.4415519],[-109.1877114,54.4380827],[-109.1847395,54.4357865],[-109.1813063,54.4337896],[-109.180566,54.433384],[-109.1799652,54.4328847],[-109.1791283,54.4316741],[-109.178549,54.4298393],[-109.1787206,54.4285536],[-109.1783559,54.4281604],[-109.1782808,54.4269746],[-109.178431,54.4251271],[-109.1794609,54.4226428],[-109.1792463,54.4219811],[-109.1784524,54.4216503],[-109.1772293,54.4207951],[-109.1746329,54.4199087],[-109.1719722,54.4183605],[-109.1708242,54.4178361],[-109.1698693,54.417293],[-109.1679382,54.416444],[-109.1667902,54.4147146],[-109.1663932,54.4136096],[-109.1654169,54.4131788],[-109.1635393,54.4121673],[-109.162681,54.4110247],[-109.1615974,54.4103504],[-109.1603743,54.4089767],[-109.1595267,54.4087082],[-109.1573595,54.4088518],[-109.1549992,54.408602],[-109.1546237,54.4085895],[-109.1509651,54.4081025],[-109.1472851,54.4078465],[-109.1443562,54.407503],[-109.1421246,54.4064415],[-109.1387879,54.4057671],[-109.1342174,54.404949],[-109.1317927,54.404031],[-109.1311061,54.4032379],[-109.1301619,54.4027883],[-109.1288101,54.4021013],[-109.1282522,54.4013456],[-109.1257631,54.3998093],[-109.1239392,54.3985976],[-109.1236173,54.397617],[-109.1248404,54.3959681],[-109.1244971,54.3944815],[-109.1241216,54.3928324],[-109.1230594,54.3915893],[-109.1220938,54.391202],[-109.1212033,54.3900776],[-109.1197013,54.3888344],[-109.1189717,54.3866791],[-109.1192614,54.3839488],[-109.1188859,54.381637],[-109.1177916,54.3803686],[-109.1169118,54.3791376],[-109.1142296,54.3781815],[-109.1134357,54.3781128],[-109.1112255,54.3784315],[-109.1102385,54.3790314],[-109.1089081,54.3795063],[-109.1084038,54.381587],[-109.106698,54.3826929],[-109.1036939,54.3835927],[-109.1029643,54.3838238],[-109.1016447,54.3839363],[-109.096924,54.38413],[-109.0948319,54.3854545],[-109.0931796,54.3864541],[-109.091581,54.3877474],[-109.0910875,54.3888906],[-109.0906047,54.3909834],[-109.0904223,54.3928324],[-109.0898215,54.3937944],[-109.0892851,54.3954434],[-109.088695,54.3977857],[-109.0861844,54.3986663],[-109.0844464,54.4007086],[-109.0829658,54.4010708],[-109.0809809,54.4008897],[-109.0775692,54.4011146],[-109.0741574,54.4009147],[-109.0718829,54.4012832],[-109.0704667,54.4006961],[-109.0676235,54.4007211],[-109.0658318,54.4002902],[-109.0632784,54.3989786],[-109.0609502,54.3982791],[-109.0576135,54.3975483],[-109.0537619,54.3973609],[-109.0507042,54.3966989],[-109.0476894,54.3964116],[-109.0464019,54.396043],[-109.0447389,54.3959306],[-109.0415954,54.396449],[-109.0394925,54.3961805],[-109.0383338,54.3951561],[-109.034922,54.3945315],[-109.0335488,54.3940255],[-109.0330338,54.3936819],[-109.0300619,54.3912957],[-109.0274655,54.3890843],[-109.0254378,54.3869977],[-109.0222298,54.3851046],[-109.0203845,54.3837239],[-109.0188932,54.3824493],[-109.0155994,54.3811809],[-109.0102672,54.3802686],[-109.0040981,54.3809059],[-108.9997422,54.3814121],[-108.9980256,54.3814808],[-108.9970707,54.381662],[-108.994367,54.3829304],[-108.9925646,54.383274],[-108.9905905,54.3838801],[-108.9883589,54.3846798],[-108.985151,54.385567],[-108.9815997,54.3859356],[-108.9763962,54.3864729],[-108.9717936,54.387435],[-108.9683603,54.3877036],[-108.9611506,54.3870477],[-108.952546,54.3857169],[-108.9430939,54.386804],[-108.9404332,54.3865791],[-108.9371287,54.385592],[-108.9337813,54.3852921],[-108.9284169,54.3836239],[-108.9251982,54.3819931],[-108.9231812,54.3814495],[-108.9168512,54.381437],[-108.9088046,54.3802623],[-108.9057469,54.3791688],[-108.9033972,54.3784065],[-108.9003717,54.3788564],[-108.8990628,54.37945],[-108.8973676,54.379575],[-108.8910269,54.3802373],[-108.8889455,54.3802124],[-108.885008,54.3793063],[-108.8832699,54.3790064],[-108.8777017,54.3786939],[-108.8752877,54.3790939],[-108.8739466,54.3792376],[-108.8705777,54.3779691],[-108.8687002,54.3777066],[-108.8673323,54.3771942],[-108.8664096,54.3768318],[-108.8646071,54.3751945],[-108.8632553,54.3751695],[-108.8618606,54.375307],[-108.8610881,54.3757069],[-108.8608306,54.3773192],[-108.8599294,54.378319],[-108.8581913,54.3793188],[-108.8535994,54.3801186],[-108.8513678,54.3801436],[-108.8482778,54.3790439],[-108.8464754,54.3786564],[-108.8424199,54.3788314],[-108.8391369,54.3801311],[-108.8370769,54.3819931],[-108.8336223,54.3833053],[-108.827657,54.3838051],[-108.8236659,54.3832678],[-108.8211124,54.3832303],[-108.8144391,54.3863542],[-108.8048261,54.3872288],[-108.7987321,54.3884533],[-108.792681,54.3906148],[-108.7905353,54.3904649],[-108.787381,54.3884533],[-108.7847417,54.3882159],[-108.776933,54.3903788],[-108.773768,54.3920529],[-108.7706137,54.3925652],[-108.7645841,54.3923278],[-108.7613654,54.3942142],[-108.7578035,54.3966003],[-108.7508083,54.3962255],[-108.7424827,54.3966003],[-108.7305737,54.3990737],[-108.7241364,54.4002978],[-108.7216473,54.4009473],[-108.7185145,54.4010223],[-108.7155533,54.4022713],[-108.7125922,54.4038451],[-108.7100172,54.405119],[-108.7080861,54.4057185],[-108.7067557,54.407392],[-108.7058759,54.4077292],[-108.7003398,54.4086783],[-108.6965633,54.411101],[-108.691628,54.412562],[-108.6885167,54.4138856],[-108.6825514,54.4156587],[-108.6772299,54.4162331],[-108.6704922,54.4153591],[-108.6612225,54.4150844],[-108.6557723,54.4165827],[-108.6514807,54.4182808],[-108.6476613,54.4189799],[-108.6453438,54.4186803],[-108.6441422,54.4179561],[-108.6427689,54.4158335],[-108.6378766,54.4161332],[-108.6308814,54.416308],[-108.6295939,54.4162331],[-108.6263323,54.4151843],[-108.6218262,54.4157586],[-108.6146594,54.4148097],[-108.6095095,54.4138856],[-108.6062909,54.4136859],[-108.6031151,54.4130116],[-108.6005831,54.4132363],[-108.5947466,54.4127368],[-108.5912705,54.4132114],[-108.5892106,54.4130615],[-108.5860348,54.4132114],[-108.5809708,54.4147098],[-108.576293,54.4162331],[-108.5729886,54.4167325],[-108.5693407,54.4168574],[-108.564148,54.4168324],[-108.5589552,54.4174567],[-108.5523034,54.4177064],[-108.5478402,54.4176065],[-108.5433341,54.4179811],[-108.53827,54.4175816],[-108.5293866,54.4155588],[-108.5256958,54.4142602],[-108.5212756,54.4142103],[-108.5156107,54.4139356],[-108.5089589,54.4132863],[-108.4974576,54.4146349],[-108.489132,54.4172819],[-108.4847546,54.4190798],[-108.4788323,54.4224757],[-108.4746266,54.4272194],[-108.4693051,54.4301153],[-108.4568597,54.4310639],[-108.4438134,54.4318128],[-108.4366036,54.4318128],[-108.4299088,54.4366053],[-108.4220982,54.4364555],[-108.4218408,54.4376536],[-108.4233857,54.4389514],[-108.423214,54.4427948],[-108.4320546,54.4442922],[-108.4346515,54.4452286]]},"properties":{"name":"Waterhen River","waterway":"river","osmId":1103849716,"osmType":"way","sourceUrl":"https://www.openstreetmap.org/way/1103849716"}},{"type":"Feature","id":"way/1122143664","geometry":{"type":"Polygon","coordinates":[[[-108.4056841,54.5314127],[-108.40532,54.5315473],[-108.40512,54.5317255],[-108.4050937,54.5318398],[-108.4050008,54.5319599],[-108.4048874,54.5321379],[-108.4047886,54.5322809],[-108.4047117,54.5324346],[-108.4046608,54.5326069],[-108.4045939,54.5328292],[-108.4045591,54.5330751],[-108.4045881,54.5332887],[-108.4047278,54.5335108],[-108.4049574,54.5337728],[-108.4051455,54.5339804],[-108.4053077,54.5342074],[-108.405435,54.5343383],[-108.4056625,54.5344475],[-108.4059323,54.5344573],[-108.4061857,54.5343871],[-108.4064606,54.5343995],[-108.4067359,54.5343901],[-108.4071835,54.5343279],[-108.4074952,54.5342866],[-108.407929,54.5342113],[-108.4081346,54.5343523],[-108.4082875,54.5344286],[-108.4082472,54.5341827],[-108.4083409,54.5339817],[-108.4084396,54.5337584],[-108.4085647,54.5335761],[-108.4086432,54.5333188],[-108.4087233,54.5331415],[-108.4087573,54.5329691],[-108.4087062,54.532789],[-108.4087088,54.532629],[-108.4086738,54.5324702],[-108.408618,54.532322],[-108.4085534,54.5321372],[-108.4084016,54.5318628],[-108.4081491,54.5316568],[-108.4079493,54.5315464],[-108.4077255,54.5314529],[-108.4074819,54.531378],[-108.4072229,54.5313229],[-108.4069534,54.5312889],[-108.4066784,54.5312765],[-108.4064031,54.5312859],[-108.4061325,54.531317],[-108.4056841,54.5314127]]]},"properties":{"natural":"water","osmId":1122143664,"osmType":"way","sourceUrl":"https://www.openstreetmap.org/way/1122143664"}},{"type":"Feature","id":"way/1122143665","geometry":{"type":"Polygon","coordinates":[[[-108.4159078,54.5128287],[-108.4155557,54.5130416],[-108.4152585,54.5133225],[-108.4152192,54.5135794],[-108.4154687,54.5139534],[-108.4155062,54.5141523],[-108.4153668,54.5143185],[-108.4149966,54.5146639],[-108.4147901,54.515006],[-108.4147431,54.5152799],[-108.4148738,54.5159389],[-108.4148145,54.5163435],[-108.4146448,54.5167312],[-108.4148733,54.5170062],[-108.4150503,54.5171076],[-108.4158844,54.5172954],[-108.4159707,54.517534],[-108.4163958,54.5177437],[-108.4168916,54.5178259],[-108.4175491,54.5178371],[-108.4183736,54.5177315],[-108.4193062,54.5174532],[-108.4200487,54.5170318],[-108.4203599,54.5167297],[-108.4204063,54.5163113],[-108.4203387,54.5160895],[-108.4207588,54.5156957],[-108.4208044,54.5154494],[-108.4208098,54.5150729],[-108.420917,54.51479],[-108.4213435,54.5145069],[-108.4218194,54.51399],[-108.4220164,54.5134291],[-108.4218858,54.5130144],[-108.4218838,54.5128703],[-108.4216037,54.5126949],[-108.4211115,54.5127278],[-108.420887,54.5129189],[-108.4209222,54.5131619],[-108.4207217,54.5133379],[-108.4201767,54.5133338],[-108.4197208,54.5131794],[-108.4191977,54.5128453],[-108.418736,54.5125039],[-108.4182067,54.5123677],[-108.4175186,54.5123624],[-108.4168918,54.5124383],[-108.4164175,54.5126293],[-108.4159078,54.5128287]]]},"properties":{"natural":"water","osmId":1122143665,"osmType":"way","sourceUrl":"https://www.openstreetmap.org/way/1122143665"}},{"type":"Feature","id":"way/1122145949","geometry":{"type":"Polygon","coordinates":[[[-108.3748234,54.5285179],[-108.3743257,54.5285889],[-108.3741376,54.5286078],[-108.3737963,54.5287273],[-108.3733732,54.5288023],[-108.3730004,54.5288277],[-108.3727268,54.5289081],[-108.372378,54.5289481],[-108.3722854,54.5290245],[-108.3723568,54.5291782],[-108.3725403,54.5292894],[-108.3726932,54.5294302],[-108.3731503,54.5295519],[-108.3735529,54.5296317],[-108.3737618,54.5296806],[-108.3742162,54.5296206],[-108.374561,54.5294874],[-108.3748571,54.5293661],[-108.375154,54.5292439],[-108.375307,54.5291884],[-108.3755673,54.5290721],[-108.3758503,54.5289544],[-108.3761302,54.5289479],[-108.3763048,54.5287425],[-108.3761238,54.5286725],[-108.3758624,54.5286099],[-108.3753794,54.5285472],[-108.3751584,54.5285762],[-108.3748234,54.5285179]]]},"properties":{"natural":"water","osmId":1122145949,"osmType":"way","sourceUrl":"https://www.openstreetmap.org/way/1122145949"}},{"type":"Feature","id":"way/1122145950","geometry":{"type":"Polygon","coordinates":[[[-108.3816827,54.5271639],[-108.3812774,54.52706],[-108.3809244,54.5271303],[-108.3807194,54.5272756],[-108.3805853,54.5274731],[-108.3806109,54.527656],[-108.3808386,54.5278356],[-108.3814713,54.5280186],[-108.3819464,54.5282024],[-108.3826022,54.5283347],[-108.3832346,54.5285161],[-108.3839849,54.5286793],[-108.3845811,54.5287605],[-108.3849442,54.5288056],[-108.3854096,54.5288795],[-108.3859016,54.5289621],[-108.3863081,54.5290199],[-108.3864692,54.5290197],[-108.3866811,54.5289598],[-108.3871118,54.5289819],[-108.3873179,54.5289636],[-108.3875596,54.5288138],[-108.3874432,54.5287124],[-108.3874927,54.5286589],[-108.3875463,54.5285097],[-108.3876038,54.528361],[-108.3874834,54.5281471],[-108.387363,54.5279953],[-108.3871535,54.5278489],[-108.3870073,54.5277414],[-108.3868362,54.5276472],[-108.386338,54.5274747],[-108.3860745,54.5273749],[-108.3857441,54.5273055],[-108.3854159,54.5273016],[-108.3849603,54.5273266],[-108.3843017,54.5273367],[-108.3839064,54.5273693],[-108.3836393,54.527545],[-108.3833441,54.5276339],[-108.3826655,54.5275398],[-108.3821168,54.5273464],[-108.3816827,54.5271639]]]},"properties":{"natural":"water","osmId":1122145950,"osmType":"way","sourceUrl":"https://www.openstreetmap.org/way/1122145950"}},{"type":"Feature","id":"way/1122145951","geometry":{"type":"Polygon","coordinates":[[[-108.369712,54.5335638],[-108.3695198,54.5336876],[-108.3693889,54.5338681],[-108.3693787,54.5339691],[-108.3694071,54.5340904],[-108.3694435,54.534204],[-108.3695624,54.534325],[-108.3696376,54.5344661],[-108.3697825,54.5345654],[-108.3700388,54.5346179],[-108.3702265,54.5347249],[-108.3703899,54.534818],[-108.3706473,54.534982],[-108.3709181,54.5350325],[-108.3712018,54.5350165],[-108.3714557,54.5348701],[-108.3715679,54.5346833],[-108.3716315,54.5345408],[-108.371655,54.534351],[-108.3716437,54.5341628],[-108.3715939,54.5340041],[-108.3715629,54.5338813],[-108.3714708,54.5337758],[-108.3712883,54.5336751],[-108.3710898,54.5336287],[-108.3709705,54.5335847],[-108.3708258,54.5335389],[-108.3705926,54.5334511],[-108.3703356,54.5334422],[-108.3700334,54.5334641],[-108.369712,54.5335638]]]},"properties":{"natural":"water","osmId":1122145951,"osmType":"way","sourceUrl":"https://www.openstreetmap.org/way/1122145951"}},{"type":"Feature","id":"way/1122145952","geometry":{"type":"Polygon","coordinates":[[[-108.3834222,54.538587],[-108.3833015,54.538634],[-108.3830194,54.538612],[-108.3828753,54.5388106],[-108.382867,54.5389771],[-108.3827554,54.5391452],[-108.3826914,54.539311],[-108.3829107,54.5392589],[-108.3832294,54.5393461],[-108.3833816,54.5393916],[-108.3833797,54.5395041],[-108.3835031,54.5396],[-108.3836227,54.5396304],[-108.3838234,54.5396559],[-108.3841255,54.5396664],[-108.3843665,54.5396524],[-108.3846148,54.5396145],[-108.3849284,54.539529],[-108.3851187,54.5394283],[-108.3853216,54.5392726],[-108.3853748,54.5391908],[-108.3855846,54.5390624],[-108.3857166,54.5389161],[-108.3854463,54.5387773],[-108.3852498,54.5386803],[-108.3849386,54.5386716],[-108.3845723,54.5385229],[-108.3843286,54.538516],[-108.384107,54.5384962],[-108.383866,54.5385538],[-108.3836821,54.5385388],[-108.3834222,54.538587]]]},"properties":{"natural":"water","osmId":1122145952,"osmType":"way","sourceUrl":"https://www.openstreetmap.org/way/1122145952"}},{"type":"Feature","id":"relation/3259858","geometry":{"type":"MultiPolygon","coordinates":[[[[-108.4831507,54.4101065],[-108.4835059,54.4099883],[-108.4838815,54.4098407],[-108.4839018,54.409563],[-108.4842367,54.4093563],[-108.4844804,54.4092795],[-108.4851097,54.4090314],[-108.4855157,54.4089014],[-108.4859826,54.408866],[-108.4864495,54.4087301],[-108.4873122,54.408606],[-108.4880329,54.4083934],[-108.4885404,54.4081157],[-108.4893118,54.4076963],[-108.4901035,54.40759],[-108.4905197,54.4078617],[-108.4905095,54.4082516],[-108.490408,54.4086356],[-108.4897889,54.4089368],[-108.4890682,54.409309],[-108.4883577,54.4097816],[-108.488175,54.4102601],[-108.4885201,54.4106145],[-108.4893625,54.4107917],[-108.4904182,54.4106027],[-108.4909257,54.4103782],[-108.4915144,54.4104432],[-108.4921335,54.4108626],[-108.492164,54.4111816],[-108.4928339,54.4116955],[-108.4935444,54.4120853],[-108.4944579,54.4123039],[-108.4953004,54.4123984],[-108.4955947,54.4126169],[-108.4957064,54.4124397],[-108.4960413,54.4123866],[-108.4977364,54.4125047],[-108.4992589,54.4125165],[-108.5001724,54.412487],[-108.5010352,54.4126642],[-108.5011671,54.4128946],[-108.502852,54.4128237],[-108.5020502,54.412676],[-108.5013295,54.4124752],[-108.5007002,54.4123629],[-108.5000811,54.4123334],[-108.4988833,54.4121739],[-108.4975841,54.4121917],[-108.4971172,54.4122035],[-108.4960007,54.412103],[-108.4947218,54.4119908],[-108.4937271,54.4118018],[-108.49325,54.4116305],[-108.4927527,54.4111934],[-108.4925192,54.4108862],[-108.4929049,54.4105968],[-108.492438,54.4104077],[-108.4918493,54.4101656],[-108.4913418,54.4101419],[-108.4907328,54.410201],[-108.4903065,54.4104255],[-108.4897077,54.4105377],[-108.4889971,54.4105082],[-108.4886419,54.4103959],[-108.4884998,54.4101951],[-108.4885099,54.4098643],[-108.4891088,54.4094803],[-108.4898701,54.4091968],[-108.4901949,54.4090077],[-108.4908851,54.4085883],[-108.4910982,54.4083166],[-108.4910881,54.4079621],[-108.4909155,54.4076431],[-108.4906719,54.4075013],[-108.4902659,54.4073773],[-108.489728,54.4074245],[-108.4891392,54.407525],[-108.4880532,54.4079562],[-108.4870585,54.4081984],[-108.4857288,54.4084524],[-108.4849473,54.4085588],[-108.4840642,54.4088364],[-108.4835262,54.4090668],[-108.4829984,54.4091672],[-108.4822372,54.4091377],[-108.4819373,54.4089607],[-108.4822717,54.4086455],[-108.4843374,54.4079775],[-108.4845151,54.4074719],[-108.4852259,54.4067709],[-108.4866871,54.4064951],[-108.4882272,54.406633],[-108.4893527,54.4065295],[-108.4904386,54.4061273],[-108.4916036,54.4058745],[-108.4913272,54.4056102],[-108.490895,54.4055135],[-108.4905199,54.4056859],[-108.4897103,54.4055824],[-108.4879135,54.4057318],[-108.4842189,54.4060009],[-108.4809435,54.4055824],[-108.4794231,54.4051112],[-108.4782779,54.4050997],[-108.4773696,54.4046975],[-108.476106,54.4045366],[-108.4759283,54.4040539],[-108.4753754,54.4036287],[-108.4731442,54.403031],[-108.4714264,54.4025483],[-108.4693729,54.4021805],[-108.4671417,54.4014564],[-108.4653504,54.40123],[-108.4643072,54.4010522],[-108.4630868,54.4010463],[-108.4619803,54.4011756],[-108.4610807,54.4012136],[-108.4600126,54.4014036],[-108.4591949,54.4012723],[-108.4564793,54.4009392],[-108.4546431,54.4009852],[-108.4535966,54.4006633],[-108.4559067,54.4005944],[-108.4570717,54.4006633],[-108.4576773,54.400546],[-108.4592518,54.4000775],[-108.4599584,54.3995587],[-108.4604745,54.3990452],[-108.4605924,54.3987124],[-108.4606957,54.3979046],[-108.4605795,54.397676],[-108.46024,54.3974941],[-108.4599905,54.3974693],[-108.4591423,54.3974728],[-108.4581444,54.3976352],[-108.4569354,54.3980954],[-108.4561081,54.398199],[-108.4546792,54.3987147],[-108.4534459,54.3989347],[-108.452853,54.3993269],[-108.4525173,54.3998085],[-108.4518389,54.4000992],[-108.4506865,54.4002342],[-108.4498306,54.4001731],[-108.4489124,54.4003349],[-108.4486694,54.4003279],[-108.4484614,54.4002417],[-108.4479964,54.3995716],[-108.4472781,54.39933],[-108.444731,54.399376],[-108.4440202,54.4000657],[-108.4451434,54.400783],[-108.4459157,54.4014794],[-108.446881,54.4019094],[-108.4468612,54.4028863],[-108.4463084,54.403438],[-108.4456568,54.4038518],[-108.4454396,54.4037598],[-108.4457358,54.403461],[-108.4449657,54.4033461],[-108.4440377,54.403392],[-108.4436625,54.4037253],[-108.4433861,54.4042885],[-108.4434848,54.4047827],[-108.4438797,54.4052194],[-108.4445906,54.4056446],[-108.4456963,54.4058745],[-108.4479077,54.4061158],[-108.4494873,54.4064491],[-108.4508498,54.4071846],[-108.4529427,54.407357],[-108.4539892,54.4070007],[-108.4542854,54.4062078],[-108.4579777,54.4070812],[-108.4592019,54.4078396],[-108.4607026,54.4077822],[-108.4615911,54.4079086],[-108.4632102,54.4085176],[-108.4636841,54.4086785],[-108.4642764,54.4085981],[-108.4648885,54.4083338],[-108.4652242,54.4084372],[-108.4653229,54.4088279],[-108.465007,54.4089658],[-108.464928,54.4092531],[-108.4652772,54.4094448],[-108.4660732,54.4098047],[-108.4668433,54.4098851],[-108.4674949,54.4097357],[-108.4683834,54.4098622],[-108.469114,54.4098736],[-108.4695681,54.4097472],[-108.4701012,54.4096898],[-108.471977,54.4103563],[-108.4746031,54.4109883],[-108.4767356,54.4111147],[-108.4778413,54.4112871],[-108.4791445,54.4120799],[-108.4805464,54.4129187],[-108.480803,54.4133324],[-108.4813362,54.4136081],[-108.4821062,54.4147916],[-108.4823037,54.4157453],[-108.4819713,54.4164026],[-108.4823037,54.4178478],[-108.4842782,54.4173538],[-108.4848705,54.4166989],[-108.4854653,54.4164939],[-108.4870782,54.4159381],[-108.4881877,54.4156074],[-108.4876348,54.4154006],[-108.4872202,54.4141482],[-108.4876546,54.412034],[-108.4874177,54.4114824],[-108.4868648,54.4109538],[-108.484831,54.4107929],[-108.4825998,54.4104827],[-108.4825319,54.4103622],[-108.4831507,54.4101065]],[[-108.4830593,54.4098879],[-108.4827853,54.4098761],[-108.4823488,54.4097934],[-108.4822169,54.4095512],[-108.4824503,54.4093976],[-108.4830289,54.4093858],[-108.4835567,54.4093799],[-108.4836785,54.4095217],[-108.4833029,54.4098407],[-108.4830593,54.4098879]]]]},"properties":{"natural":"water","type":"multipolygon","water":"lake","osmId":3259858,"osmType":"relation","sourceUrl":"https://www.openstreetmap.org/relation/3259858"}},{"type":"Feature","id":"relation/3481145","geometry":{"type":"MultiPolygon","coordinates":[[[[-108.25,54.3841928],[-108.2505456,54.384171],[-108.2514801,54.384364],[-108.253124,54.3842173],[-108.2542849,54.3841955],[-108.2562924,54.3844336],[-108.2581682,54.3845291],[-108.2587497,54.3844106],[-108.259373,54.3842309],[-108.2600885,54.3837313],[-108.2606779,54.3835464],[-108.2612063,54.3835466],[-108.2618382,54.3836555],[-108.262135,54.3835908],[-108.2623315,54.3834263],[-108.262333,54.383342],[-108.262772,54.3830075],[-108.2632091,54.3828881],[-108.2636656,54.3828223],[-108.2638152,54.382617],[-108.2636116,54.3824085],[-108.2632361,54.3822119],[-108.2625863,54.3819651],[-108.2621787,54.3818565],[-108.2618124,54.3818177],[-108.2616017,54.3817222],[-108.2615425,54.3815146],[-108.2622214,54.38087],[-108.2624176,54.3805281],[-108.2622953,54.3802348],[-108.2618173,54.3799761],[-108.261792,54.3797736],[-108.2620439,54.3794528],[-108.2625201,54.3791324],[-108.2629111,54.3790186],[-108.2645358,54.3786871],[-108.265236,54.3786754],[-108.2657637,54.3788064],[-108.2662252,54.3788429],[-108.266488,54.378773],[-108.2666748,54.3785817],[-108.2666824,54.3783378],[-108.2667605,54.3782441],[-108.2672434,54.378119],[-108.2678289,54.378056],[-108.2683831,54.3781277],[-108.269259,54.378468],[-108.2702456,54.3789815],[-108.2708727,54.3791657],[-108.2714297,54.3793772],[-108.2722416,54.3795853],[-108.2732058,54.3797277],[-108.273507,54.3798961],[-108.273622,54.3801249],[-108.2734622,54.3804343],[-108.2731171,54.3805424],[-108.2728496,54.3806876],[-108.2719758,54.3814124],[-108.2716396,54.3815007],[-108.2708289,54.3815168],[-108.2703548,54.3816221],[-108.2699434,54.3816356],[-108.2696016,54.3817526],[-108.2694971,54.3819057],[-108.2694606,54.3822466],[-108.2697203,54.3826537],[-108.2700688,54.3830405],[-108.2710597,54.3836096],[-108.2716078,54.3841494],[-108.2720209,54.3850235],[-108.2721298,54.3854119],[-108.2721444,54.3858493],[-108.2719399,54.3860802],[-108.2716008,54.3863371],[-108.2692861,54.3867539],[-108.2689113,54.3869124],[-108.2685288,54.3873147],[-108.2684667,54.3877616],[-108.2687198,54.3884593],[-108.268459,54.3887999],[-108.268303,54.3894734],[-108.2680911,54.3896397],[-108.2676688,54.3898882],[-108.2668912,54.3900403],[-108.2660061,54.3900281],[-108.2657794,54.3900655],[-108.2654143,54.3902507],[-108.2651001,54.3905325],[-108.2646253,54.3907687],[-108.2641445,54.3908561],[-108.263064,54.3912325],[-108.2627816,54.3912487],[-108.2624553,54.3910554],[-108.2618103,54.3909107],[-108.2588854,54.3909261],[-108.2582761,54.3908798],[-108.2575787,54.3907229],[-108.2565291,54.390787],[-108.2560637,54.3908725],[-108.2552112,54.3911272],[-108.2549683,54.3911198],[-108.25427,54.3909163],[-108.2533286,54.3910138],[-108.2524348,54.3911988],[-108.2517559,54.3915349],[-108.2507426,54.3922299],[-108.2503923,54.3927217],[-108.25,54.3929833],[-108.2498248,54.3931001],[-108.249323,54.3932181],[-108.2485265,54.3931855],[-108.2470396,54.3933688],[-108.2468412,54.39344],[-108.2467825,54.3935875],[-108.2470206,54.3936702],[-108.2472789,54.3936758],[-108.2476547,54.393564],[-108.2484625,54.3935391],[-108.2495625,54.3937025],[-108.2498596,54.3938154],[-108.25,54.3939439],[-108.2500035,54.3939471],[-108.2501484,54.394303],[-108.2504693,54.3947027],[-108.2505035,54.3948854],[-108.2500648,54.395089],[-108.25,54.3951002],[-108.2487538,54.3953161],[-108.2488808,54.3955341],[-108.2493925,54.3956205],[-108.25,54.3956321],[-108.2512954,54.3956568],[-108.2521606,54.3957463],[-108.2535503,54.3957804],[-108.2537699,54.3958561],[-108.2543427,54.3962434],[-108.2550307,54.396551],[-108.2551415,54.3967242],[-108.2551144,54.3969144],[-108.254979,54.3970713],[-108.2546612,54.3971666],[-108.2538001,54.3971327],[-108.2530174,54.3971825],[-108.2526252,54.3972496],[-108.2514474,54.3975351],[-108.2505863,54.3975011],[-108.25,54.3973849],[-108.249482,54.3972822],[-108.2474628,54.3972789],[-108.2466123,54.3973184],[-108.2458859,54.3972584],[-108.2448408,54.3972471],[-108.2410017,54.3972157],[-108.2402544,54.3971863],[-108.2399832,54.397145],[-108.2394076,54.3969263],[-108.2389069,54.3966048],[-108.2388638,54.3956009],[-108.2392896,54.3953615],[-108.240165,54.3951696],[-108.2406432,54.3949424],[-108.2409704,54.3945189],[-108.2411907,54.3938003],[-108.2415834,54.3936024],[-108.2424764,54.3933708],[-108.2428352,54.3931677],[-108.2431926,54.3930489],[-108.2437839,54.3929573],[-108.2439588,54.3927769],[-108.2439949,54.3925668],[-108.2435253,54.3925967],[-108.2429022,54.3924679],[-108.2425712,54.3923499],[-108.2419814,54.3923572],[-108.2414327,54.3924342],[-108.2405385,54.3922641],[-108.2385367,54.3923519],[-108.2382525,54.3922748],[-108.2377931,54.3920231],[-108.2377742,54.391661],[-108.2376635,54.3914877],[-108.2370063,54.3911762],[-108.2367633,54.3909913],[-108.2366517,54.3907714],[-108.2366785,54.3902261],[-108.2365525,54.3900548],[-108.2363571,54.3899574],[-108.2359763,54.3899669],[-108.235769,54.3900579],[-108.2355391,54.3900862],[-108.2352179,54.3899949],[-108.2347015,54.3899838],[-108.234436,54.3899137],[-108.233339,54.3894041],[-108.232498,54.3891153],[-108.2326867,54.3890173],[-108.2340212,54.3890771],[-108.2342447,54.3890309],[-108.2344576,54.3889112],[-108.2344857,54.3887676],[-108.2344504,54.3881833],[-108.234792,54.3877113],[-108.2347709,54.3875644],[-108.2344834,54.3873008],[-108.2344458,54.3867542],[-108.2339514,54.3860956],[-108.233584,54.3858325],[-108.2333427,54.3857407],[-108.2325577,54.3856506],[-108.2315372,54.385795],[-108.2311539,54.3856647],[-108.2310085,54.3854396],[-108.2309688,54.3852857],[-108.2315501,54.3848123],[-108.2319026,54.3847688],[-108.232235,54.3848026],[-108.2331544,54.3853528],[-108.2336718,54.3855881],[-108.2344819,54.3857032],[-108.2354806,54.3857202],[-108.2374266,54.3857888],[-108.239125,54.3859252],[-108.239718,54.3859268],[-108.2402514,54.3860293],[-108.2405556,54.3860292],[-108.2425836,54.3858819],[-108.2434589,54.3858674],[-108.2440646,54.3857273],[-108.2450078,54.3857231],[-108.2452497,54.385684],[-108.2455843,54.3855025],[-108.2462045,54.3853139],[-108.2466994,54.3850005],[-108.2476865,54.3847199],[-108.2486807,54.3843263],[-108.2493146,54.3842201],[-108.25,54.3841928]],[[-108.2439837,54.3861671],[-108.2437361,54.3862351],[-108.243237,54.3864928],[-108.242858,54.3865956],[-108.2417229,54.3866889],[-108.2400428,54.3870455],[-108.2396436,54.3872255],[-108.2396464,54.3875429],[-108.2400743,54.3877518],[-108.2405125,54.3878566],[-108.2410845,54.3878889],[-108.2418221,54.3874567],[-108.2428072,54.3873401],[-108.243372,54.3873079],[-108.2438924,54.3873745],[-108.2444159,54.3872726],[-108.2446698,54.387045],[-108.2449042,54.3867638],[-108.2449206,54.3863226],[-108.2446598,54.3861772],[-108.2439837,54.3861671]]]]},"properties":{"name":"Keskuchow Lake","natural":"water","source":"NRCan-CanVec-10.0","type":"multipolygon","water":"lake","osmId":3481145,"osmType":"relation","sourceUrl":"https://www.openstreetmap.org/relation/3481145"}},{"type":"Feature","id":"relation/3493953","geometry":{"type":"MultiPolygon","coordinates":[[[[-108.4363725,54.3353499],[-108.4362741,54.33482],[-108.4364073,54.3346163],[-108.4368607,54.3344566],[-108.43703,54.3343513],[-108.4370671,54.3341035],[-108.4369174,54.3340008],[-108.4365896,54.3338922],[-108.4355112,54.3337002],[-108.4351626,54.3334914],[-108.4344589,54.3326634],[-108.4339606,54.3322209],[-108.4328352,54.3315953],[-108.4324976,54.3313291],[-108.4323315,54.3309198],[-108.4324899,54.330741],[-108.4328318,54.3305393],[-108.4346615,54.3299454],[-108.4365841,54.3297792],[-108.437363,54.3297657],[-108.438225,54.3298914],[-108.43897,54.3298728],[-108.4398975,54.3300464],[-108.4415735,54.3306029],[-108.4421483,54.3309048],[-108.4425962,54.3310357],[-108.4430878,54.3310675],[-108.4436034,54.3308159],[-108.4436437,54.3305771],[-108.4428371,54.3296872],[-108.4421006,54.3291625],[-108.4413281,54.3289321],[-108.4402171,54.3287816],[-108.4397703,54.3285664],[-108.4389017,54.3280302],[-108.4360099,54.3269062],[-108.4350988,54.3266464],[-108.4345669,54.3265915],[-108.4338274,54.3265814],[-108.4336854,54.3266739],[-108.4336101,54.3269919],[-108.433432,54.3271171],[-108.433041,54.3271848],[-108.43271,54.3271982],[-108.432343,54.3271133],[-108.4317815,54.3268471],[-108.4300829,54.3262278],[-108.4297377,54.326028],[-108.4295662,54.3257784],[-108.4296633,54.3254764],[-108.4301439,54.3251731],[-108.4305797,54.325053],[-108.4313006,54.3250562],[-108.4323831,54.325173],[-108.4336971,54.3249616],[-108.4339133,54.3248971],[-108.4341525,54.3247643],[-108.4343218,54.324528],[-108.4349256,54.3234707],[-108.4353066,54.3229835],[-108.4355785,54.3225475],[-108.4355476,54.3212425],[-108.4352711,54.320445],[-108.4353431,54.320249],[-108.4355713,54.3200428],[-108.4364963,54.3198614],[-108.437381,54.3199188],[-108.43884,54.3197545],[-108.4393009,54.3197902],[-108.4403034,54.3196458],[-108.4410733,54.3196521],[-108.44216,54.3195626],[-108.4452386,54.319541],[-108.4472458,54.3193453],[-108.4483401,54.3193202],[-108.4506643,54.319683],[-108.452353,54.3200133],[-108.4539083,54.3201547],[-108.4544533,54.3202452],[-108.4559041,54.320755],[-108.4564592,54.3211341],[-108.456562,54.3213268],[-108.4565282,54.3214526],[-108.4562315,54.3218639],[-108.4562731,54.3220643],[-108.4564109,54.3221779],[-108.4567419,54.3222953],[-108.4570805,54.3223463],[-108.4584446,54.3223153],[-108.4589603,54.3224562],[-108.4593043,54.3224785],[-108.4601365,54.3223927],[-108.4606367,54.3224046],[-108.4612474,54.322543],[-108.4619751,54.3228256],[-108.4623653,54.3231038],[-108.4624398,54.3233937],[-108.4623419,54.32378],[-108.4620879,54.3243074],[-108.4618065,54.3247168],[-108.4618613,54.324953],[-108.4621598,54.3252427],[-108.4628767,54.3255828],[-108.4644042,54.3260828],[-108.4666493,54.326446],[-108.467223,54.3267011],[-108.467785,54.3272289],[-108.4683881,54.3283033],[-108.4684959,54.3289442],[-108.468364,54.330195],[-108.4684626,54.3304632],[-108.4690479,54.3311844],[-108.4692123,54.3316313],[-108.4689762,54.3325118],[-108.4689367,54.3332742],[-108.4687963,54.3338061],[-108.4686415,54.3341247],[-108.4682149,54.3346178],[-108.467061,54.3354827],[-108.4664745,54.3357153],[-108.4654445,54.3360037],[-108.4641974,54.3365717],[-108.4632632,54.3366423],[-108.4627465,54.3367165],[-108.4614871,54.3371645],[-108.4604823,54.3376085],[-108.4600792,54.3376872],[-108.459651,54.3378718],[-108.4592634,54.3382103],[-108.4579709,54.3395694],[-108.4578389,54.3398197],[-108.4574587,54.3399609],[-108.4571255,54.3400121],[-108.456283,54.3400711],[-108.4557267,54.3399072],[-108.4552413,54.3396315],[-108.454837,54.3395326],[-108.4541387,54.3394613],[-108.4519094,54.3391426],[-108.4513314,54.3392244],[-108.4509129,54.339305],[-108.4503908,54.3395388],[-108.4493047,54.339675],[-108.4486973,54.3399382],[-108.4483062,54.3400059],[-108.4480375,54.3401892],[-108.4476631,54.3409561],[-108.4470546,54.3411727],[-108.4460253,54.3413765],[-108.4445064,54.34138],[-108.4442321,54.3413302],[-108.4434867,54.3410871],[-108.4427709,54.3409244],[-108.4416781,54.3407809],[-108.4405602,54.3407433],[-108.4401843,54.3406783],[-108.4398498,54.3405519],[-108.4393756,54.3406113],[-108.4388687,54.3408431],[-108.4384665,54.3408374],[-108.4375835,54.3406115],[-108.4367879,54.3401876],[-108.4360678,54.3402311],[-108.4345489,54.3398418],[-108.4343674,54.3396962],[-108.4343248,54.33958],[-108.4340953,54.3394779],[-108.4334036,54.3395552],[-108.4323132,54.3398974],[-108.4317024,54.3400207],[-108.4305616,54.3399205],[-108.4299453,54.3398107],[-108.4280199,54.3390982],[-108.4274451,54.339058],[-108.4277106,54.3387349],[-108.4277554,54.3385517],[-108.427455,54.3381686],[-108.4274222,54.3378174],[-108.4275915,54.3375812],[-108.4278603,54.3373979],[-108.4296162,54.3370378],[-108.4300084,54.3368858],[-108.4306421,54.3366943],[-108.4311097,54.336617],[-108.4316222,54.3366182],[-108.4317402,54.3366782],[-108.4318517,54.337113],[-108.4317872,54.3372427],[-108.4318834,54.3374176],[-108.4320571,54.3374987],[-108.4323041,54.3374303],[-108.4324384,54.3372733],[-108.4326439,54.3372662],[-108.4329564,54.3373767],[-108.4335027,54.337383],[-108.4342566,54.3374756],[-108.4345473,54.3374392],[-108.4348543,54.3373165],[-108.4352355,54.3370911],[-108.4359281,54.3362751],[-108.4359313,54.3358914],[-108.4363278,54.335664],[-108.4363725,54.3353499]],[[-108.4582189,54.3331054],[-108.4579413,54.3329158],[-108.4576571,54.3328393],[-108.4570749,54.3328657],[-108.4563616,54.333058],[-108.4559367,54.3331207],[-108.4556406,54.333055],[-108.4551903,54.332831],[-108.4548166,54.3327283],[-108.4540343,54.332733],[-108.4535974,54.3328065],[-108.4531987,54.3329407],[-108.4524418,54.333232],[-108.4516326,54.333773],[-108.451067,54.3342367],[-108.4505692,54.3348414],[-108.4502145,54.3355311],[-108.4498421,54.3357367],[-108.4494149,54.3358371],[-108.4477924,54.335732],[-108.4466441,54.3358293],[-108.4461077,54.3359807],[-108.4457473,54.3361755],[-108.4454732,54.3365184],[-108.4454624,54.3367068],[-108.4455433,54.3368836],[-108.4457554,54.3370253],[-108.4461477,54.3371351],[-108.4464121,54.337158],[-108.447686,54.3370543],[-108.4488704,54.3370554],[-108.4504493,54.3371285],[-108.4511236,54.3373524],[-108.4526353,54.3380697],[-108.4530975,54.338152],[-108.453634,54.3381314],[-108.4539847,54.3380407],[-108.4547537,54.3377385],[-108.4555303,54.3373699],[-108.4563463,54.3371085],[-108.4574516,54.3366332],[-108.457978,54.336324],[-108.4580696,54.3361816],[-108.4587117,54.3357083],[-108.4592983,54.3356066],[-108.459673,54.3354941],[-108.4601491,54.3352661],[-108.4603729,54.3350042],[-108.460402,54.3345611],[-108.4602564,54.3342521],[-108.4598618,54.3340492],[-108.4596083,54.3339688],[-108.4588336,54.3339071],[-108.4582189,54.3331054]],[[-108.4417442,54.3340315],[-108.4420938,54.3340251],[-108.4424774,54.3341546],[-108.4428631,54.3343774],[-108.4430413,54.3346449],[-108.4431857,54.3350382],[-108.4434,54.335404],[-108.4433815,54.3355278],[-108.4431204,54.3356447],[-108.4428768,54.3355911],[-108.4419992,54.3352056],[-108.441703,54.3348781],[-108.4415575,54.3344382],[-108.4415607,54.3341854],[-108.4417442,54.3340315]]]]},"properties":{"name":"Cassidy Lake","natural":"water","source":"NRCan-CanVec-10.0","type":"multipolygon","water":"lake","osmId":3493953,"osmType":"relation","sourceUrl":"https://www.openstreetmap.org/relation/3493953"}},{"type":"Feature","id":"relation/3493956","geometry":{"type":"MultiPolygon","coordinates":[[[[-108.25,54.3222384],[-108.2495819,54.3222738],[-108.2491945,54.3222189],[-108.2489421,54.3220072],[-108.2486426,54.3220629],[-108.2484516,54.3220211],[-108.2481275,54.3217434],[-108.24779,54.3217384],[-108.2474732,54.3215253],[-108.2467669,54.3214724],[-108.2465083,54.3214203],[-108.2462471,54.3212283],[-108.2461078,54.3206662],[-108.2461488,54.3205584],[-108.2461401,54.3200923],[-108.2462702,54.3198333],[-108.2465863,54.319514],[-108.2472461,54.3190401],[-108.2481211,54.3187638],[-108.2486236,54.3187391],[-108.2493581,54.3188258],[-108.2498956,54.3190303],[-108.25,54.3192346],[-108.2505513,54.3203134],[-108.2505694,54.3206289],[-108.2501674,54.3211083],[-108.2501591,54.3214831],[-108.2503706,54.3218027],[-108.2506091,54.321932],[-108.2509257,54.3219676],[-108.251189,54.3219444],[-108.2512985,54.3218935],[-108.2511833,54.3213098],[-108.2514661,54.3208544],[-108.2515539,54.3203016],[-108.2514323,54.3197],[-108.2512561,54.3193013],[-108.2509141,54.3188858],[-108.2508647,54.318705],[-108.2510907,54.3184902],[-108.2513861,54.318379],[-108.251497,54.3182438],[-108.2517601,54.3180431],[-108.2518824,54.318028],[-108.2520186,54.3180953],[-108.2518664,54.3186466],[-108.2523515,54.3188389],[-108.2526407,54.3188873],[-108.2528693,54.3188123],[-108.2529414,54.3185698],[-108.2530291,54.3185029],[-108.2533962,54.3184575],[-108.2536483,54.3184918],[-108.2538716,54.318623],[-108.2540189,54.3191187],[-108.254364,54.3193657],[-108.2543875,54.3194749],[-108.2542604,54.3195654],[-108.2538973,54.3196663],[-108.2537084,54.3198952],[-108.2538466,54.3202332],[-108.254282,54.3205531],[-108.2549581,54.3207872],[-108.2554341,54.3208218],[-108.2556015,54.3207544],[-108.2559761,54.3202876],[-108.2563648,54.319109],[-108.2569209,54.3183488],[-108.2569871,54.3179576],[-108.2571951,54.3176048],[-108.257301,54.3173675],[-108.2579356,54.3168686],[-108.2589664,54.3164047],[-108.2594791,54.3162759],[-108.2606346,54.3162451],[-108.2610356,54.3162049],[-108.2615048,54.3160441],[-108.261593,54.3158463],[-108.261703,54.3151786],[-108.2615909,54.3150897],[-108.2610079,54.3150684],[-108.2608008,54.3149819],[-108.2607226,54.3148981],[-108.2607175,54.314796],[-108.2608752,54.3147017],[-108.2614091,54.3147198],[-108.2615968,54.3147526],[-108.2617492,54.3148646],[-108.2618936,54.3150429],[-108.2622828,54.315191],[-108.2628123,54.3154619],[-108.2637275,54.3161802],[-108.2638035,54.3167875],[-108.26386,54.3168552],[-108.2643707,54.3169416],[-108.2646157,54.3170888],[-108.265463,54.3171334],[-108.2655745,54.3173532],[-108.2658725,54.3173818],[-108.2661758,54.3172041],[-108.2662858,54.3170223],[-108.2664305,54.3168923],[-108.2668088,54.3167894],[-108.2683164,54.3168925],[-108.2692876,54.3173236],[-108.2695615,54.3173738],[-108.270006,54.3173655],[-108.2705405,54.3172526],[-108.2707917,54.3172402],[-108.2719638,54.3174315],[-108.2726303,54.3173303],[-108.2736043,54.3171069],[-108.2741146,54.3170157],[-108.2753531,54.3169932],[-108.276521,54.3171289],[-108.2785852,54.3176207],[-108.2789453,54.3176883],[-108.2793357,54.3175745],[-108.2795796,54.3171892],[-108.2793024,54.3163359],[-108.2790887,54.3162315],[-108.2780909,54.3161682],[-108.2778143,54.3159782],[-108.2777954,54.3157937],[-108.2780276,54.3155967],[-108.2783391,54.3155301],[-108.2796017,54.3154859],[-108.2819024,54.3152195],[-108.2829332,54.3152413],[-108.2837462,54.3151032],[-108.286276,54.3143225],[-108.2873198,54.3137633],[-108.2886171,54.3134623],[-108.289696,54.3131324],[-108.29035,54.3128644],[-108.2910744,54.3124382],[-108.2914604,54.3122688],[-108.2922131,54.3121849],[-108.2931052,54.312177],[-108.2938165,54.3123318],[-108.2939111,54.3124602],[-108.2939389,54.312625],[-108.2935436,54.312945],[-108.2934689,54.3130477],[-108.2936636,54.3132758],[-108.2943981,54.3136706],[-108.2945274,54.3138508],[-108.2945145,54.3141234],[-108.2940973,54.3147358],[-108.2940269,54.3148941],[-108.2941983,54.3154989],[-108.294659,54.3158436],[-108.294786,54.3160615],[-108.2951726,54.3179198],[-108.2951494,54.3192216],[-108.2950868,54.3196218],[-108.2949111,54.3198866],[-108.2941162,54.3207794],[-108.2933045,54.3214501],[-108.2930769,54.3215718],[-108.292605,54.3215929],[-108.2919764,54.3214465],[-108.2912306,54.3211091],[-108.290818,54.3210295],[-108.2902052,54.3210587],[-108.2897467,54.3212931],[-108.2890416,54.3217729],[-108.2883995,54.3223384],[-108.2881894,54.3227289],[-108.2882816,54.322895],[-108.2883442,54.3231115],[-108.2882881,54.3232213],[-108.2880451,54.3233448],[-108.2878439,54.3234071],[-108.2874944,54.3234131],[-108.2870187,54.3235561],[-108.2859259,54.3242896],[-108.2857849,54.3246061],[-108.2860338,54.3249397],[-108.2863555,54.3250774],[-108.2869067,54.3251866],[-108.2880532,54.3249978],[-108.2892651,54.3245486],[-108.2900574,54.3241327],[-108.2903689,54.324066],[-108.2913369,54.3240021],[-108.2916021,54.324072],[-108.2925844,54.3245764],[-108.2929543,54.3249791],[-108.2931606,54.3253273],[-108.2932009,54.3256587],[-108.2929681,54.3262949],[-108.2922991,54.3270507],[-108.2922045,54.3272306],[-108.2921905,54.3274566],[-108.2923273,54.3277013],[-108.2930468,54.3280981],[-108.2932188,54.3282636],[-108.2931339,54.3287788],[-108.2929768,54.3290506],[-108.2917647,54.3298082],[-108.2906644,54.3301689],[-108.2899671,54.330274],[-108.2888923,54.3302203],[-108.2884583,54.3303021],[-108.2878161,54.3305592],[-108.287129,54.3305602],[-108.2861344,54.3306834],[-108.2847226,54.3304939],[-108.2834707,54.3304808],[-108.2830766,54.3304081],[-108.2825768,54.3302644],[-108.2821081,54.3299861],[-108.2816952,54.3294205],[-108.2813393,54.3291001],[-108.2805819,54.3286426],[-108.2802119,54.3285482],[-108.2799694,54.3285409],[-108.2798335,54.3286512],[-108.2797245,54.3288796],[-108.2795274,54.3289974],[-108.2789858,54.3292234],[-108.2782423,54.3296425],[-108.277748,54.3297784],[-108.2764868,54.3299159],[-108.2759066,54.330212],[-108.2753961,54.3303032],[-108.2744099,54.330229],[-108.2732198,54.3300773],[-108.2725786,54.3300726],[-108.2709389,54.3303129],[-108.2700334,54.3302847],[-108.2693621,54.3301529],[-108.2688068,54.329988],[-108.2676291,54.3300029],[-108.2671956,54.3299537],[-108.2665505,54.329585],[-108.2654499,54.3294595],[-108.2651185,54.3292949],[-108.2643578,54.3291367],[-108.2640191,54.3289077],[-108.2638486,54.3286578],[-108.2641493,54.3278544],[-108.264316,54.3269461],[-108.2643722,54.3268364],[-108.2648221,54.3266219],[-108.2653962,54.3264855],[-108.2662483,54.3264548],[-108.2668947,54.3262534],[-108.2675199,54.325905],[-108.268177,54.325777],[-108.2687616,54.325714],[-108.2703258,54.3257074],[-108.2710487,54.3254964],[-108.2714604,54.3255296],[-108.2719948,54.3257251],[-108.272176,54.32574],[-108.2725511,54.3256282],[-108.2727803,54.3254223],[-108.2732026,54.3247346],[-108.2736497,54.3243803],[-108.2744179,54.3235003],[-108.2748738,54.3231261],[-108.27535,54.3228522],[-108.2758219,54.3228312],[-108.2761502,54.3226784],[-108.2766574,54.3225782],[-108.2772674,54.3227176],[-108.2777307,54.3232022],[-108.277962,54.323267],[-108.2782332,54.3231774],[-108.2781828,54.32295],[-108.2780503,54.3227608],[-108.2775697,54.3224933],[-108.2772639,54.3222228],[-108.2770717,54.321957],[-108.2770403,54.3216058],[-108.2769134,54.3213879],[-108.2766117,54.3211729],[-108.2762854,54.3211106],[-108.275642,54.3211435],[-108.2750616,54.3212621],[-108.2746809,54.3214027],[-108.2738275,54.3215177],[-108.2732902,54.3214907],[-108.2729389,54.3214034],[-108.2727003,54.3212741],[-108.2724263,54.3212239],[-108.2718835,54.3212257],[-108.2716308,54.3213224],[-108.2712691,54.3216475],[-108.2707267,54.3223126],[-108.2699342,54.3227284],[-108.2686201,54.3232928],[-108.2681508,54.3234536],[-108.2672161,54.3236534],[-108.266389,54.323709],[-108.2656317,54.3235597],[-108.2653551,54.3233697],[-108.2651291,54.3230987],[-108.264825,54.3224355],[-108.2648544,54.3222076],[-108.26495,54.3220743],[-108.2652654,54.3218858],[-108.2657041,54.3217288],[-108.2664569,54.321645],[-108.2676255,54.3216499],[-108.2677494,54.3215504],[-108.2674448,54.3210182],[-108.2674023,54.3207244],[-108.2676115,54.3205957],[-108.2682355,54.3205092],[-108.2687038,54.3203017],[-108.2687808,54.3201614],[-108.2687316,54.3196723],[-108.2690081,54.3193764],[-108.2691339,54.3190618],[-108.2691012,54.3187949],[-108.2690382,54.3187093],[-108.2687884,54.3186374],[-108.2685025,54.3185981],[-108.2672426,54.3192679],[-108.2667363,54.3194146],[-108.2663715,54.3194224],[-108.2656778,54.3192279],[-108.2647475,54.3191748],[-108.2644074,54.31903],[-108.2642815,54.3188587],[-108.2640549,54.3187185],[-108.2637755,54.3186971],[-108.2635686,54.318788],[-108.2631333,54.3194399],[-108.2626441,54.3196779],[-108.2622637,54.3199959],[-108.2618507,54.320047],[-108.2614582,54.31989],[-108.2615158,54.319696],[-108.2623036,54.3188698],[-108.2622807,54.3186297],[-108.2621297,54.3184334],[-108.2614163,54.3180078],[-108.2611498,54.3180221],[-108.2610171,54.3181413],[-108.2611448,54.3184058],[-108.2609883,54.3187241],[-108.2603879,54.3189199],[-108.2600549,54.3191479],[-108.2596565,54.319328],[-108.2590222,54.3195185],[-108.2591346,54.3197849],[-108.258688,54.3200084],[-108.2588769,54.3202653],[-108.2590381,54.3203575],[-108.2594167,54.3204321],[-108.2599625,54.3207477],[-108.2601299,54.3211662],[-108.260144,54.321426],[-108.2599549,54.3219633],[-108.2593452,54.3224872],[-108.2590904,54.322799],[-108.2589118,54.3229239],[-108.2581704,54.3231277],[-108.2575325,54.3236177],[-108.2575278,54.323693],[-108.2577228,54.3237904],[-108.2579444,54.3238284],[-108.2584693,54.3236887],[-108.2586579,54.3237682],[-108.258767,54.3245115],[-108.2588818,54.3247403],[-108.2590342,54.3248522],[-108.25943,54.3250182],[-108.2595197,54.325222],[-108.2590651,54.3255118],[-108.2588297,54.3258773],[-108.2584136,54.3260969],[-108.2582715,54.3263668],[-108.2580034,54.3264653],[-108.2563576,54.326865],[-108.2555008,54.3269709],[-108.2543497,54.3269263],[-108.252942,54.3266144],[-108.2522441,54.3263643],[-108.2514162,54.3258873],[-108.2510246,54.3257768],[-108.2506086,54.3255106],[-108.2506286,54.3254334],[-108.2510794,54.3252655],[-108.2518059,54.3252412],[-108.2520675,54.3251247],[-108.2518934,54.3245109],[-108.251861,54.3232722],[-108.2517013,54.3230958],[-108.2515554,54.3230017],[-108.2513436,54.3229905],[-108.2510667,54.3231088],[-108.2510693,54.3232486],[-108.2512669,54.3234858],[-108.2512084,54.3236332],[-108.2510338,54.3238136],[-108.2505748,54.3238703],[-108.2505231,54.3237272],[-108.2503528,54.3223281],[-108.2500627,54.3222331],[-108.25,54.3222384]],[[-108.283868,54.32461],[-108.2835176,54.3242609],[-108.2829511,54.3241535],[-108.282419,54.3239204],[-108.2813529,54.3236694],[-108.2799886,54.3236982],[-108.2795305,54.3238016],[-108.2793093,54.3239412],[-108.2792694,54.3240956],[-108.2795859,54.3244395],[-108.2800935,54.3245168],[-108.2804119,54.3246456],[-108.2807669,54.3249193],[-108.2808832,54.3250638],[-108.2809346,54.3253377],[-108.2806466,54.3255136],[-108.2797671,54.3255571],[-108.2794806,54.3256486],[-108.2790961,54.3259112],[-108.2789162,54.3261203],[-108.2789402,54.326407],[-108.2790981,54.3267986],[-108.2796764,54.3275119],[-108.2800143,54.3276944],[-108.2802271,54.3277521],[-108.2807885,54.3277573],[-108.281,54.327591],[-108.2813313,54.3269612],[-108.28163,54.3265505],[-108.2826052,54.3257569],[-108.2836134,54.3249218],[-108.2838369,54.3247446],[-108.283868,54.32461]]]]},"properties":{"name":"Pagan Lake","natural":"water","source":"NRCan-CanVec-10.0","type":"multipolygon","water":"lake","osmId":3493956,"osmType":"relation","sourceUrl":"https://www.openstreetmap.org/relation/3493956"}},{"type":"Feature","id":"relation/3493958","geometry":{"type":"MultiPolygon","coordinates":[[[[-108.2747918,54.36614],[-108.2748488,54.3663853],[-108.2751702,54.3666539],[-108.2751167,54.3669035],[-108.2749811,54.3671913],[-108.2747976,54.3673915],[-108.2743691,54.3676221],[-108.2738065,54.3677477],[-108.2734955,54.3678609],[-108.2732791,54.3681026],[-108.2732223,54.3683433],[-108.2730824,54.3685755],[-108.2731635,54.3687991],[-108.2730152,54.3692286],[-108.272744,54.3694958],[-108.2722189,54.369813],[-108.2712504,54.3702318],[-108.2709254,54.3702626],[-108.2704753,54.3701687],[-108.2691384,54.3702779],[-108.2687289,54.3703846],[-108.2682906,54.3705883],[-108.268052,54.3706365],[-108.2673871,54.3703916],[-108.2671366,54.3701422],[-108.2671619,54.3698587],[-108.2674549,54.3696076],[-108.2683352,54.3685923],[-108.2690972,54.3681337],[-108.2693163,54.3680318],[-108.2701977,54.368035],[-108.2704475,54.3679294],[-108.2706124,54.3677221],[-108.2707705,54.3673194],[-108.2706056,54.3667324],[-108.2705716,54.3662413],[-108.2703327,54.366112],[-108.2698941,54.3661381],[-108.2686302,54.3663598],[-108.2680148,54.3662957],[-108.2676928,54.3661579],[-108.2675546,54.3659975],[-108.2674857,54.365763],[-108.2672839,54.3656478],[-108.2669474,54.3655585],[-108.266637,54.3655408],[-108.266361,54.3653974],[-108.2661538,54.3650025],[-108.2662168,54.3646022],[-108.2667015,54.364262],[-108.2672057,54.3639754],[-108.2680802,54.3637832],[-108.2684154,54.3636483],[-108.2689909,54.3635585],[-108.2704954,54.3635594],[-108.2719187,54.363645],[-108.2723693,54.363608],[-108.2730893,54.3632106],[-108.2736173,54.3627248],[-108.2735742,54.3625619],[-108.2734142,54.3623854],[-108.27298,54.3621588],[-108.2720474,54.3618816],[-108.2709122,54.3614426],[-108.2705834,54.3611095],[-108.2705338,54.3609287],[-108.2708867,54.35996],[-108.2708701,54.3597377],[-108.2705716,54.3592233],[-108.2703777,54.3577615],[-108.2702563,54.3575148],[-108.2698746,54.3573004],[-108.269677,54.3572407],[-108.2693483,54.3573935],[-108.269204,54.3573926],[-108.2687531,54.3572521],[-108.2683726,54.3572618],[-108.2679103,54.3574872],[-108.2671551,54.3579637],[-108.2667699,54.3580487],[-108.265345,54.3578697],[-108.2647551,54.3575221],[-108.2640389,54.3573116],[-108.2636377,54.3570435],[-108.263527,54.3568703],[-108.263453,54.3560477],[-108.2636185,54.3557096],[-108.2640719,54.355504],[-108.2647958,54.3554706],[-108.2653827,54.3555009],[-108.265734,54.3554107],[-108.2658709,54.3553471],[-108.2659044,54.3551747],[-108.2658355,54.3549403],[-108.2658375,54.3547251],[-108.2661461,54.3546496],[-108.2664477,54.3546871],[-108.2666285,54.3548329],[-108.2668169,54.3547348],[-108.2668416,54.3545823],[-108.2671804,54.3538396],[-108.2672881,54.3532095],[-108.2672362,54.3530664],[-108.2669579,54.3529606],[-108.2659986,54.3528737],[-108.2658369,54.352604],[-108.2658186,54.3522885],[-108.2669411,54.3512807],[-108.2678699,54.3505772],[-108.2684941,54.3503131],[-108.2698985,54.3500834],[-108.2708221,54.3500719],[-108.2717782,54.3501499],[-108.2723144,54.3502611],[-108.2740832,54.3504628],[-108.2766931,54.3505137],[-108.2778746,54.3508161],[-108.2805462,54.3510368],[-108.280747,54.3511054],[-108.281813,54.3513098],[-108.2822811,54.3515416],[-108.2831971,54.3520823],[-108.2837626,54.352274],[-108.2844311,54.3523968],[-108.2852244,54.3524668],[-108.2871052,54.3522713],[-108.2876504,54.3520543],[-108.2877033,54.3519356],[-108.2877052,54.3517204],[-108.2875985,54.3516028],[-108.2851167,54.3511999],[-108.2847219,54.3509497],[-108.2845554,54.3507554],[-108.2845458,54.3504202],[-108.2844173,54.3502866],[-108.2838802,54.3501288],[-108.2838621,54.3499908],[-108.2842027,54.3498272],[-108.2856529,54.3495916],[-108.2875197,54.3490053],[-108.2883516,54.3486967],[-108.2890098,54.3486151],[-108.2894737,54.3487913],[-108.289789,54.3495279],[-108.2898526,54.349791],[-108.289795,54.3499851],[-108.2894999,54.3505823],[-108.2888298,54.351469],[-108.2887444,54.3518067],[-108.2889392,54.3520349],[-108.2894996,54.3524327],[-108.2897909,54.3528826],[-108.2898502,54.3530902],[-108.2895955,54.3534021],[-108.288886,54.3540039],[-108.2883792,54.3547676],[-108.2883973,54.3549055],[-108.2888616,54.3555676],[-108.2894174,54.3560408],[-108.2895407,54.3563807],[-108.2895179,54.3569349],[-108.2896302,54.3573322],[-108.2895939,54.3576731],[-108.2886974,54.3582887],[-108.2881822,54.3589413],[-108.288016,54.3592329],[-108.2881133,54.360118],[-108.2884468,54.3606841],[-108.2887005,54.3615592],[-108.2886039,54.3619543],[-108.2878381,54.362666],[-108.2872547,54.3631307],[-108.2863245,54.3636103],[-108.2859592,54.3639265],[-108.2858181,54.3642431],[-108.2850707,54.3649617],[-108.2845439,54.3651858],[-108.2832606,54.365354],[-108.2829877,54.3655279],[-108.282802,54.3657658],[-108.2825522,54.3658715],[-108.282258,54.3658986],[-108.2818942,54.3658221],[-108.2814353,54.3654396],[-108.2811689,54.3653231],[-108.2804329,54.3653674],[-108.278607,54.365584],[-108.2773909,54.3658933],[-108.2768482,54.3662501],[-108.276625,54.3662964],[-108.2761651,54.3661757],[-108.2757164,54.3659976],[-108.2758149,54.3656957],[-108.2757297,54.3654166],[-108.2755061,54.3652854],[-108.27519,54.3652964],[-108.2750651,54.3653492],[-108.275057,54.365724],[-108.2750003,54.3659647],[-108.2747918,54.36614]],[[-108.2877594,54.3544705],[-108.2874533,54.3542001],[-108.2876793,54.3539852],[-108.2875911,54.3538746],[-108.287593,54.3536594],[-108.2879512,54.3534562],[-108.2882728,54.353108],[-108.2882102,54.3528914],[-108.2880423,54.3527814],[-108.2878706,54.3527933],[-108.28748,54.3529071],[-108.2867056,54.3533301],[-108.286519,54.3535214],[-108.2864897,54.3537493],[-108.2867894,54.3540019],[-108.2867945,54.3541041],[-108.2866529,54.3542431],[-108.2866348,54.3544135],[-108.2867939,54.3545434],[-108.2872077,54.3546697],[-108.287139,54.3549212],[-108.2870994,54.3558699],[-108.287326,54.3569353],[-108.2873617,54.3570336],[-108.2875376,54.3570773],[-108.2878944,54.3569583],[-108.2880197,54.3567746],[-108.2879813,54.3565364],[-108.2876881,54.3563017],[-108.2875837,54.3561464],[-108.2876562,54.355773],[-108.287865,54.3554667],[-108.2878377,54.3551711],[-108.2877055,54.354851],[-108.2877594,54.3544705]]]]},"properties":{"name":"Watt Lake","natural":"water","source":"NRCan-CanVec-10.0","type":"multipolygon","water":"lake","osmId":3493958,"osmType":"relation","sourceUrl":"https://www.openstreetmap.org/relation/3493958"}},{"type":"Feature","id":"relation/3531622","geometry":{"type":"MultiPolygon","coordinates":[[[[-108.4903244,54.4155851],[-108.4894364,54.4161103],[-108.4888978,54.416195],[-108.4889633,54.4165338],[-108.4882937,54.4166185],[-108.4887086,54.4160637],[-108.4889633,54.4156402],[-108.4893491,54.4156656],[-108.4896257,54.4154835],[-108.4894219,54.4152336],[-108.4895005,54.4150022],[-108.4883254,54.4160754],[-108.4879331,54.4165102],[-108.4877463,54.417108],[-108.4873167,54.4170646],[-108.4866068,54.4168798],[-108.4861772,54.4166841],[-108.4859343,54.416532],[-108.4854653,54.4164939],[-108.4848705,54.4166989],[-108.48543,54.4167602],[-108.4860464,54.4168689],[-108.4864013,54.4170646],[-108.4867563,54.4172276],[-108.487354,54.4173254],[-108.4874474,54.4174559],[-108.4870551,54.4176189],[-108.4865321,54.4177276],[-108.4859343,54.4179341],[-108.4853366,54.4180646],[-108.4848509,54.4179341],[-108.4845333,54.4175754],[-108.4842782,54.4173538],[-108.4823037,54.4178478],[-108.4824412,54.4180102],[-108.4823851,54.4183037],[-108.4827774,54.4186732],[-108.4824972,54.4193036],[-108.4818621,54.4196623],[-108.4812457,54.4202492],[-108.4807413,54.4206514],[-108.4801996,54.4210318],[-108.4790041,54.4215208],[-108.4784063,54.4219664],[-108.4777151,54.422575],[-108.4768372,54.4232923],[-108.4759219,54.4238357],[-108.4753801,54.4239227],[-108.4746143,54.4239661],[-108.4743714,54.4237162],[-108.4733814,54.4236944],[-108.4723727,54.4235966],[-108.4714387,54.4237053],[-108.4707101,54.4239118],[-108.4702992,54.4245856],[-108.4702618,54.425292],[-108.4703552,54.4258788],[-108.4700563,54.4259766],[-108.4700377,54.42627],[-108.4703552,54.4264548],[-108.4703739,54.4268894],[-108.4698695,54.4275089],[-108.4695707,54.4271176],[-108.4687674,54.4270416],[-108.4680389,54.4268894],[-108.467161,54.4267373],[-108.4661336,54.4268351],[-108.4651622,54.4270416],[-108.4647699,54.4274654],[-108.4646018,54.4279001],[-108.4646578,54.4281174],[-108.4642469,54.4284108],[-108.4630327,54.4286498],[-108.4623976,54.428715],[-108.4615943,54.4284869],[-108.4608658,54.4282369],[-108.4601373,54.4281283],[-108.4587363,54.4279979],[-108.4584748,54.4277262],[-108.4578396,54.4275089],[-108.4570738,54.4273024],[-108.4561958,54.4271828],[-108.4555794,54.4269003],[-108.4550003,54.4266286],[-108.4538234,54.4262266],[-108.4530202,54.4260309],[-108.4520115,54.4261396],[-108.450872,54.4263896],[-108.4499193,54.4263244],[-108.4487985,54.4260527],[-108.4478085,54.4256506],[-108.4469118,54.4251724],[-108.4463514,54.424716],[-108.4455482,54.423977],[-108.4455108,54.423727],[-108.4459778,54.4236944],[-108.4457537,54.4236184],[-108.4453801,54.4235206],[-108.4448197,54.4231837],[-108.4443527,54.4230315],[-108.4436989,54.4229228],[-108.4429143,54.4229228],[-108.4421858,54.4231728],[-108.4417562,54.4235423],[-108.4416441,54.4240313],[-108.4416254,54.4241074],[-108.4417001,54.4244443],[-108.4415507,54.4249768],[-108.4409716,54.4254876],[-108.4403471,54.425624],[-108.4395746,54.4256864],[-108.4385017,54.4254992],[-108.4374717,54.4251996],[-108.4368066,54.4251996],[-108.4362057,54.4253868],[-108.435841,54.4259111],[-108.4357122,54.4268099],[-108.4354762,54.4270595],[-108.435841,54.427459],[-108.4357122,54.4283452],[-108.4354547,54.428857],[-108.434811,54.4293313],[-108.4346823,54.4298306],[-108.4342102,54.4307543],[-108.4326867,54.4313409],[-108.4310559,54.4315656],[-108.4292535,54.4318152],[-108.4286312,54.4316405],[-108.4271077,54.4317278],[-108.4247259,54.4321647],[-108.4219364,54.4322396],[-108.4204129,54.432252],[-108.4188894,54.4326639],[-108.4171728,54.4325641],[-108.415542,54.4323768],[-108.4144262,54.4323394],[-108.411744,54.4316779],[-108.4088498,54.4311287],[-108.4078607,54.4303703],[-108.4062871,54.4297426],[-108.4057476,54.4287226],[-108.4050283,54.4274672],[-108.4048934,54.4258195],[-108.4062871,54.4245117],[-108.4088049,54.42357],[-108.4118172,54.4220529],[-108.4143349,54.4201433],[-108.4176844,54.4198294],[-108.4190557,54.4195809],[-108.4213486,54.4184037],[-108.4230796,54.418286],[-108.4241997,54.4177521],[-108.424606,54.4176359],[-108.4250484,54.417618],[-108.4255674,54.4177215],[-108.4260514,54.4179041],[-108.4269132,54.4183294],[-108.4269898,54.4184508],[-108.4278002,54.4190415],[-108.4284178,54.4191513],[-108.428997,54.4190696],[-108.4295906,54.4190702],[-108.4303056,54.4191398],[-108.4306889,54.4190919],[-108.4312024,54.4189622],[-108.4314696,54.4188166],[-108.4316601,54.4186806],[-108.4318988,54.4183702],[-108.4317937,54.418215],[-108.4313852,54.4178453],[-108.4308092,54.4175432],[-108.4293035,54.4170675],[-108.4286334,54.4170765],[-108.4274672,54.4167827],[-108.4254875,54.4169366],[-108.4253309,54.4169468],[-108.4249039,54.4169628],[-108.4244177,54.4170797],[-108.423004,54.4177706],[-108.4221586,54.4179136],[-108.4215082,54.4178452],[-108.4210374,54.4176983],[-108.4193019,54.4169894],[-108.4183428,54.4168661],[-108.417527,54.4168277],[-108.4167353,54.4168985],[-108.4151991,54.4169501],[-108.4137613,54.4171389],[-108.4130429,54.4171912],[-108.4096021,54.4179947],[-108.4089702,54.4181951],[-108.4062332,54.4192567],[-108.405232,54.4197182],[-108.403785,54.4204504],[-108.4030621,54.4207089],[-108.4025998,54.4209348],[-108.4007131,54.4222174],[-108.3992771,54.4226302],[-108.3984542,54.4232284],[-108.3974735,54.4237901],[-108.3971983,54.4242639],[-108.3970438,54.4243673],[-108.3970027,54.4252061],[-108.3962715,54.4260568],[-108.3956675,54.4266486],[-108.3925202,54.4274809],[-108.3894612,54.428136],[-108.3889253,54.4283804],[-108.3881628,54.4285315],[-108.387008,54.428881],[-108.3858434,54.4290728],[-108.3852749,54.4290969],[-108.3846244,54.4290283],[-108.3830322,54.4286656],[-108.3822426,54.4285675],[-108.3814726,54.4285232],[-108.3781577,54.4288423],[-108.3769638,54.4288226],[-108.375335,54.4288851],[-108.3743644,54.4289498],[-108.3729505,54.4288546],[-108.3702531,54.4285824],[-108.3695511,54.4285482],[-108.3684643,54.428646],[-108.3677807,54.4287497],[-108.3663901,54.4291564],[-108.3648387,54.4293867],[-108.3588764,54.4313246],[-108.3561314,54.431273],[-108.3550795,54.4314224],[-108.3542952,54.4314263],[-108.3536205,54.4313793],[-108.3532308,54.4312781],[-108.3527,54.4310542],[-108.3519672,54.4304534],[-108.3514465,54.4301254],[-108.3507656,54.4299296],[-108.3492984,54.4296443],[-108.3483401,54.429567],[-108.3477311,54.4295679],[-108.3466368,54.4296009],[-108.3462206,54.4295591],[-108.345847,54.4296335],[-108.3456626,54.4297873],[-108.3454665,54.429821],[-108.3450745,54.4297575],[-108.3449269,54.4296169],[-108.3451621,54.4292511],[-108.345101,54.4291278],[-108.3447749,54.4289813],[-108.3443425,54.4288948],[-108.3440608,54.4289578],[-108.3437593,54.4290981],[-108.3433736,54.4291833],[-108.3427525,54.429195],[-108.3419225,54.4290737],[-108.3415602,54.4289597],[-108.3405023,54.4283899],[-108.3398998,54.4279692],[-108.3388858,54.4278706],[-108.3383143,54.4277546],[-108.3376462,54.4272859],[-108.337136,54.4267229],[-108.3367904,54.4265227],[-108.3362213,54.426369],[-108.335609,54.4263608],[-108.3349188,54.4264464],[-108.3313776,54.4265398],[-108.3308717,54.4264717],[-108.3296065,54.4261238],[-108.3288436,54.425966],[-108.3284846,54.425861],[-108.3282082,54.4255867],[-108.3279191,54.4255852],[-108.3269002,54.4256928],[-108.3261222,54.4258454],[-108.325896,54.4260604],[-108.3257517,54.4263681],[-108.3251263,54.4267634],[-108.325139,54.4269301],[-108.3253595,54.4271832],[-108.3252919,54.4274814],[-108.3250964,54.4276926],[-108.3247762,54.4278258],[-108.3242073,54.4279804],[-108.3219387,54.4280466],[-108.3207498,54.42782],[-108.3202043,54.427467],[-108.3200488,54.4270843],[-108.3201151,54.4268704],[-108.3205509,54.4265266],[-108.3206378,54.426413],[-108.3205883,54.4261013],[-108.3205054,54.425962],[-108.3201172,54.4257765],[-108.3192864,54.4256083],[-108.3185687,54.4257066],[-108.3181258,54.425855],[-108.3176142,54.4262549],[-108.3169492,54.4266738],[-108.3167514,54.4269226],[-108.3166564,54.427542],[-108.3164186,54.4279454],[-108.3165379,54.4283606],[-108.3167871,54.4285167],[-108.3175984,54.4286312],[-108.3188985,54.429031],[-108.3195505,54.4293241],[-108.3196389,54.4294347],[-108.319581,54.4297597],[-108.3193948,54.4301286],[-108.3185685,54.4306329],[-108.3184663,54.4307484],[-108.3184638,54.4312255],[-108.3186142,54.431506],[-108.3188221,54.4315924],[-108.3194702,54.4316991],[-108.3209221,54.4315472],[-108.3213503,54.4315783],[-108.3215396,54.4316577],[-108.321629,54.4318148],[-108.3218816,54.4319799],[-108.3222745,54.4320901],[-108.3223815,54.4322077],[-108.3222947,54.4323213],[-108.3220166,54.4322623],[-108.3218139,54.432278],[-108.3217205,54.4323737],[-108.3217159,54.4324491],[-108.3222466,54.4326731],[-108.3224217,54.4331095],[-108.3225878,54.4332572],[-108.322938,54.433382],[-108.3234713,54.4334374],[-108.3237749,54.4333905],[-108.324921,54.4333232],[-108.325406,54.433422],[-108.3256106,54.4334995],[-108.3258763,54.4337003],[-108.3260897,54.4337579],[-108.326378,54.4337129],[-108.3266737,54.4337323],[-108.3270974,54.4338387],[-108.327368,54.4338332],[-108.3275687,54.4337242],[-108.3275449,54.4336149],[-108.3274389,54.433544],[-108.3270929,54.4334747],[-108.3268119,54.4332758],[-108.3264986,54.4328566],[-108.3258948,54.4325201],[-108.3256589,54.4322689],[-108.3256407,54.4321309],[-108.3258842,54.4320073],[-108.3262305,54.4319456],[-108.3264619,54.4318328],[-108.3265194,54.4316387],[-108.3262505,54.431429],[-108.3262509,54.4312981],[-108.3265728,54.4309497],[-108.3267455,54.4306759],[-108.3268291,54.4305533],[-108.3269066,54.4298426],[-108.3270281,54.4294723],[-108.3273058,54.4292229],[-108.3276061,54.429167],[-108.3278871,54.4293658],[-108.328076,54.4295761],[-108.3282614,54.4299083],[-108.3283664,54.4303721],[-108.3285517,54.4307043],[-108.3297296,54.4314277],[-108.3305644,54.4317822],[-108.3309355,54.4318764],[-108.3314744,54.4319031],[-108.3319911,54.4320447],[-108.3326987,54.4324898],[-108.3337582,54.4328445],[-108.3344188,54.4332487],[-108.3346858,54.4333651],[-108.3360147,54.4333592],[-108.3363891,54.4334623],[-108.3365236,54.4335672],[-108.3367178,54.4338796],[-108.3368494,54.434284],[-108.3370642,54.4346967],[-108.3372859,54.4354358],[-108.3375611,54.4357943],[-108.3378715,54.4360736],[-108.3381735,54.4362419],[-108.3387024,54.4363726],[-108.3391714,54.4362957],[-108.3396063,54.4363445],[-108.3402151,54.4364747],[-108.3409891,54.4367058],[-108.3416502,54.4369791],[-108.342089,54.4372144],[-108.3422268,54.4373282],[-108.3424341,54.4376764],[-108.3424348,54.437854],[-108.3423862,54.4380283],[-108.3417435,54.4383324],[-108.3416247,54.4385341],[-108.3418158,54.4388376],[-108.3420159,54.4389904],[-108.3424736,54.4391019],[-108.3428056,54.4390887],[-108.3431268,54.4390021],[-108.3438211,54.4386635],[-108.344033,54.438497],[-108.344345,54.4381217],[-108.3445721,54.4379533],[-108.3446295,54.4377592],[-108.3443905,54.4373682],[-108.3443689,54.4372213],[-108.3444743,54.4371147],[-108.3447328,54.43712],[-108.3452689,54.4374461],[-108.3464645,54.4378212],[-108.3471282,54.4379258],[-108.3482275,54.4382568],[-108.3500675,54.4385519],[-108.3519604,54.4387282],[-108.3532637,54.438959],[-108.3551526,54.4389487],[-108.3556225,54.4390493],[-108.3560319,54.4392041],[-108.3563836,54.4392446],[-108.3584684,54.4393315],[-108.3614702,54.4388556],[-108.363012,54.4387295],[-108.3645135,54.4384493],[-108.365203,54.438186],[-108.3656889,54.4378918],[-108.3661334,54.4373971],[-108.3665898,54.4370225],[-108.3670294,54.436865],[-108.3675017,54.4367969],[-108.3678295,54.4365972],[-108.3681429,54.4365769],[-108.3684111,54.4367399],[-108.3686487,54.4367758],[-108.3707993,54.4367795],[-108.3710481,54.4367579],[-108.3715664,54.4366841],[-108.3720276,54.4366735],[-108.3728295,54.4367607],[-108.3734942,54.4369118],[-108.3742402,54.4369779],[-108.3764872,54.4370256],[-108.3783981,54.4366446],[-108.3789835,54.4348637],[-108.3797598,54.4343556],[-108.3799814,54.434085],[-108.3799873,54.4337944],[-108.3793659,54.433105],[-108.3792656,54.4327435],[-108.3795225,54.4322628],[-108.3799294,54.4318849],[-108.3807877,54.4314695],[-108.3812337,54.4313298],[-108.3820454,54.4313129],[-108.382916,54.4314569],[-108.383674,54.4315122],[-108.3853917,54.4314292],[-108.3864731,54.4312291],[-108.3875579,54.4309069],[-108.3892558,54.4309012],[-108.3915794,54.4305462],[-108.3943959,54.4302233],[-108.3957804,54.4303687],[-108.3962436,54.4304512],[-108.3996512,54.4306903],[-108.4014824,54.4311352],[-108.4021855,54.4313468],[-108.4041699,54.4321653],[-108.4050491,54.432813],[-108.405284,54.4334543],[-108.4051041,54.4344611],[-108.4049018,54.4355725],[-108.4053964,54.4364746],[-108.4076893,54.4378866],[-108.4090156,54.4383834],[-108.4106117,54.4389325],[-108.4120954,54.4389848],[-108.4142984,54.4395601],[-108.416434,54.440436],[-108.4177828,54.4408151],[-108.4193339,54.4409066],[-108.420074,54.4414851],[-108.4204251,54.4422046],[-108.4202914,54.4427588],[-108.4206091,54.4432838],[-108.4209434,54.4434977],[-108.4222977,54.4436046],[-108.4239027,54.4438866],[-108.425073,54.4441199],[-108.4255913,54.4446254],[-108.4255579,54.4447518],[-108.4259926,54.4455296],[-108.426745,54.4458212],[-108.427815,54.4458504],[-108.4293531,54.4454226],[-108.4299885,54.4451602],[-108.4308077,54.4451407],[-108.4316102,54.4448102],[-108.4328307,54.4449268],[-108.4335162,54.4451504],[-108.4339174,54.4453546],[-108.4343136,54.4453937],[-108.4346515,54.4452286],[-108.4353887,54.4448685],[-108.4344023,54.4448004],[-108.4341181,54.444363],[-108.4344692,54.4438574],[-108.4357231,54.4434296],[-108.4367262,54.4434782],[-108.4375455,54.4434296],[-108.4379467,54.4434296],[-108.4388997,54.4435852],[-108.4392174,54.4434005],[-108.438465,54.4432643],[-108.4380638,54.4431477],[-108.4374117,54.4431768],[-108.4367764,54.4430407],[-108.4357064,54.4427199],[-108.4350209,54.4425643],[-108.4340846,54.4426713],[-108.4335162,54.4432352],[-108.432279,54.443313],[-108.4311086,54.4435269],[-108.4299717,54.443381],[-108.4299216,54.4430991],[-108.4301222,54.4427685],[-108.4300888,54.4425352],[-108.42942,54.4419907],[-108.4286008,54.4416213],[-108.4275642,54.4412615],[-108.4265945,54.440999],[-108.4254409,54.4408726],[-108.424003,54.4406392],[-108.4238526,54.4403281],[-108.4238526,54.4396086],[-108.4236686,54.4392197],[-108.4233008,54.4386946],[-108.4232172,54.4383446],[-108.4228494,54.4376834],[-108.4225485,54.4373042],[-108.4220636,54.4368763],[-108.4222642,54.4367013],[-108.4226822,54.4365652],[-108.4232674,54.4365263],[-108.4239863,54.4366916],[-108.4247721,54.4367207],[-108.4258588,54.4368666],[-108.4266948,54.4370027],[-108.4275307,54.4370611],[-108.4289017,54.4372555],[-108.4298045,54.4374111],[-108.43049,54.4373333],[-108.4310919,54.4371097],[-108.4319111,54.4367207],[-108.4326635,54.4359914],[-108.4330146,54.4355636],[-108.4333323,54.4352816],[-108.4333824,54.4351454],[-108.4333824,54.4349121],[-108.4337001,54.4348732],[-108.4339341,54.4349607],[-108.4339509,54.4353108],[-108.4339007,54.4356803],[-108.4338338,54.4358456],[-108.4342518,54.4360498],[-108.4343521,54.4365652],[-108.4345193,54.4367985],[-108.4351546,54.4369736],[-108.4358067,54.4371583],[-108.4363584,54.4370611],[-108.4374284,54.4370902],[-108.4386824,54.4372069],[-108.4398193,54.4371389],[-108.4406218,54.4369347],[-108.4414912,54.4365068],[-108.4420596,54.436147],[-108.4422602,54.4359039],[-108.4421265,54.435515],[-108.4418255,54.4352719],[-108.4413073,54.4351552],[-108.4410397,54.4348537],[-108.4405883,54.4344647],[-108.440371,54.4342994],[-108.4398861,54.4343967],[-108.4392341,54.4345134],[-108.4381139,54.4344745],[-108.4370606,54.434455],[-108.4359237,54.4345912],[-108.4350543,54.4347662],[-108.434302,54.4349121],[-108.4340345,54.4347954],[-108.4337837,54.4346495],[-108.434001,54.4342605],[-108.4351045,54.4333853],[-108.4361411,54.4328407],[-108.4369741,54.432605],[-108.4385432,54.4322356],[-108.4399629,54.4320944],[-108.4411397,54.4322248],[-108.4432319,54.4325399],[-108.4444087,54.4329093],[-108.445268,54.4331592],[-108.4468371,54.4333222],[-108.4473975,54.4334525],[-108.4476217,54.4333656],[-108.4486117,54.4332896],[-108.449882,54.4332461],[-108.451283,54.4330288],[-108.4527774,54.4328006],[-108.454197,54.4323877],[-108.4552618,54.4322791],[-108.4561584,54.4321378],[-108.45741,54.4317249],[-108.4586242,54.4313881],[-108.4603428,54.4313338],[-108.4625283,54.431562],[-108.4642469,54.431475],[-108.4662083,54.4311925],[-108.4676093,54.4316054],[-108.4683378,54.431801],[-108.4691597,54.4318662],[-108.4703552,54.4322899],[-108.4705047,54.4324964],[-108.4706915,54.4326485],[-108.4708222,54.4327028],[-108.4711585,54.4327137],[-108.4718309,54.4325616],[-108.4722045,54.4324747],[-108.4719243,54.432366],[-108.4713639,54.432127],[-108.4707475,54.4319423],[-108.4701311,54.4317141],[-108.4691971,54.4315511],[-108.468674,54.4314316],[-108.4684499,54.4312794],[-108.4675159,54.4311165],[-108.4672357,54.43091],[-108.4675346,54.4307253],[-108.4685806,54.4305406],[-108.4698509,54.430345],[-108.4711585,54.4301385],[-108.4720364,54.4298451],[-108.4730451,54.4293453],[-108.4734374,54.4290845],[-108.4742033,54.4283673],[-108.4748197,54.4277805],[-108.4751186,54.4275089],[-108.4755483,54.4273785],[-108.4762581,54.4269872],[-108.4775283,54.4266938],[-108.4784623,54.4263461],[-108.4795831,54.4258897],[-108.4812457,54.4249334],[-108.4824038,54.4243139],[-108.4831884,54.4239335],[-108.484496,54.4234988],[-108.4849817,54.4233141],[-108.4860838,54.4230967],[-108.4877276,54.422575],[-108.4887363,54.4220751],[-108.4896143,54.4219121],[-108.4908472,54.4220642],[-108.4916504,54.4225424],[-108.4917999,54.4233793],[-108.491501,54.4239987],[-108.4917251,54.4247595],[-108.4923603,54.4253463],[-108.493086,54.4256914],[-108.4939998,54.4257953],[-108.5,54.426085],[-108.5,54.4253655],[-108.5,54.424649],[-108.4958478,54.4248275],[-108.4943217,54.4247269],[-108.4938173,54.4243465],[-108.4932382,54.4238466],[-108.4932009,54.4232597],[-108.4930514,54.4224446],[-108.4925844,54.4217491],[-108.4920427,54.4212926],[-108.4910713,54.4209557],[-108.4904923,54.4208144],[-108.4892967,54.4208687],[-108.4887177,54.4209991],[-108.4885682,54.4205861],[-108.488755,54.4200427],[-108.4895216,54.4197067],[-108.4908189,54.4195565],[-108.4916815,54.4191251],[-108.4924294,54.4185105],[-108.4921507,54.4180528],[-108.4917932,54.4176729],[-108.4916714,54.4174793],[-108.4918933,54.4171624],[-108.4921361,54.4166624],[-108.4903244,54.4155851]],[[-108.4066779,54.4351533],[-108.4062977,54.4352101],[-108.4061825,54.4354208],[-108.406338,54.4356258],[-108.4065066,54.4357357],[-108.4066852,54.4357415],[-108.4069,54.4357147],[-108.4071345,54.4356106],[-108.4070546,54.4353494],[-108.4066779,54.4351533]],[[-108.4860036,54.4195414],[-108.4867231,54.4195353],[-108.4872237,54.4196314],[-108.4874583,54.419789],[-108.4874957,54.419934],[-108.4872678,54.4205331],[-108.4870011,54.4208098],[-108.4865558,54.4210808],[-108.4861129,54.4214451],[-108.485369,54.42195],[-108.4849183,54.4222497],[-108.4845265,54.4224485],[-108.4829374,54.4230969],[-108.4816279,54.4233735],[-108.4806461,54.4237118],[-108.4791554,54.4243665],[-108.4774492,54.4252632],[-108.4770539,54.4253222],[-108.4769487,54.425298],[-108.4768664,54.4252054],[-108.4768771,54.425017],[-108.4771692,54.4247652],[-108.4777601,54.4244105],[-108.4781067,54.4240023],[-108.4788244,54.4234259],[-108.4791021,54.4230918],[-108.4794423,54.4227966],[-108.4806973,54.4220686],[-108.4828795,54.4210278],[-108.4833182,54.420739],[-108.4836253,54.4203544],[-108.4840345,54.4201159],[-108.4853664,54.4196401],[-108.4860036,54.4195414]],[[-108.3685709,54.4326623],[-108.3688966,54.4328649],[-108.3693098,54.4329725],[-108.3697025,54.4333444],[-108.3699477,54.4334448],[-108.3715539,54.4333198],[-108.3716034,54.4331921],[-108.371138,54.4330162],[-108.3703527,54.4329737],[-108.3689588,54.4325393],[-108.3686302,54.4325615],[-108.3685709,54.4326623]],[[-108.4244544,54.4410962],[-108.4251399,54.4410865],[-108.4261263,54.4412518],[-108.4266781,54.4414171],[-108.427514,54.4415532],[-108.4280156,54.4417282],[-108.4282664,54.441806],[-108.4293364,54.4422435],[-108.4296541,54.4425157],[-108.4296039,54.4427491],[-108.4295872,54.4432255],[-108.4292194,54.4432352],[-108.428768,54.4429532],[-108.4280825,54.4426227],[-108.4278986,54.4426713],[-108.4276645,54.4430407],[-108.426979,54.4430407],[-108.4258421,54.4429921],[-108.4251232,54.4426713],[-108.4246384,54.4420199],[-108.4246049,54.4416699],[-108.4243876,54.4414949],[-108.4244544,54.4410962]],[[-108.4707101,54.4257158],[-108.4707475,54.424879],[-108.4709343,54.4243791],[-108.4715881,54.4241292],[-108.4723353,54.4239987],[-108.4730451,54.4240748],[-108.4739231,54.4242487],[-108.4749879,54.4243465],[-108.4749879,54.4247595],[-108.4741473,54.4252702],[-108.4732319,54.4256723],[-108.4729517,54.4260418],[-108.47241,54.4263896],[-108.4715881,54.4267373],[-108.4708035,54.4265634],[-108.4705607,54.4261831],[-108.4707101,54.4257158]],[[-108.464882,54.4280413],[-108.4650128,54.4276719],[-108.4652743,54.4274545],[-108.4656479,54.4272046],[-108.4665819,54.4271394],[-108.4676466,54.4272046],[-108.4683938,54.4274111],[-108.4690103,54.4274219],[-108.4693652,54.4276067],[-108.4693091,54.427824],[-108.4681323,54.4280631],[-108.4674785,54.4280087],[-108.4671236,54.427987],[-108.4662643,54.4281283],[-108.4657226,54.4280739],[-108.4649754,54.4281717],[-108.464882,54.4280413]],[[-108.4379438,54.4299305],[-108.4392742,54.4300553],[-108.4401325,54.4304297],[-108.44039,54.4306544],[-108.4395961,54.4308791],[-108.4381584,54.4308916],[-108.4363774,54.4311911],[-108.4354976,54.4311786],[-108.4353045,54.4309665],[-108.4359912,54.4305171],[-108.4368495,54.4301926],[-108.4374717,54.4300178],[-108.4379438,54.4299305]],[[-108.4907689,54.4174186],[-108.4905319,54.4177757],[-108.4902728,54.4179859],[-108.4895168,54.4183708],[-108.4890199,54.4185454],[-108.4884216,54.4189666],[-108.4880992,54.4193532],[-108.4879815,54.4196859],[-108.4879961,54.4198992],[-108.4882173,54.4198902],[-108.4905924,54.4191991],[-108.4914076,54.4188442],[-108.4918328,54.4183886],[-108.4919014,54.4181836],[-108.4911578,54.4174726],[-108.4907689,54.4174186]],[[-108.4601201,54.4285109],[-108.458673,54.4283274],[-108.4574921,54.4280825],[-108.4544595,54.4270781],[-108.452618,54.4266073],[-108.4520265,54.4265691],[-108.451053,54.4267564],[-108.4501636,54.4267368],[-108.4490157,54.4265813],[-108.4475851,54.4263114],[-108.4465751,54.4260076],[-108.4451257,54.425207],[-108.4444979,54.4246777],[-108.4438437,54.423946],[-108.4433398,54.4237098],[-108.4428327,54.4237264],[-108.442697,54.4238369],[-108.442477,54.4242853],[-108.4424641,54.4246423],[-108.442519,54.4251404],[-108.442437,54.4253096],[-108.4420045,54.4256162],[-108.4413846,54.425806],[-108.4394999,54.4262194],[-108.4387868,54.4261122],[-108.4378569,54.4258077],[-108.4374363,54.4257106],[-108.4368076,54.4257892],[-108.4365831,54.4259202],[-108.4364178,54.4260811],[-108.4364945,54.4263334],[-108.4367619,54.4268423],[-108.4369077,54.4272823],[-108.436804,54.428483],[-108.4361174,54.4294946],[-108.4361657,54.429713],[-108.4364056,54.429842],[-108.4368536,54.4299262],[-108.4370935,54.4299243],[-108.4378066,54.4297697],[-108.4383925,54.4297058],[-108.4390662,54.4297057],[-108.4394112,54.429728],[-108.4407204,54.4301908],[-108.4415562,54.4304136],[-108.4428817,54.4306593],[-108.4436737,54.4307192],[-108.4445982,54.4306597],[-108.445159,54.4305708],[-108.4454558,54.4305056],[-108.445758,54.4302808],[-108.4462444,54.4302947],[-108.44741,54.4305417],[-108.4496621,54.4305591],[-108.4502842,54.4304625],[-108.4507245,54.4303513],[-108.4518648,54.4303115],[-108.4527598,54.4304332],[-108.4533261,54.4304465],[-108.4549951,54.4300131],[-108.4560356,54.4297893],[-108.45664,54.4296014],[-108.4574636,54.4294422],[-108.4589127,54.4293261],[-108.4600625,54.4290512],[-108.4608094,54.4289015],[-108.4609999,54.4287654],[-108.4601201,54.4285109]],[[-108.3226087,54.4301043],[-108.3221638,54.4301594],[-108.3218475,54.430479],[-108.3218327,54.4306585],[-108.3221198,54.4310062],[-108.3224742,54.4311866],[-108.3227862,54.4312508],[-108.3231838,54.4312856],[-108.3236026,54.4311589],[-108.3238977,54.4310008],[-108.3240054,54.4308566],[-108.3240006,54.4306235],[-108.3238851,54.4303948],[-108.3236577,54.4302547],[-108.3233917,54.4301848],[-108.3226087,54.4301043]],[[-108.4156065,54.4347874],[-108.4157807,54.4346066],[-108.4163548,54.4342919],[-108.4164623,54.4340166],[-108.4164777,54.4337529],[-108.4164142,54.4335364],[-108.4161261,54.4334508],[-108.4157657,54.4334303],[-108.4145432,54.4332462],[-108.4124028,54.4330084],[-108.4115857,54.4327924],[-108.4106032,54.4323446],[-108.4093962,54.4320277],[-108.4084007,54.4315441],[-108.4076417,54.4313115],[-108.4070173,54.4313145],[-108.4065397,54.4314115],[-108.4063151,54.4315424],[-108.406361,54.4316676],[-108.4070564,54.4320764],[-108.407997,54.4328474],[-108.4086122,54.4336497],[-108.4097576,54.4347598],[-108.4106622,54.4353015],[-108.4113292,54.4358074],[-108.4121079,54.4362245],[-108.4124069,54.4365145],[-108.4129283,54.4368422],[-108.4144213,54.4374133],[-108.4148563,54.4374619],[-108.4155356,54.4373023],[-108.4159235,54.4370482],[-108.4161603,54.4366446],[-108.4161056,54.4361464],[-108.415637,54.4353072],[-108.4155615,54.4351016],[-108.4156065,54.4347874]],[[-108.435107,54.4318934],[-108.4349404,54.4317458],[-108.434706,54.431719],[-108.4343248,54.4317293],[-108.433741,54.4318864],[-108.4331813,54.4321528],[-108.4323049,54.4324306],[-108.4305545,54.4326868],[-108.4301053,54.4328177],[-108.429585,54.4329295],[-108.4290219,54.432925],[-108.4280382,54.4328235],[-108.4265112,54.4329021],[-108.4246675,54.433123],[-108.4230572,54.4331932],[-108.4215837,54.4334614],[-108.4200555,54.433886],[-108.4191363,54.4340475],[-108.4184483,54.4342269],[-108.4177702,54.4343022],[-108.4174393,54.4344931],[-108.4169605,54.4349363],[-108.4169571,54.4351892],[-108.4171301,54.4356165],[-108.4171705,54.436294],[-108.4168953,54.4370297],[-108.4166169,54.4374946],[-108.4166847,54.4378976],[-108.4169158,54.4381774],[-108.4171381,54.438346],[-108.4177177,54.4385261],[-108.4179718,54.4387375],[-108.4185721,54.4391489],[-108.4193259,54.4394101],[-108.4197706,54.4397474],[-108.4205605,54.440107],[-108.4211182,54.440533],[-108.4216386,54.4406831],[-108.4221382,54.4407329],[-108.4223705,54.4406665],[-108.4227091,54.4404091],[-108.4229174,54.4398408],[-108.422821,54.4394039],[-108.4223839,54.4387384],[-108.421811,54.4381834],[-108.4214834,54.4377287],[-108.4211275,54.4369783],[-108.4212196,54.4364431],[-108.4214234,54.436212],[-108.4216294,54.436074],[-108.4218956,54.4360127],[-108.4224094,54.436014],[-108.4230317,54.4361795],[-108.4234907,54.4362063],[-108.4244822,54.4361105],[-108.4262548,54.4361323],[-108.4275421,54.4360556],[-108.4286365,54.4358908],[-108.4293902,54.4356283],[-108.4300475,54.4354527],[-108.4306303,54.4353799],[-108.431395,54.4351908],[-108.4322746,54.4346601],[-108.4333338,54.433658],[-108.4343952,54.433011],[-108.4350205,54.4323998],[-108.4351848,54.4320613],[-108.435107,54.4318934]],[[-108.3575905,54.4324567],[-108.3573664,54.4321947],[-108.3570425,54.4320106],[-108.356658,54.4320116],[-108.3560781,54.4322239],[-108.355242,54.4323932],[-108.3549809,54.4325565],[-108.3547944,54.432748],[-108.3545466,54.4333865],[-108.3548026,54.4335603],[-108.355243,54.4335804],[-108.3559677,54.433238],[-108.356736,54.4330584],[-108.3576164,54.4326591],[-108.3575905,54.4324567]],[[-108.344257,54.4328319],[-108.343789,54.4329554],[-108.343444,54.4329328],[-108.3428195,54.4324961],[-108.3424496,54.4323177],[-108.3413268,54.4323168],[-108.341161,54.4324776],[-108.3411725,54.4327286],[-108.3416266,54.432962],[-108.342568,54.4332565],[-108.3432042,54.4333739],[-108.3436331,54.4335824],[-108.3439084,54.4339409],[-108.344146,54.4339768],[-108.3443686,54.4338838],[-108.3443956,54.4335626],[-108.3445731,54.4330824],[-108.3444957,54.4329144],[-108.344257,54.4328319]]]]},"properties":{"natural":"water","source":"NRCan-CanVec-10.0","type":"multipolygon","osmId":3531622,"osmType":"relation","sourceUrl":"https://www.openstreetmap.org/relation/3531622"}},{"type":"Feature","id":"relation/3531643","geometry":{"type":"MultiPolygon","coordinates":[[[[-108.2662881,54.44394],[-108.2663553,54.4438925],[-108.2668545,54.4437655],[-108.2677382,54.4436378],[-108.2685963,54.4436161],[-108.270291,54.4437341],[-108.2714428,54.4439472],[-108.2719334,54.4440175],[-108.2734317,54.4444775],[-108.2736935,54.4444919],[-108.2746796,54.4442487],[-108.2748039,54.4441492],[-108.2748197,54.4440164],[-108.2745241,54.4436884],[-108.274334,54.4435623],[-108.2738643,54.4434614],[-108.2732728,54.4434222],[-108.2717847,54.4431666],[-108.270655,54.4431471],[-108.2693488,54.4429064],[-108.2680648,54.4428592],[-108.2671069,54.4426502],[-108.2665983,54.4424419],[-108.2660498,54.4420796],[-108.2659347,54.4418508],[-108.2659023,54.4409669],[-108.2658123,54.440763],[-108.2657337,54.4401932],[-108.2663451,54.4396692],[-108.2665416,54.4393271],[-108.2671083,54.4390329],[-108.2673376,54.4389579],[-108.2677245,54.4389195],[-108.2685283,54.4392783],[-108.269455,54.4393135],[-108.2703222,54.4394495],[-108.2706537,54.4395675],[-108.2709377,54.4397755],[-108.271443,54.4399748],[-108.2725892,54.4402165],[-108.2733168,54.4404539],[-108.2740237,54.4404134],[-108.2747898,54.4400945],[-108.2754916,54.4399517],[-108.2765766,54.4398926],[-108.2773364,54.4400418],[-108.2778004,54.4401714],[-108.2784551,54.4402962],[-108.2788643,54.4404513],[-108.2800789,54.4405724],[-108.2810039,54.4405142],[-108.2818762,54.4407523],[-108.2840511,54.4410445],[-108.2849035,54.4410514],[-108.2860546,54.4409092],[-108.2871646,54.4408748],[-108.2874371,54.4409627],[-108.2877966,54.4412454],[-108.2886912,54.441677],[-108.288926,54.4418816],[-108.2887028,54.4421055],[-108.2878498,54.4425381],[-108.2872294,54.4425961],[-108.2864858,54.4424916],[-108.2859872,54.4424878],[-108.2855747,54.4426322],[-108.2850649,54.4426859],[-108.2848272,54.4429583],[-108.2850987,54.4433079],[-108.2852824,54.4434161],[-108.2852721,54.4435202],[-108.2848531,54.4436468],[-108.2843326,54.4436269],[-108.2841154,54.4436911],[-108.2838168,54.4438402],[-108.2833773,54.4438664],[-108.282117,54.4436202],[-108.2813441,54.4434352],[-108.2810437,54.443491],[-108.2805311,54.4437132],[-108.2803049,54.4441057],[-108.2802746,54.444287],[-108.2803759,54.4444334],[-108.2803028,54.4446294],[-108.2799856,54.4447714],[-108.2793902,54.4448542],[-108.2783712,54.4448305],[-108.2781507,54.4448857],[-108.2777343,54.4451521],[-108.2774492,54.445206],[-108.2758195,54.445267],[-108.2739729,54.4455697],[-108.2721123,54.44579],[-108.271568,54.4459693],[-108.2710462,54.4460337],[-108.2707466,54.4461361],[-108.2703124,54.446442],[-108.2700855,54.4469654],[-108.2700384,54.4472329],[-108.2700936,54.447385],[-108.2704456,54.4476033],[-108.2709106,54.4477796],[-108.272889,54.4482365],[-108.2744629,54.4484629],[-108.2756396,54.4485233],[-108.2789705,54.4484205],[-108.2811447,54.4481801],[-108.2915559,54.4478852],[-108.2977306,54.4465266],[-108.2979073,54.4464878],[-108.2994523,54.4444964],[-108.3007572,54.4443846],[-108.301122,54.4445071],[-108.3020748,54.444512],[-108.3034716,54.4446615],[-108.3040871,54.4442968],[-108.3064084,54.4434516],[-108.3098091,54.4431655],[-108.3135309,54.4424244],[-108.3151893,54.4422866],[-108.3159609,54.4425264],[-108.3171902,54.4425799],[-108.3186784,54.4428993],[-108.3198809,54.443918],[-108.3282914,54.4449905],[-108.3363595,54.4445913],[-108.3370461,54.4456893],[-108.3423676,54.4462881],[-108.3485474,54.4450903],[-108.3607354,54.4477854],[-108.3691468,54.4465876],[-108.37361,54.4488833],[-108.3851113,54.4464878],[-108.3849397,54.4475857],[-108.3846392,54.4484541],[-108.3882012,54.4492825],[-108.3921494,54.4491827],[-108.3969989,54.450051],[-108.4045091,54.4573661],[-108.4048953,54.4587332],[-108.4021487,54.4617267],[-108.4026208,54.4627544],[-108.4058823,54.4616568],[-108.4069123,54.4604595],[-108.4125771,54.4592621],[-108.4148087,54.4566676],[-108.4192719,54.4544722],[-108.4216752,54.4514782],[-108.4243699,54.4499947],[-108.4259667,54.4490829],[-108.4276833,54.4493823],[-108.4280267,54.4474859],[-108.4318108,54.4458212],[-108.4328808,54.445831],[-108.4337837,54.4456365],[-108.4341348,54.445481],[-108.4343136,54.4453937],[-108.4346515,54.4452286],[-108.4353887,54.4448685],[-108.4368098,54.4450727],[-108.4376458,54.4453254],[-108.438348,54.4453546],[-108.4392675,54.444781],[-108.4400366,54.4444602],[-108.4401202,54.444081],[-108.4393846,54.4439157],[-108.4388997,54.4435852],[-108.4392174,54.4434005],[-108.4397858,54.4433713],[-108.4400032,54.4422338],[-108.4407296,54.4411024],[-108.4417596,54.439605],[-108.4479394,54.438407],[-108.4512009,54.4395051],[-108.4529176,54.4406033],[-108.4556641,54.4410026],[-108.4541192,54.4427995],[-108.4537759,54.4438975],[-108.4560075,54.4438975],[-108.4630456,54.44529],[-108.4707159,54.445618],[-108.4717539,54.4456624],[-108.4732121,54.4457247],[-108.4739241,54.4457552],[-108.4747186,54.4457891],[-108.4758499,54.445944],[-108.4761811,54.4459893],[-108.4796386,54.4464623],[-108.4816312,54.446735],[-108.4836661,54.4470134],[-108.4855552,54.4472718],[-108.4865558,54.4474087],[-108.4868485,54.4474488],[-108.486908,54.4474569],[-108.4869825,54.4474671],[-108.4870862,54.4474813],[-108.488304,54.4476479],[-108.4893098,54.4477854],[-108.4895761,54.4478406],[-108.4904365,54.4480183],[-108.4912028,54.4481766],[-108.4932449,54.4485984],[-108.4956921,54.4491039],[-108.4961141,54.4489527],[-108.4962226,54.4487694],[-108.4962868,54.4485088],[-108.4962559,54.4483817],[-108.4963618,54.4481907],[-108.4968867,54.4481342],[-108.4974252,54.4483752],[-108.497546,54.4485284],[-108.4975631,54.448835],[-108.497393,54.4492866],[-108.4970345,54.4493823],[-108.4971376,54.4502841],[-108.4972062,54.4508794],[-108.4998405,54.4520622],[-108.5009148,54.4525445],[-108.5027098,54.4533504],[-108.5038642,54.4538687],[-108.50433,54.4540778],[-108.5073723,54.4554436],[-108.5094055,54.4563563],[-108.5102643,54.4567418],[-108.5112268,54.4571739],[-108.5119043,54.457478],[-108.5125641,54.4577742],[-108.5132158,54.4580664],[-108.5147885,54.4590987],[-108.5153767,54.4594841],[-108.5159943,54.459849],[-108.5163545,54.4597832],[-108.5164677,54.4596636],[-108.5162619,54.4595319],[-108.5167148,54.4593704],[-108.5171059,54.4594721],[-108.5174147,54.4596337],[-108.5170236,54.4600106],[-108.5171985,54.4601542],[-108.5174456,54.46022],[-108.517775,54.4600106],[-108.518372,54.4599328],[-108.5189906,54.4606349],[-108.5191131,54.4607704],[-108.5197512,54.4607285],[-108.5201321,54.4609499],[-108.52041,54.4613807],[-108.519988,54.4617157],[-108.5210023,54.4625027],[-108.5217832,54.4631086],[-108.5225957,54.4637389],[-108.5231271,54.4641512],[-108.523127,54.4647699],[-108.523127,54.4656247],[-108.523127,54.4663881],[-108.523127,54.4672748],[-108.5231271,54.4677428],[-108.5230291,54.468327],[-108.5220658,54.4701648],[-108.5209892,54.4718362],[-108.5204153,54.4723647],[-108.5192956,54.4732404],[-108.5185373,54.4738337],[-108.5180198,54.4743752],[-108.5175798,54.4750436],[-108.5171096,54.4754474],[-108.5169426,54.4759893],[-108.5164948,54.4767753],[-108.5160113,54.4782019],[-108.5159879,54.4796468],[-108.5159741,54.4805162],[-108.5159606,54.4813577],[-108.5162479,54.4827522],[-108.5165336,54.4841006],[-108.5168332,54.4852188],[-108.5169966,54.4865307],[-108.5170096,54.4875609],[-108.5168268,54.488381],[-108.516645,54.4889745],[-108.5166342,54.4895091],[-108.516302,54.4904771],[-108.5158414,54.4914892],[-108.514997,54.4926766],[-108.5146251,54.4935411],[-108.5137986,54.4943465],[-108.5130843,54.495325],[-108.512342,54.4960544],[-108.5110318,54.4969974],[-108.5102484,54.4975615],[-108.5071251,54.4991077],[-108.5061739,54.4995791],[-108.505118,54.5],[-108.501884,54.5004221],[-108.4923997,54.5025453],[-108.4829583,54.5024456],[-108.4764781,54.5024157],[-108.4711137,54.5008507],[-108.4645905,54.5003523],[-108.4625306,54.4998539],[-108.4580674,54.5009504],[-108.4601273,54.5030436],[-108.460814,54.5042397],[-108.4603348,54.506495],[-108.4631934,54.5084181],[-108.4648924,54.5094595],[-108.4653487,54.5100758],[-108.465363,54.5106881],[-108.4647311,54.5116268],[-108.4640277,54.5123993],[-108.4631243,54.5130109],[-108.4620347,54.5135389],[-108.4608224,54.5140022],[-108.4597185,54.5142562],[-108.4588302,54.5143849],[-108.4576144,54.5144279],[-108.4573936,54.5145141],[-108.4582391,54.5158999],[-108.4606423,54.5188892],[-108.4606852,54.5226454],[-108.4612002,54.5247375],[-108.4599986,54.528025],[-108.4568658,54.5301468],[-108.457767,54.5325075],[-108.4564695,54.5341195],[-108.4553004,54.5346802],[-108.4546841,54.5352032],[-108.4533576,54.5358231],[-108.4531086,54.5371446],[-108.4532499,54.5379472],[-108.4527517,54.5385373],[-108.4511547,54.5392415],[-108.4500292,54.539606],[-108.4495387,54.5398518],[-108.4489992,54.5408171],[-108.4488426,54.5423189],[-108.4482752,54.5431827],[-108.4478202,54.5435697],[-108.4470003,54.5438397],[-108.445807,54.5439797],[-108.443689,54.5440276],[-108.441403,54.5441568],[-108.4367433,54.5439204],[-108.4346003,54.543645],[-108.4325328,54.5431638],[-108.4297787,54.54108],[-108.4284394,54.5399406],[-108.4275117,54.538812],[-108.4268839,54.5376168],[-108.4262755,54.5365355],[-108.4247506,54.5358101],[-108.422802,54.5352361],[-108.4217716,54.5348407],[-108.4210869,54.5343911],[-108.4210491,54.5339255],[-108.4216091,54.5334165],[-108.4215473,54.5330965],[-108.4211742,54.5328258],[-108.4202394,54.5323375],[-108.4195736,54.5317096],[-108.4178849,54.5313215],[-108.4171113,54.5310617],[-108.4162528,54.5305062],[-108.4154719,54.529621],[-108.4154431,54.5293505],[-108.4147638,54.5289156],[-108.4130921,54.5267598],[-108.4165254,54.522476],[-108.4175553,54.519487],[-108.419416,54.5189518],[-108.421525,54.5189701],[-108.4224308,54.5194251],[-108.4231174,54.5206892],[-108.4228983,54.5216677],[-108.4251988,54.5232671],[-108.4268652,54.5246647],[-108.4255617,54.5250675],[-108.4256548,54.5252005],[-108.4268832,54.5252908],[-108.4298613,54.5243752],[-108.4330692,54.5222954],[-108.4333911,54.5216167],[-108.431443,54.5199482],[-108.4306123,54.5186295],[-108.427855,54.5163982],[-108.4281932,54.5141382],[-108.4258103,54.5130042],[-108.4230847,54.5122511],[-108.4218299,54.5122942],[-108.4203279,54.5117772],[-108.4193256,54.5111167],[-108.4180703,54.5090238],[-108.4165254,54.5037414],[-108.4149643,54.4999535],[-108.4149849,54.4992717],[-108.4148355,54.4981669],[-108.4149098,54.4979134],[-108.4151968,54.4975327],[-108.4152561,54.4971699],[-108.4154329,54.4970287],[-108.4151807,54.4965271],[-108.4149774,54.4964658],[-108.4142393,54.4946266],[-108.4138584,54.4932059],[-108.4140845,54.4919437],[-108.4137082,54.4910561],[-108.4138187,54.4905966],[-108.4138155,54.4902179],[-108.4134829,54.488607],[-108.4134534,54.4874624],[-108.4132737,54.4867311],[-108.4133113,54.4861235],[-108.4135902,54.4855251],[-108.4138692,54.4850608],[-108.4137569,54.484301],[-108.4135531,54.4834039],[-108.4136438,54.4829183],[-108.4136918,54.4825789],[-108.4137367,54.4821344],[-108.4138646,54.4816782],[-108.4143302,54.480367],[-108.414873,54.4800845],[-108.4154873,54.4793147],[-108.4157896,54.4789743],[-108.4160081,54.478385],[-108.4156984,54.4779707],[-108.4152727,54.4777026],[-108.4143511,54.4772312],[-108.4125771,54.4757231],[-108.4103455,54.4755236],[-108.4074273,54.4717331],[-108.4075143,54.4708449],[-108.4077706,54.4682416],[-108.4012475,54.463353],[-108.4004834,54.4636823],[-108.4002175,54.4656477],[-108.3981576,54.4665456],[-108.3952393,54.4661466],[-108.395926,54.4651489],[-108.3935656,54.4654183],[-108.3911624,54.4680122],[-108.3845963,54.4721321],[-108.3827081,54.4737281],[-108.3772149,54.4739276],[-108.3651986,54.4703366],[-108.3610787,54.4691395],[-108.3547273,54.4704363],[-108.3497491,54.4725311],[-108.3423676,54.4734289],[-108.3382907,54.4766906],[-108.3374324,54.4798821],[-108.3338275,54.4825749],[-108.3324542,54.4848685],[-108.3303513,54.4864939],[-108.3337846,54.4880894],[-108.3377328,54.4882888],[-108.3430543,54.4879897],[-108.3490624,54.4872917],[-108.351294,54.4845993],[-108.3583321,54.4834026],[-108.3621087,54.4849981],[-108.3611216,54.4895551],[-108.3554568,54.4947397],[-108.3488908,54.4992557],[-108.3451142,54.5020469],[-108.3408656,54.5035121],[-108.3370461,54.5012494],[-108.3403077,54.4991561],[-108.3373895,54.4979598],[-108.3346429,54.4976607],[-108.3332894,54.5006679],[-108.3320967,54.5012172],[-108.3291694,54.5023625],[-108.3282616,54.5029136],[-108.3282404,54.5039088],[-108.3268765,54.5039313],[-108.3252015,54.5015485],[-108.3241715,54.4973617],[-108.3231416,54.4934735],[-108.3231101,54.4901678],[-108.3230324,54.4884914],[-108.3239017,54.4869325],[-108.3215966,54.4843998],[-108.3159318,54.4821061],[-108.3112969,54.4780171],[-108.30619,54.4763913],[-108.3020701,54.4769898],[-108.2989373,54.4744264],[-108.298079,54.4684411],[-108.2999673,54.4644505],[-108.3169618,54.4594616],[-108.319365,54.4580647],[-108.3222833,54.4577653],[-108.31988,54.454572],[-108.3186784,54.4559691],[-108.3155885,54.4551707],[-108.3138718,54.454572],[-108.309237,54.4542726],[-108.3047738,54.4516778],[-108.3034005,54.4504802],[-108.3005252,54.4509493],[-108.296534,54.4494821],[-108.2949891,54.4487835],[-108.2917081,54.4491703],[-108.2884142,54.4492324],[-108.2810723,54.4490397],[-108.2799796,54.4490344],[-108.2795252,54.4489316],[-108.2790582,54.4489705],[-108.2785939,54.4491494],[-108.2777343,54.4492555],[-108.2772719,54.4492191],[-108.2765672,54.449222],[-108.2761253,54.4492858],[-108.2756388,54.4492711],[-108.2752359,54.4494424],[-108.2731687,54.4494918],[-108.2727497,54.4493099],[-108.2713739,54.4491431],[-108.2709744,54.4490148],[-108.2700216,54.4485996],[-108.2696348,54.4483296],[-108.2693394,54.447693],[-108.2691251,54.4475886],[-108.2686633,54.4474213],[-108.2682589,54.4471908],[-108.2674748,54.4470632],[-108.2667848,54.446709],[-108.2664193,54.4465858],[-108.2659222,54.4464976],[-108.2653273,54.4464495],[-108.2639883,54.4464277],[-108.2622634,54.4461824],[-108.2614283,54.4459582],[-108.2608408,54.4459746],[-108.260269,54.4461666],[-108.25901,54.4461442],[-108.2585569,54.4462655],[-108.2585725,54.4464412],[-108.2588937,54.4466633],[-108.2594726,54.4468443],[-108.2598059,54.4470555],[-108.2599647,54.4473164],[-108.2602794,54.4475206],[-108.2610484,54.4478276],[-108.2632744,54.4485252],[-108.2638114,54.4487674],[-108.2642014,54.4490465],[-108.2644197,54.4495149],[-108.2648286,54.4499786],[-108.2652127,54.4501088],[-108.266094,54.4503272],[-108.2664722,54.4503086],[-108.2667031,54.4501493],[-108.2671152,54.4501359],[-108.2674863,54.4502303],[-108.267916,54.4504857],[-108.2685257,54.4506629],[-108.2687821,54.4511921],[-108.2687045,54.4516409],[-108.2684363,54.4520946],[-108.2680179,54.4522677],[-108.2670947,54.4521106],[-108.2664262,54.4520808],[-108.2658912,54.4521094],[-108.265508,54.4520258],[-108.2649467,54.4518053],[-108.2636529,54.4519088],[-108.2623199,54.4517273],[-108.2619942,54.4517581],[-108.261575,54.4518846],[-108.2613967,54.4520561],[-108.2613412,54.4526985],[-108.2614652,54.4529075],[-108.2619524,54.4532774],[-108.2635378,54.4549046],[-108.2647883,54.4554327],[-108.2651188,54.4558125],[-108.2651572,54.4560508],[-108.2650087,54.456172],[-108.2648605,54.4564706],[-108.2649279,54.4566119],[-108.2650566,54.4567456],[-108.2650053,54.4569575],[-108.2647455,54.4572139],[-108.2641763,54.4580318],[-108.2641538,54.4581467],[-108.2637346,54.4587592],[-108.2635043,54.4592737],[-108.2629468,54.4599032],[-108.2622694,54.4603793],[-108.2617612,54.460526],[-108.2611153,54.4605589],[-108.2597885,54.4608813],[-108.2589843,54.4610085],[-108.2583367,54.4609481],[-108.2573279,54.4605116],[-108.2569222,54.4605429],[-108.2561342,54.4607147],[-108.2558448,54.460713],[-108.2539784,54.4608308],[-108.2532227,54.4609145],[-108.2529478,54.4608643],[-108.251225,54.4602726],[-108.2509483,54.4601291],[-108.2505399,54.4600205],[-108.2502901,54.4599952],[-108.25,54.4598704],[-108.249986,54.4598644],[-108.2496662,54.459558],[-108.249477,54.4594785],[-108.2492895,54.4594922],[-108.2491311,54.4595865],[-108.2487763,54.4602003],[-108.2487582,54.4605484],[-108.2488984,54.4608022],[-108.2489192,54.4612576],[-108.2491223,54.4614195],[-108.2491436,54.4615664],[-108.2488888,54.4621025],[-108.2490663,54.4623704],[-108.2489365,54.4626761],[-108.2485519,54.4628543],[-108.2476363,54.4631166],[-108.2469807,54.4631225],[-108.2464793,54.4629786],[-108.2462041,54.4627508],[-108.2461626,54.4626315],[-108.2458689,54.4617827],[-108.2455667,54.4612591],[-108.2456452,54.4606793],[-108.2455293,54.4604038],[-108.245046,54.4599119],[-108.2447936,54.4597467],[-108.2440593,54.4594913],[-108.2437106,54.4592818],[-108.242996,54.4585941],[-108.2426696,54.4580922],[-108.2426562,54.4577013],[-108.2426964,54.4575468],[-108.2429402,54.4572457],[-108.2441717,54.4562623],[-108.244937,54.4555419],[-108.2451146,54.4553238],[-108.2452246,54.4547869],[-108.2450884,54.4544111],[-108.2447944,54.4539987],[-108.2438898,54.4531848],[-108.2432981,54.4524819],[-108.241651,54.4504603],[-108.2411611,54.4495954],[-108.2411978,54.4492544],[-108.2415665,54.448723],[-108.2422414,54.4481072],[-108.2431483,54.4475563],[-108.2436192,54.4473955],[-108.2453516,54.4472196],[-108.2461911,54.447191],[-108.2471955,54.447086],[-108.2484992,54.4467011],[-108.2494244,54.4466432],[-108.25,54.4465579],[-108.2509158,54.4464221],[-108.2522809,54.4460296],[-108.2528093,54.4459832],[-108.2540191,54.4460023],[-108.2543382,54.4459537],[-108.255052,54.4456227],[-108.2556929,54.4451792],[-108.2567494,54.4449088],[-108.2603363,54.4448498],[-108.2608423,54.4449183],[-108.2631737,54.4450233],[-108.2638163,54.4451591],[-108.2650349,54.4451583],[-108.2656088,54.4452371],[-108.2658576,54.4452157],[-108.2661418,54.4451152],[-108.266184,54.4447455],[-108.2659127,54.4443958],[-108.2659091,54.4442093],[-108.2662881,54.44394]],[[-108.25,54.4579158],[-108.2499251,54.4579279],[-108.2496286,54.4580392],[-108.2496158,54.4581809],[-108.2498269,54.4582764],[-108.25,54.4582601],[-108.2501527,54.4582457],[-108.2514473,54.4580115],[-108.2521489,54.4579998],[-108.2529578,54.4577974],[-108.2533546,54.4577859],[-108.25376,54.458063],[-108.2539945,54.4580902],[-108.2543435,54.4579912],[-108.254454,54.4578093],[-108.2543826,54.4576125],[-108.254825,54.4572402],[-108.2549015,54.4570532],[-108.2547187,54.4569916],[-108.2541311,54.4570079],[-108.2538184,54.4570745],[-108.2529959,54.4573721],[-108.2520625,54.4574964],[-108.2509102,54.4577692],[-108.25,54.4579158]],[[-108.2682859,54.4455223],[-108.2680306,54.4455258],[-108.2678328,54.4456436],[-108.2678104,54.4457585],[-108.2679799,54.4458664],[-108.2681405,54.4459608],[-108.2683604,54.4460365],[-108.2685591,54.4459653],[-108.2686308,54.4458536],[-108.2682859,54.4455223]],[[-108.3127636,54.447178],[-108.3130166,54.4472121],[-108.3132507,54.4473701],[-108.3132387,54.4476894],[-108.3134574,54.4478493],[-108.3143902,54.4481639],[-108.314647,54.4483845],[-108.3145146,54.4486813],[-108.3141867,54.4487499],[-108.3131666,54.4486799],[-108.3123735,54.4485724],[-108.3110079,54.4486106],[-108.3106092,54.4485291],[-108.3106501,54.4484212],[-108.311617,54.447993],[-108.3122661,54.4475294],[-108.312598,54.4472079],[-108.3127636,54.447178]],[[-108.3702752,54.4500279],[-108.3705338,54.4500332],[-108.3707079,54.4501144],[-108.3707391,54.45055],[-108.3706002,54.4510908],[-108.37083,54.4513241],[-108.3711651,54.4514507],[-108.3722051,54.4515738],[-108.3726149,54.4515977],[-108.3739141,54.4513333],[-108.3742243,54.451304],[-108.3745212,54.45137],[-108.3749078,54.451593],[-108.3753061,54.4520671],[-108.3757849,54.4521478],[-108.3762353,54.4521946],[-108.3766507,54.4521897],[-108.3767999,54.4521151],[-108.3771984,54.451626],[-108.3778605,54.4515063],[-108.3785944,54.4518451],[-108.3788626,54.452139],[-108.3791067,54.4523237],[-108.3793982,54.4524183],[-108.3796415,54.4524254],[-108.3803014,54.4523433],[-108.3807354,54.4523454],[-108.3809874,54.4524637],[-108.3810715,54.4526496],[-108.3810088,54.4528725],[-108.3807025,54.4532191],[-108.3790921,54.4542984],[-108.3788399,54.454442],[-108.3777465,54.4548305],[-108.3764813,54.4551],[-108.3750422,54.4550265],[-108.3742858,54.4550645],[-108.3736962,54.4549882],[-108.3729204,54.4548416],[-108.3722412,54.4546081],[-108.3713225,54.4539837],[-108.3710183,54.4535914],[-108.3700497,54.451954],[-108.369922,54.4516052],[-108.3696718,54.4504396],[-108.3699253,54.4502117],[-108.3702752,54.4500279]]]]},"properties":{"name":"Waterhen Lake","name:cr":"\u14ef\u1426\u146d\u1426\u144a \u14f5\u1472\u1426\u1403\u1472\u1423","name:crk":"sihkihp s\u00e2kahikan","natural":"water","type":"multipolygon","water":"lake","osmId":3531643,"osmType":"relation","sourceUrl":"https://www.openstreetmap.org/relation/3531643"}},{"type":"Feature","id":"relation/6663795","geometry":{"type":"MultiPolygon","coordinates":[[[[-109.0015551,54.2986372],[-109.0000354,54.2989896],[-108.998758,54.29938],[-108.9971163,54.3004472],[-108.9969485,54.3004691],[-108.9965721,54.300406],[-108.9953335,54.2999311],[-108.9947222,54.2995052],[-108.9938397,54.2990399],[-108.9925402,54.298573],[-108.991254,54.2979731],[-108.9900918,54.2974882],[-108.9892704,54.2970149],[-108.9877434,54.2962873],[-108.985599,54.2953688],[-108.9851835,54.2952451],[-108.9843697,54.2951267],[-108.9833275,54.2952068],[-108.9829342,54.2951832],[-108.9826071,54.2952072],[-108.9817312,54.2953873],[-108.9810973,54.2954046],[-108.9804938,54.2953336],[-108.9785633,54.2953517],[-108.9773699,54.2952454],[-108.9764055,54.2952777],[-108.9736654,54.2956076],[-108.9707582,54.2954159],[-108.9703089,54.2952873],[-108.9699204,54.2950664],[-108.969226,54.2943797],[-108.9686722,54.2935998],[-108.9686886,54.293223],[-108.9688373,54.2927988],[-108.9695075,54.2922055],[-108.9701286,54.2918362],[-108.9720447,54.2914454],[-108.9726494,54.291226],[-108.9734517,54.2906435],[-108.9736341,54.2902825],[-108.9734165,54.2898801],[-108.9729941,54.2896544],[-108.9724175,54.2894019],[-108.9717528,54.2891703],[-108.9706876,54.2886444],[-108.9697853,54.2881254],[-108.9687051,54.2876858],[-108.9667244,54.2867738],[-108.9658071,54.2864253],[-108.9633714,54.2859566],[-108.9626952,54.2859044],[-108.961721,54.2859941],[-108.960603,54.2862524],[-108.9587826,54.2871456],[-108.958603,54.2871784],[-108.9580809,54.2870686],[-108.9576262,54.2866316],[-108.9573624,54.2857295],[-108.9570004,54.2849058],[-108.9567977,54.28408],[-108.957071,54.2832015],[-108.9577866,54.2822069],[-108.9581742,54.281838],[-108.9590139,54.2813538],[-108.9595792,54.2809054],[-108.9596636,54.2807071],[-108.9596785,54.2804523],[-108.9593933,54.28004],[-108.9588542,54.2798013],[-108.9576174,54.2797473],[-108.9573159,54.279796],[-108.9567773,54.2799787],[-108.9560036,54.2804262],[-108.9556465,54.2807069],[-108.9552862,54.2811472],[-108.9542556,54.2821807],[-108.9541031,54.2823432],[-108.9531588,54.2833092],[-108.9529014,54.2833896],[-108.9523863,54.2833819],[-108.9513101,54.2832039],[-108.9495321,54.2826117],[-108.9490489,54.2823938],[-108.948069,54.281838],[-108.9471502,54.2813584],[-108.9457671,54.2808364],[-108.9445538,54.280592],[-108.9424682,54.2806204],[-108.9418244,54.280695],[-108.9414535,54.2807714],[-108.940874,54.2806784],[-108.9402942,54.2803326],[-108.9399774,54.2801563],[-108.9397075,54.2797161],[-108.9390105,54.278936],[-108.9384123,54.2786675],[-108.937716,54.2786459],[-108.9355018,54.2788408],[-108.9350257,54.2788092],[-108.9339854,54.2785983],[-108.9330178,54.2783685],[-108.9319519,54.2778799],[-108.9299726,54.2769673],[-108.929398,54.2764241],[-108.9276849,54.2755797],[-108.9263551,54.2756593],[-108.9252203,54.2760411],[-108.9242972,54.2765171],[-108.9238484,54.2768939],[-108.9237265,54.2770783],[-108.9232713,54.27828],[-108.9229479,54.2788184],[-108.9226328,54.2789156],[-108.9222432,54.2789007],[-108.9220975,54.2788542],[-108.9217636,54.2786073],[-108.9206571,54.2779274],[-108.9197488,54.2772216],[-108.9193269,54.2767428],[-108.9190081,54.2757356],[-108.9192195,54.2744814],[-108.9196157,54.2738399],[-108.9196224,54.2734364],[-108.9195596,54.2733135],[-108.9193191,54.2731857],[-108.9184789,54.2733325],[-108.918091,54.2733642],[-108.9170119,54.2731769],[-108.9165936,54.2732127],[-108.9157737,54.273413],[-108.9146727,54.2737997],[-108.9138326,54.2744521],[-108.9134498,54.2748764],[-108.9127655,54.275265],[-108.9124521,54.2754088],[-108.9119084,54.2755357],[-108.9107327,54.2754733],[-108.9099907,54.2752889],[-108.9085271,54.2746366],[-108.9073108,54.27413],[-108.9069907,54.2738345],[-108.906845,54.2735351],[-108.9070839,54.272858],[-108.9072956,54.2725309],[-108.9075887,54.2723336],[-108.9084526,54.2719122],[-108.9095044,54.2716069],[-108.9101142,54.2711905],[-108.9100837,54.2710259],[-108.909833,54.2709555],[-108.905973,54.2708],[-108.9047296,54.2707859],[-108.9036049,54.2708573],[-108.9027444,54.2709504],[-108.901811,54.2713152],[-108.9011639,54.2717177],[-108.899983,54.2730322],[-108.8997746,54.2731997],[-108.8995374,54.2732492],[-108.8980401,54.2730131],[-108.8971102,54.2727969],[-108.8968273,54.2725996],[-108.8964159,54.271979],[-108.8964261,54.2718372],[-108.8973581,54.2707517],[-108.8977309,54.2703007],[-108.8977072,54.2700697],[-108.8974735,54.2699596],[-108.8956629,54.2697829],[-108.8946297,54.2698423],[-108.8941012,54.2700514],[-108.892661,54.2710624],[-108.8922747,54.2713935],[-108.8912309,54.2721002],[-108.8910395,54.2721438],[-108.8904619,54.2721813],[-108.8898132,54.2721158],[-108.8876808,54.2717655],[-108.8851418,54.271524],[-108.8819849,54.2709602],[-108.8815396,54.2707559],[-108.8811213,54.2706229],[-108.8808267,54.2704364],[-108.8801497,54.2699418],[-108.8796675,54.2693022],[-108.8791852,54.2687469],[-108.8789111,54.2683612],[-108.8787234,54.2680766],[-108.8785169,54.2678693],[-108.8783865,54.2678207],[-108.8772365,54.267867],[-108.8750989,54.2680507],[-108.8736285,54.268307],[-108.8720123,54.2687695],[-108.8717072,54.2689776],[-108.8713528,54.2694355],[-108.8712643,54.2697933],[-108.8713043,54.2704903],[-108.8711361,54.2709334],[-108.8709122,54.2712714],[-108.8706987,54.2713833],[-108.8701344,54.271625],[-108.8697157,54.2717189],[-108.8691247,54.2716364],[-108.8687201,54.271565],[-108.8683933,54.2714202],[-108.8682699,54.2712208],[-108.8678056,54.2697832],[-108.8679418,54.2692132],[-108.8684526,54.2683231],[-108.8683935,54.2681248],[-108.8681836,54.2679929],[-108.8679498,54.267941],[-108.8656091,54.2679263],[-108.8641643,54.2680387],[-108.8632154,54.2684051],[-108.8623017,54.2689916],[-108.8619184,54.2694158],[-108.8617026,54.2699867],[-108.8620906,54.2712658],[-108.8620409,54.2716841],[-108.8619627,54.2719002],[-108.8610815,54.2721923],[-108.8601922,54.2722514],[-108.8593114,54.2722063],[-108.8590354,54.2721111],[-108.8587003,54.2719017],[-108.8584874,54.271508],[-108.8589846,54.2708351],[-108.8592831,54.2706092],[-108.859475,54.2702286],[-108.859543,54.2699857],[-108.8595016,54.2693265],[-108.8593919,54.2689943],[-108.8594012,54.2683846],[-108.8594376,54.267762],[-108.8591125,54.2676637],[-108.8578946,54.2677841],[-108.8565595,54.2681444],[-108.8558254,54.2686139],[-108.8554657,54.2691005],[-108.85546,54.2695506],[-108.8557522,54.2701119],[-108.856234,54.2707515],[-108.8564826,54.2710282],[-108.8564939,54.2714387],[-108.8561833,54.271844],[-108.8556103,54.2721897],[-108.8547579,54.2724312],[-108.8534892,54.2724177],[-108.8518371,54.2716136],[-108.8504575,54.2711253],[-108.8497279,54.2708454],[-108.8493637,54.2708551],[-108.8491756,54.2709075],[-108.8488279,54.2712146],[-108.84877,54.2714],[-108.8489269,54.2717729],[-108.848906,54.2721406],[-108.8487479,54.2725262],[-108.8483834,54.2727045],[-108.8480444,54.2728232],[-108.847304,54.2729378],[-108.846994,54.2729218],[-108.8462608,54.2728014],[-108.844572,54.2727766],[-108.8435842,54.2729138],[-108.8424791,54.2732909],[-108.8415878,54.2734718],[-108.840917,54.2734743],[-108.8401277,54.2734173],[-108.8383565,54.2730474],[-108.8380182,54.2728291],[-108.8373493,54.2727097],[-108.8366175,54.2727201],[-108.836243,54.2727873],[-108.8360955,54.2728625],[-108.8357847,54.2732678],[-108.8355354,54.2734123],[-108.8350744,54.2735469],[-108.8326056,54.273913],[-108.8316011,54.2739212],[-108.8298514,54.2738198],[-108.8281566,54.2734398],[-108.8266087,54.2725167],[-108.8259677,54.2720473],[-108.8252327,54.2712437],[-108.824935,54.2710482],[-108.8246659,54.2709706],[-108.824029,54.2709781],[-108.8235054,54.2710738],[-108.8219765,54.2715148],[-108.8211919,54.2716817],[-108.8201753,54.271785],[-108.8188195,54.2713704],[-108.8180769,54.2709703],[-108.8176335,54.2708123],[-108.8174577,54.2706852],[-108.8173571,54.2702489],[-108.8174613,54.2698892],[-108.8174992,54.2696762],[-108.817708,54.2695089],[-108.8179351,54.2694327],[-108.8189278,54.2693513],[-108.8191732,54.2694506],[-108.8194793,54.2696263],[-108.8199722,54.2696188],[-108.8210448,54.2694521],[-108.8228158,54.2690173],[-108.8238566,54.2686395],[-108.8241667,54.2685713],[-108.82456,54.2684269],[-108.8248772,54.268208],[-108.8249894,54.2679969],[-108.8252051,54.2677631],[-108.8252242,54.2675173],[-108.8251264,54.2673427],[-108.8249014,54.2672127],[-108.8245052,54.2671797],[-108.823848,54.2672178],[-108.8226909,54.2673299],[-108.8216678,54.2674154],[-108.8187315,54.2678977],[-108.8156757,54.2687418],[-108.8142127,54.2692303],[-108.8131485,54.2694613],[-108.810531,54.2703235],[-108.8096627,54.2707351],[-108.8086531,54.2714083],[-108.8080597,54.271616],[-108.8071897,54.271981],[-108.8067475,54.2720121],[-108.8059717,54.2719906],[-108.8052873,54.2720415],[-108.8044467,54.2721874],[-108.803742,54.2721847],[-108.8018457,54.2719053],[-108.801468,54.2718791],[-108.8007556,54.2716695],[-108.7989932,54.2713633],[-108.7983289,54.2714678],[-108.7979459,54.2715546],[-108.7967806,54.2720699],[-108.7959261,54.2723486],[-108.7956611,54.2725533],[-108.7947497,54.2731482],[-108.7944692,54.2734652],[-108.7944617,54.2737001],[-108.7946349,54.2741177],[-108.7951878,54.2744395],[-108.795306,54.2745833],[-108.7953458,54.274859],[-108.7952773,54.2751018],[-108.7949542,54.2755179],[-108.7947029,54.2757],[-108.7942823,54.2758572],[-108.7937689,54.2758953],[-108.7925828,54.2754212],[-108.7921664,54.2753345],[-108.79164,54.2751684],[-108.7903041,54.2749756],[-108.7895477,54.2747081],[-108.7882698,54.273862],[-108.7873422,54.2731392],[-108.7870664,54.2730437],[-108.7867671,54.2728858],[-108.786461,54.2727359],[-108.785995,54.2728147],[-108.7846415,54.27283],[-108.7829839,54.2730738],[-108.782182,54.27328],[-108.7814932,54.2735747],[-108.7807557,54.273782],[-108.7801227,54.2740975],[-108.7790356,54.2744809],[-108.7785069,54.2745209],[-108.7770661,54.274304],[-108.7766789,54.2740825],[-108.7756408,54.2725971],[-108.7753177,54.2724609],[-108.7748434,54.2724752],[-108.7744636,54.2725709],[-108.774114,54.2727469],[-108.7739911,54.2730154],[-108.7744392,54.2736971],[-108.7745426,54.2741423],[-108.7743947,54.2747697],[-108.7741799,54.2751343],[-108.7735012,54.2754556],[-108.7728755,54.2756204],[-108.772484,54.2756427],[-108.7722556,54.2755879],[-108.7717248,54.2752819],[-108.770999,54.2750103],[-108.7707089,54.2746899],[-108.7706339,54.2743627],[-108.7710034,54.2733886],[-108.7715815,54.2723315],[-108.7715193,54.2722085],[-108.7709498,54.271842],[-108.7702156,54.2715902],[-108.7692899,54.2713818],[-108.768017,54.2711433],[-108.7676867,54.2711317],[-108.7657229,54.2708416],[-108.7647741,54.2704865],[-108.7635312,54.2699705],[-108.7631256,54.2697159],[-108.7626441,54.2694129],[-108.7615986,54.2690982],[-108.7604304,54.2689678],[-108.7596359,54.2690232],[-108.7589019,54.269155],[-108.7582803,54.2691601],[-108.7576873,54.2691989],[-108.7567052,54.2691381],[-108.7564585,54.268992],[-108.7559673,54.2685779],[-108.7557901,54.2680205],[-108.7557878,54.2677588],[-108.7557342,54.2676159],[-108.7558978,54.2673703],[-108.7562016,54.2672002],[-108.7570401,54.2671766],[-108.7591063,54.2676127],[-108.7593603,54.2676341],[-108.7599935,54.2677024],[-108.7607862,54.2676846],[-108.7611562,54.2674779],[-108.7613589,54.2672086],[-108.7612345,54.2669625],[-108.7605702,54.2662151],[-108.759868,54.2656223],[-108.758764,54.2647256],[-108.7586382,54.2644329],[-108.7584287,54.2643008],[-108.7571969,54.263617],[-108.7542358,54.2622011],[-108.7540245,54.2621067],[-108.7527736,54.2615844],[-108.7518012,54.2612509],[-108.7506805,54.2607774],[-108.75,54.2605155],[-108.7499333,54.2604898],[-108.7486107,54.2597334],[-108.7461214,54.2585936],[-108.7455103,54.2581575],[-108.7452998,54.2578945],[-108.7453099,54.2575376],[-108.7459342,54.2564748],[-108.7460049,54.2561944],[-108.7459505,54.2554528],[-108.7457795,54.2550817],[-108.7450859,54.253786],[-108.7428507,54.2519585],[-108.741481,54.250862],[-108.740183,54.2500627],[-108.739118,54.2494795],[-108.7376705,54.2485819],[-108.7360544,54.2481065],[-108.7335384,54.247841],[-108.7324909,54.247835],[-108.7316137,54.2480601],[-108.7301772,54.2485552],[-108.7291867,54.2491839],[-108.7287598,54.249555],[-108.7285222,54.2496623],[-108.7283147,54.2497303],[-108.7277438,54.2497395],[-108.7271355,54.24931],[-108.7268314,54.2490358],[-108.7262276,54.2484367],[-108.725799,54.2481455],[-108.7248246,54.2473349],[-108.7225981,54.2457401],[-108.7219197,54.2450467],[-108.7203345,54.2438841],[-108.7189903,54.24328],[-108.7181194,54.2431298],[-108.716201,54.2432543],[-108.7153718,54.2435572],[-108.713932,54.2444061],[-108.7135862,54.2445066],[-108.7126361,54.2452554],[-108.7107644,54.2455047],[-108.7100399,54.2458316],[-108.7089791,54.2466693],[-108.7084613,54.2469508],[-108.7081379,54.246983],[-108.7077357,54.2468474],[-108.7075299,54.2467241],[-108.7069994,54.2459033],[-108.7064762,54.2456148],[-108.7059388,54.2454592],[-108.7058183,54.2455214],[-108.7057783,54.2457136],[-108.7055292,54.2457736],[-108.704066,54.2452782],[-108.702955,54.2447844],[-108.7016472,54.2443626],[-108.7000941,54.2439254],[-108.6997888,54.2437494],[-108.6990418,54.2435457],[-108.6970491,54.243642],[-108.6962873,54.2439547],[-108.6959476,54.2441573],[-108.6954755,54.2450317],[-108.695423,54.2456185],[-108.6957269,54.2463467],[-108.6956344,54.2471257],[-108.6954086,54.2475476],[-108.6952042,54.2477702],[-108.6948335,54.2480609],[-108.693787,54.2486192],[-108.6931452,54.2486546],[-108.691783,54.2485577],[-108.6896405,54.2480754],[-108.6894184,54.2481225],[-108.6891954,54.2483382],[-108.6892387,54.2484543],[-108.6892382,54.2490192],[-108.6903498,54.2494993],[-108.6915656,54.2497957],[-108.6920241,54.2501046],[-108.6920807,54.2501504],[-108.692206,54.2502827],[-108.691883,54.2510108],[-108.6913715,54.2512477],[-108.6903216,54.2514011],[-108.6896346,54.2513581],[-108.6887959,54.2511721],[-108.6871023,54.2505073],[-108.6864283,54.2501254],[-108.6849855,54.2495934],[-108.6845134,54.2492988],[-108.6839126,54.2492361],[-108.6835693,54.2493364],[-108.6831937,54.2496623],[-108.6828609,54.2498496],[-108.6820666,54.2504676],[-108.6796591,54.2522204],[-108.6795776,54.2522589],[-108.6772133,54.2537587],[-108.6749199,54.2552775],[-108.6723417,54.2568046],[-108.6714997,54.2574174],[-108.6708462,54.2581932],[-108.6707459,54.2585241],[-108.6708885,54.2589923],[-108.6721313,54.260611],[-108.6722445,54.2609146],[-108.6721708,54.2613169],[-108.671928,54.2616941],[-108.6716518,54.261982],[-108.671093,54.2622405],[-108.6701268,54.262392],[-108.6684977,54.2623944],[-108.6683022,54.2625129],[-108.6682168,54.2626268],[-108.6691332,54.2628558],[-108.6695295,54.2631045],[-108.6696114,54.2632812],[-108.669584,54.2635934],[-108.6694279,54.2639033],[-108.6691569,54.2641625],[-108.6682958,54.2645532],[-108.6679563,54.2646714],[-108.6669165,54.2649258],[-108.6662839,54.2650721],[-108.6658062,54.265077],[-108.6654254,54.2650415],[-108.6645462,54.2648264],[-108.6632598,54.2647194],[-108.6628665,54.264779],[-108.662679,54.2649619],[-108.6628371,54.2651288],[-108.663153,54.2652475],[-108.6644741,54.2654904],[-108.6652782,54.2655468],[-108.6667088,54.2653546],[-108.6669429,54.2652967],[-108.66941,54.2648411],[-108.6697522,54.2648161],[-108.6700144,54.2648762],[-108.6703702,54.265102],[-108.6705725,54.2655159],[-108.6705961,54.2657935],[-108.6704714,54.2662304],[-108.670155,54.2667105],[-108.6702713,54.266808],[-108.6713238,54.2661589],[-108.6727302,54.2657734],[-108.6729724,54.2657798],[-108.6736606,54.2659538],[-108.6741685,54.2662444],[-108.6744271,54.2665949],[-108.6744618,54.2667308],[-108.6746458,54.2668383],[-108.6747781,54.2670646],[-108.6746338,54.2676631],[-108.6736563,54.2687703],[-108.6733959,54.268972],[-108.6723988,54.2694269],[-108.6718881,54.2695576],[-108.670978,54.2696459],[-108.6693186,54.2695679],[-108.6689264,54.2694589],[-108.6690132,54.2693917],[-108.6707355,54.2694242],[-108.6712271,54.2693708],[-108.673038,54.2687839],[-108.673504,54.2684904],[-108.6736748,54.2682628],[-108.6739382,54.267041],[-108.6738899,54.2666542],[-108.6737017,54.266407],[-108.6732995,54.2662713],[-108.6717244,54.2665474],[-108.6709639,54.2668224],[-108.6707392,54.2669914],[-108.6695883,54.2684482],[-108.6690078,54.2689059],[-108.6688639,54.2689056],[-108.6688788,54.2686885],[-108.6690707,54.2683459],[-108.6696947,54.2677049],[-108.6699748,54.2673417],[-108.6699307,54.2670947],[-108.6696686,54.2670346],[-108.6689009,54.2678905],[-108.6682827,54.2684185],[-108.6677829,54.2687069],[-108.6662817,54.2693103],[-108.6642351,54.2699085],[-108.6635735,54.2703204],[-108.663311,54.2705597],[-108.6632381,54.2710929],[-108.6635385,54.271513],[-108.6639072,54.2718588],[-108.6659177,54.2729211],[-108.6662182,54.2733412],[-108.6661974,54.2736713],[-108.6660637,54.2739129],[-108.6657302,54.2741332],[-108.6654531,54.2742902],[-108.664868,54.274393],[-108.663822,54.2742459],[-108.6631762,54.2740571],[-108.6622149,54.2736653],[-108.6614781,54.2734039],[-108.6605618,54.2728753],[-108.6597626,54.2725751],[-108.6586396,54.2723068],[-108.6567943,54.2721588],[-108.6562076,54.2719998],[-108.6552409,54.2714216],[-108.6547659,54.2707899],[-108.6549573,54.2705316],[-108.6557739,54.2697632],[-108.6560966,54.2693853],[-108.6560572,54.2691938],[-108.6558151,54.2691873],[-108.6550835,54.2694116],[-108.6529136,54.2709234],[-108.6522749,54.2711826],[-108.6505907,54.2715098],[-108.6503299,54.2714963],[-108.6498766,54.271395],[-108.6490809,54.2711037],[-108.6493516,54.2704143],[-108.6502066,54.2694914],[-108.6503662,54.2691904],[-108.6503688,54.2690684],[-108.6502201,54.2690126],[-108.6498281,54.2691187],[-108.6485412,54.2700406],[-108.6477112,54.2707732],[-108.646941,54.2716666],[-108.6462799,54.2722093],[-108.6459708,54.2723235],[-108.6446924,54.2724959],[-108.6438319,54.2725027],[-108.6431417,54.2723662],[-108.6429275,54.2724777],[-108.6428511,54.2732171],[-108.6429686,54.2733612],[-108.6442033,54.2741018],[-108.6443926,54.2743957],[-108.6445808,54.2748582],[-108.6445846,54.2755125],[-108.6443844,54.2757906],[-108.6434989,54.2762028],[-108.6428879,54.2763649],[-108.6415807,54.2765035],[-108.6396811,54.2768111],[-108.6393593,54.2768054],[-108.6391357,54.2768058],[-108.6385742,54.2766715],[-108.6377949,54.2762096],[-108.6372141,54.2759375],[-108.6368742,54.2756253],[-108.6365031,54.2754013],[-108.6359656,54.2752453],[-108.6354673,54.2752808],[-108.633893,54.2760332],[-108.6320228,54.2767205],[-108.6307191,54.2772981],[-108.6288261,54.2780537],[-108.6267302,54.2792092],[-108.6247078,54.2804769],[-108.6242434,54.2813779],[-108.6242161,54.2836264],[-108.6242088,54.2839079],[-108.6239256,54.2846081],[-108.623617,54.2848532],[-108.6232381,54.284995],[-108.622293,54.285162],[-108.6216007,54.285063],[-108.6205865,54.2847431],[-108.6191833,54.2841078],[-108.618659,54.2839875],[-108.618205,54.2839704],[-108.6177178,54.2840791],[-108.6171139,54.2843898],[-108.6156955,54.2852624],[-108.6146315,54.2863144],[-108.6129914,54.2873649],[-108.6124543,54.2882002],[-108.6122027,54.2889431],[-108.6119661,54.29119],[-108.6119369,54.2914557],[-108.611832,54.2916467],[-108.6115578,54.2918126],[-108.6107399,54.2919352],[-108.6100084,54.2918599],[-108.6088832,54.2914136],[-108.6079979,54.2904504],[-108.6077743,54.2900205],[-108.6079403,54.2893914],[-108.6081734,54.2890718],[-108.608741,54.2886629],[-108.6089694,54.2882878],[-108.6089356,54.2880676],[-108.6085168,54.287887],[-108.6079214,54.2879627],[-108.6075284,54.288153],[-108.6062179,54.2890585],[-108.6043609,54.2902579],[-108.6039173,54.2906136],[-108.6034372,54.2910861],[-108.6030733,54.2916562],[-108.6030844,54.2921599],[-108.6032721,54.2926224],[-108.604182,54.2934796],[-108.6053369,54.2942215],[-108.6061036,54.2947788],[-108.606608,54.2952759],[-108.6068057,54.2957653],[-108.6065972,54.2959789],[-108.606226,54.296185],[-108.6058675,54.2962961],[-108.60525,54.2963558],[-108.6041838,54.2963697],[-108.6030239,54.2962177],[-108.6026263,54.2961373],[-108.6013675,54.2960633],[-108.5997477,54.2957921],[-108.5992949,54.2956064],[-108.5972955,54.2951307],[-108.5963828,54.2948257],[-108.5951209,54.2945276],[-108.5932749,54.2939482],[-108.5920875,54.2934629],[-108.591294,54.2927031],[-108.5911222,54.2925846],[-108.5907387,54.2922405],[-108.5904095,54.2920858],[-108.5895673,54.2918841],[-108.5884029,54.2918916],[-108.5880311,54.2919668],[-108.5870804,54.2919471],[-108.5865865,54.2920379],[-108.586137,54.2920762],[-108.5854677,54.2922547],[-108.5853023,54.2923692],[-108.5847982,54.2926483],[-108.5841764,54.2932135],[-108.583939,54.2936084],[-108.5831449,54.2952618],[-108.5828939,54.2960512],[-108.5826805,54.2964243],[-108.5823723,54.296585],[-108.5816464,54.2968267],[-108.5809624,54.2969228],[-108.5799911,54.2969338],[-108.5794189,54.2968567],[-108.5784821,54.2967884],[-108.5779583,54.2967987],[-108.5774929,54.2967081],[-108.5755497,54.296599],[-108.5752033,54.296484],[-108.5750447,54.2964012],[-108.5749301,54.2961351],[-108.5750884,54.2958719],[-108.5757089,54.2954752],[-108.5759881,54.2951499],[-108.5759665,54.2949188],[-108.5758451,54.29485],[-108.5755842,54.2948363],[-108.5751054,54.2949251],[-108.5746989,54.2950795],[-108.5733583,54.29582],[-108.5724198,54.2961353],[-108.5719935,54.2962361],[-108.5709677,54.2962726],[-108.5700035,54.2964322],[-108.5687646,54.2964115],[-108.5682196,54.2963215],[-108.5679913,54.2962663],[-108.5673344,54.2960035],[-108.5665398,54.295412],[-108.5659934,54.2949295],[-108.566025,54.2946262],[-108.5662493,54.2941956],[-108.5661819,54.2939703],[-108.5659302,54.2935065],[-108.5655466,54.2933774],[-108.5634265,54.2931784],[-108.5606504,54.2926321],[-108.5603692,54.2924339],[-108.5598567,54.2919564],[-108.5587346,54.2912568],[-108.558571,54.2909876],[-108.5582845,54.2908181],[-108.5568409,54.2902434],[-108.5560199,54.2901416],[-108.554849,54.2901308],[-108.553735,54.2901877],[-108.5529224,54.2902812],[-108.5514732,54.2902963],[-108.5505252,54.2903695],[-108.5488049,54.2905591],[-108.5467985,54.2907101],[-108.5461179,54.2908149],[-108.5454975,54.2909963],[-108.5446848,54.2910897],[-108.5437603,54.2913563],[-108.5432142,54.2915656],[-108.5424225,54.2921053],[-108.5415908,54.2924069],[-108.5407801,54.2924626],[-108.5398076,54.2924266],[-108.5386135,54.2920071],[-108.5382899,54.2918236],[-108.5369508,54.290665],[-108.5367362,54.2904303],[-108.5364825,54.2898732],[-108.5364173,54.2896102],[-108.5365458,54.2891358],[-108.5367543,54.2887915],[-108.5373128,54.2883561],[-108.538234,54.2880807],[-108.5398791,54.2879475],[-108.5409192,54.2879936],[-108.5413967,54.2878584],[-108.5411368,54.2863763],[-108.5409061,54.2862278],[-108.5406156,54.2861337],[-108.5399813,54.2860175],[-108.5379034,54.2855415],[-108.5369526,54.2853905],[-108.5361999,54.2854296],[-108.5353682,54.2857311],[-108.5350896,54.285972],[-108.5348518,54.2863668],[-108.5347728,54.2869753],[-108.5350857,54.2883852],[-108.5349255,54.2888169],[-108.5340626,54.2896834],[-108.5333093,54.2899376],[-108.5297268,54.2907551],[-108.5295502,54.2907961],[-108.5285264,54.2911405],[-108.5281755,54.2913158],[-108.5275212,54.2914919],[-108.5266911,54.2916248],[-108.5255333,54.2916495],[-108.5245902,54.2915629],[-108.5236677,54.2914456],[-108.5230186,54.2911161],[-108.5223845,54.2906539],[-108.522135,54.2903674],[-108.5216628,54.2896509],[-108.5209698,54.2883358],[-108.5208637,54.2877881],[-108.5203654,54.2866541],[-108.5199015,54.2861329],[-108.5190591,54.2856689],[-108.5185427,54.2851356],[-108.5184466,54.2850917],[-108.5181028,54.2845927],[-108.5178024,54.2839948],[-108.5178657,54.2831265],[-108.5176034,54.2829352],[-108.5167282,54.2828587],[-108.5151167,54.2828658],[-108.5128759,54.2829429],[-108.5090622,54.2832185],[-108.5074292,54.2833403],[-108.5058324,54.2835605],[-108.5044571,54.2838181],[-108.5037208,54.2839016],[-108.5023536,54.2838777],[-108.5009598,54.2841283],[-108.5,54.284394],[-108.4987673,54.2844234],[-108.4957581,54.2850178],[-108.4954482,54.2850007],[-108.4946143,54.2848627],[-108.4926156,54.2849463],[-108.4912911,54.2850384],[-108.4908581,54.285121],[-108.4905223,54.2852942],[-108.4905359,54.2855917],[-108.4906858,54.2858252],[-108.4910744,54.2859259],[-108.4921064,54.2863849],[-108.4927112,54.2865518],[-108.493366,54.2866376],[-108.4942781,54.2865975],[-108.495116,54.2865293],[-108.4959616,54.2865255],[-108.4968207,54.2866884],[-108.4980108,54.2870994],[-108.4994091,54.2873813],[-108.5,54.287401],[-108.5033183,54.2866266],[-108.5041879,54.2866011],[-108.5057331,54.2866306],[-108.5063133,54.2870343],[-108.5064494,54.2879241],[-108.5056797,54.2887412],[-108.5050094,54.2891343],[-108.5030976,54.289151],[-108.5012271,54.2895832],[-108.5,54.289732],[-108.4984684,54.2901647],[-108.4976242,54.2903459],[-108.4970186,54.2903942],[-108.4959938,54.2903457],[-108.495346,54.2905396],[-108.4948114,54.2906069],[-108.4936726,54.2909],[-108.4926307,54.291022],[-108.4923141,54.290987],[-108.491467,54.2908133],[-108.4894475,54.2904505],[-108.4884801,54.2901236],[-108.4873695,54.2895809],[-108.4864328,54.2886424],[-108.4854072,54.2880703],[-108.4847773,54.2878785],[-108.4844434,54.2878831],[-108.4840105,54.2880966],[-108.4835104,54.2885616],[-108.4832469,54.2889313],[-108.4832508,54.2893329],[-108.4836893,54.2899602],[-108.4845962,54.2906875],[-108.4856664,54.2912073],[-108.4870533,54.2917619],[-108.4887431,54.292054],[-108.4895841,54.2924717],[-108.4897089,54.2926804],[-108.4897793,54.2930455],[-108.4896448,54.2935486],[-108.4894392,54.2939018],[-108.4887989,54.2947678],[-108.4884675,54.2949966],[-108.4877116,54.2952881],[-108.486458,54.2955301],[-108.485202,54.2956789],[-108.4845959,54.2954654],[-108.4843741,54.295297],[-108.4838289,54.2942062],[-108.4835141,54.2938718],[-108.4825471,54.2930679],[-108.4812813,54.2924512],[-108.4804684,54.2918056],[-108.4798404,54.2914452],[-108.4791206,54.2909655],[-108.4785653,54.2903248],[-108.4781599,54.2899176],[-108.4779372,54.2898335],[-108.4774461,54.2898018],[-108.4767477,54.2898149],[-108.476367,54.2899095],[-108.4760104,54.2901134],[-108.4755647,54.2905528],[-108.4754331,54.290934],[-108.4755248,54.2917919],[-108.4754737,54.2922309],[-108.4754288,54.2926174],[-108.4752187,54.2930459],[-108.4746679,54.2933303],[-108.4729442,54.2937715],[-108.4718454,54.2939565],[-108.4713698,54.2941846],[-108.4711234,54.2943839],[-108.4710897,54.2945096],[-108.4703651,54.2954516],[-108.4700187,54.2960748],[-108.4696514,54.2964669],[-108.4691955,54.2967487],[-108.4691071,54.2967691],[-108.4680281,54.2971385],[-108.4673885,54.2971816],[-108.4668078,54.2971237],[-108.4662772,54.2969847],[-108.4659833,54.2967505],[-108.465963,54.2960425],[-108.4662428,54.2954557],[-108.4664042,54.2952858],[-108.4681788,54.2942867],[-108.4697921,54.2935883],[-108.4709637,54.2931231],[-108.4714826,54.2926651],[-108.471658,54.2924467],[-108.4715835,54.2921569],[-108.4712282,54.2916687],[-108.4711308,54.2914472],[-108.4710962,54.2907877],[-108.4707847,54.2903314],[-108.4705281,54.2902421],[-108.4700753,54.290271],[-108.4696127,54.290404],[-108.4689486,54.2908147],[-108.4672041,54.2921561],[-108.466386,54.2925394],[-108.463967,54.2941337],[-108.4634218,54.294651],[-108.4632225,54.295022],[-108.4632557,54.295504],[-108.4634056,54.2958685],[-108.4635542,54.2960555],[-108.4649063,54.2969514],[-108.4650953,54.2971613],[-108.4650661,54.2973426],[-108.4648393,54.2975955],[-108.4647062,54.2976684],[-108.4641946,54.297929],[-108.4636805,54.2979656],[-108.4633879,54.2979089],[-108.4626388,54.2974795],[-108.4618388,54.2963459],[-108.4616823,54.2959635],[-108.4613992,54.295541],[-108.4602471,54.2947976],[-108.4597046,54.2946694],[-108.4589854,54.2947131],[-108.458705,54.2947764],[-108.457422,54.2953302],[-108.4571154,54.2954529],[-108.4567433,54.2955277],[-108.456501,54.2955207],[-108.4561996,54.2953529],[-108.4558468,54.2949578],[-108.4555398,54.294557],[-108.4554742,54.2943782],[-108.4556983,54.2935087],[-108.455998,54.2929755],[-108.4561911,54.2928484],[-108.4573859,54.2925768],[-108.4580622,54.2921552],[-108.4588564,54.2919245],[-108.4591346,54.291768],[-108.4591181,54.2915925],[-108.4590055,54.2913729],[-108.4584563,54.291096],[-108.4579084,54.2909966],[-108.457103,54.2908921],[-108.4565977,54.2909088],[-108.4557695,54.2910035],[-108.4556234,54.2911715],[-108.4555953,54.2915303],[-108.4554439,54.2918578],[-108.4544033,54.2925495],[-108.4541208,54.2927813],[-108.4532714,54.2937761],[-108.4530861,54.2940986],[-108.4530942,54.2948174],[-108.4531665,54.2951449],[-108.4528246,54.2963471],[-108.4525443,54.2966722],[-108.4503128,54.2974292],[-108.449395,54.2976286],[-108.4485602,54.2978362],[-108.4474066,54.2980465],[-108.4461602,54.2982216],[-108.4452838,54.2983597],[-108.4446049,54.2984262],[-108.4427517,54.2987336],[-108.4420324,54.2987771],[-108.4412989,54.2987382],[-108.4404988,54.2986049],[-108.4397838,54.2983113],[-108.4393536,54.29801],[-108.4380816,54.2964588],[-108.4375543,54.295936],[-108.4372922,54.2954828],[-108.4371269,54.2938114],[-108.4375732,54.293503],[-108.4380796,54.2934021],[-108.4386372,54.2933976],[-108.4392004,54.2934952],[-108.4406728,54.2940677],[-108.4409151,54.2940747],[-108.4411672,54.2939776],[-108.4411268,54.2938237],[-108.440951,54.2936495],[-108.4403364,54.2931937],[-108.4395592,54.2928612],[-108.4392482,54.2927974],[-108.4375566,54.2926731],[-108.437322,54.2927306],[-108.4369935,54.2929681],[-108.4368354,54.2932777],[-108.4366621,54.2941128],[-108.4365314,54.2951949],[-108.4359827,54.2964884],[-108.4355594,54.2969902],[-108.4348445,54.2972201],[-108.4329825,54.2974162],[-108.4325623,54.2974035],[-108.4321617,54.2973135],[-108.4317731,54.29682],[-108.4316115,54.2964663],[-108.4316552,54.2962365],[-108.4318559,54.2957813],[-108.4320622,54.2955591],[-108.4326111,54.2951818],[-108.4328479,54.2949558],[-108.4326316,54.2939733],[-108.4326839,54.293331],[-108.4328574,54.2927577],[-108.4334662,54.2919335],[-108.4338044,54.2917228],[-108.4347472,54.2914176],[-108.4360371,54.2911436],[-108.4363011,54.2909048],[-108.4362247,54.2906527],[-108.4360217,54.290622],[-108.4358078,54.2906489],[-108.4332074,54.2913583],[-108.4326837,54.2916297],[-108.4316481,54.2920307],[-108.4311319,54.2923665],[-108.4309464,54.292558],[-108.4304936,54.2936337],[-108.430341,54.295616],[-108.4302799,54.2958854],[-108.4303215,54.2968711],[-108.4305541,54.2978983],[-108.4308335,54.2981812],[-108.4316751,54.2986459],[-108.4319087,54.2988036],[-108.4322406,54.2992294],[-108.4321708,54.2996495],[-108.4320039,54.2999789],[-108.4317615,54.3001028],[-108.4315356,54.3001404],[-108.4310182,54.3001679],[-108.4304484,54.3000524],[-108.4295926,54.2996361],[-108.4291265,54.2994983],[-108.428608,54.2994791],[-108.4282708,54.2996055],[-108.428023,54.2997581],[-108.4279619,54.3000275],[-108.4280678,54.3002293],[-108.4283581,54.3004546],[-108.4297641,54.3008019],[-108.4301669,54.3009851],[-108.4302935,54.3011562],[-108.4302117,54.3022415],[-108.4304203,54.3025052],[-108.4306135,54.3026399],[-108.4309748,54.3027535],[-108.4334496,54.3031818],[-108.4338787,54.3033056],[-108.4342859,54.3034135],[-108.4348394,54.3037461],[-108.4349813,54.3039152],[-108.4361671,54.3047949],[-108.4362359,54.3049826],[-108.4360319,54.3054289],[-108.4358693,54.3055521],[-108.4354861,54.3058152],[-108.4348923,54.306114],[-108.4339851,54.3063867],[-108.4319709,54.3066485],[-108.4300222,54.3066965],[-108.4276466,54.3068446],[-108.4264795,54.3070189],[-108.4250635,54.3070374],[-108.4244117,54.3072219],[-108.4241475,54.3074607],[-108.4241191,54.3079504],[-108.4243178,54.3081872],[-108.4249008,54.3084694],[-108.4259631,54.3087944],[-108.42708,54.3092247],[-108.4280244,54.3094897],[-108.4282799,54.3096633],[-108.4284666,54.309911],[-108.4284208,54.3101785],[-108.4282548,54.3105546],[-108.4279546,54.310695],[-108.4276412,54.3106689],[-108.4249291,54.3102047],[-108.4241899,54.3101945],[-108.4234857,54.3101051],[-108.4232858,54.3102142],[-108.4233284,54.3103304],[-108.423502,54.3105424],[-108.4237902,54.3106746],[-108.425761,54.3106427],[-108.4263888,54.3107416],[-108.4268791,54.310727],[-108.4272569,54.3108853],[-108.4273955,54.3110455],[-108.4272536,54.3115308],[-108.4269173,54.3120964],[-108.4265712,54.3126353],[-108.4260034,54.3133982],[-108.4255251,54.3136638],[-108.4237648,54.3141834],[-108.4228388,54.3143181],[-108.4223092,54.3143564],[-108.4215853,54.3143442],[-108.4198796,54.3145765],[-108.4195443,54.3146653],[-108.4191905,54.3148778],[-108.4192035,54.3151754],[-108.4197854,54.3160654],[-108.4197744,54.3163846],[-108.4195974,54.3170799],[-108.4192806,54.3175683],[-108.4190338,54.3176365],[-108.4184582,54.3176806],[-108.4178849,54.317556],[-108.4175071,54.3172668],[-108.4161677,54.3155741],[-108.4160498,54.3155141],[-108.4156861,54.315569],[-108.4154742,54.3158199],[-108.4156138,54.3162885],[-108.416318,54.3170323],[-108.4168017,54.3173925],[-108.4173007,54.3176198],[-108.4177844,54.3179799],[-108.4181773,54.3186599],[-108.4190246,54.3197505],[-108.4193291,54.3205817],[-108.4192974,54.3209316],[-108.4186474,54.3216019],[-108.4182487,54.321736],[-108.417897,54.32178],[-108.4174656,54.3216938],[-108.4161879,54.3213489],[-108.4161224,54.321301],[-108.415691,54.3210839],[-108.4142967,54.3200712],[-108.4130999,54.3196413],[-108.4126215,54.3196451],[-108.4120339,54.3198308],[-108.4115118,54.3199335],[-108.4107758,54.3198013],[-108.410565,54.319837],[-108.4103934,54.31998],[-108.4104239,54.3202379],[-108.4107392,54.3210118],[-108.4107183,54.3213042],[-108.4104003,54.3217459],[-108.4103477,54.3221265],[-108.4100603,54.3224335],[-108.4101856,54.3230816],[-108.4103319,54.3233063],[-108.410713,54.3236045],[-108.410975,54.323927],[-108.4113407,54.3242271],[-108.4116038,54.3245962],[-108.4115261,54.3250827],[-108.4111783,54.3260984],[-108.4108733,54.3267068],[-108.4105203,54.3270969],[-108.409761,54.3274256],[-108.4091645,54.3275002],[-108.4077609,54.3272924],[-108.4072247,54.327051],[-108.4067772,54.3265274],[-108.4063175,54.3261455],[-108.4048641,54.3253644],[-108.4043541,54.3251944],[-108.4034803,54.3252102],[-108.4031754,54.325426],[-108.4032308,54.3259706],[-108.4029856,54.3266556],[-108.4028184,54.3268541],[-108.4026031,54.3269652],[-108.4017543,54.3271367],[-108.4010486,54.3271314],[-108.4003868,54.3268963],[-108.3998606,54.3265508],[-108.3996019,54.3262372],[-108.3994087,54.3261025],[-108.3994591,54.3258905],[-108.3996221,54.3255056],[-108.3995425,54.3253753],[-108.3992532,54.3251965],[-108.3989964,54.3252379],[-108.3985879,54.3253451],[-108.3980196,54.3257152],[-108.3970549,54.3259199],[-108.3964541,54.3259389],[-108.3952251,54.3261205],[-108.3947838,54.3261382],[-108.3942487,54.3260742],[-108.3921911,54.3256956],[-108.3908982,54.3253524],[-108.3894505,54.3246732],[-108.3887224,54.3242126],[-108.3876846,54.323342],[-108.3871628,54.323052],[-108.3865272,54.3230192],[-108.3861382,54.3231799],[-108.3859633,54.3233139],[-108.3859355,54.3237193],[-108.3861119,54.3242021],[-108.3860866,54.3244389],[-108.385871,54.3248117],[-108.3856143,54.3258159],[-108.3855444,54.3268062],[-108.3854245,54.3274848],[-108.3852896,54.3280345],[-108.3850762,54.3283696],[-108.3843952,54.3287818],[-108.383992,54.3288601],[-108.3834142,54.3288107],[-108.3830527,54.328697],[-108.3827122,54.3284216],[-108.3824876,54.3281132],[-108.3825351,54.3276305],[-108.3829806,54.3268364],[-108.3830553,54.3264719],[-108.3830243,54.3259056],[-108.3828674,54.3256074],[-108.382443,54.3251462],[-108.381569,54.3244608],[-108.3812101,54.3240476],[-108.3810501,54.3236095],[-108.3809466,54.32337],[-108.3810279,54.3230234],[-108.3816296,54.3222192],[-108.3817557,54.3218202],[-108.3821975,54.321279],[-108.3821827,54.3208882],[-108.3821044,54.3206737],[-108.3818533,54.3205555],[-108.38089,54.3205448],[-108.3806148,54.3205792],[-108.3788153,54.3211684],[-108.3782767,54.3212262],[-108.3773748,54.3210771],[-108.3763475,54.3208033],[-108.3758935,54.3205235],[-108.3757128,54.3201161],[-108.3757023,54.3197809],[-108.3756501,54.3196378],[-108.3754307,54.3195624],[-108.3751664,54.3195393],[-108.3749523,54.319566],[-108.3737713,54.3206667],[-108.3730652,54.3210539],[-108.3727363,54.3211604],[-108.3721411,54.3211505],[-108.3715318,54.3210583],[-108.3712045,54.3208187],[-108.3710748,54.3206386],[-108.3710737,54.319891],[-108.3713329,54.319681],[-108.3715616,54.3193441],[-108.3715455,54.3191685],[-108.3713131,54.3190573],[-108.3700921,54.3190413],[-108.3694327,54.3188992],[-108.368903,54.3182362],[-108.3689623,54.3180045],[-108.3692043,54.3175724],[-108.3696188,54.3171749],[-108.3700244,54.316928],[-108.3714089,54.3162973],[-108.3716287,54.316111],[-108.3715897,54.3158728],[-108.3711259,54.315697],[-108.3695884,54.3156458],[-108.3688592,54.3155311],[-108.3685154,54.3153777],[-108.3682624,54.3151662],[-108.3680053,54.3147683],[-108.3680035,54.3145443],[-108.3681238,54.3144358],[-108.3683216,54.3143644],[-108.3693242,54.3142206],[-108.3715666,54.3145391],[-108.3720822,54.3144187],[-108.3723468,54.31418],[-108.372319,54.3137536],[-108.3722156,54.3135141],[-108.3719539,54.3133224],[-108.3709309,54.3132351],[-108.3702181,54.3130342],[-108.3692135,54.3123838],[-108.367783,54.311749],[-108.366426,54.3109649],[-108.3656583,54.3103503],[-108.3646558,54.309793],[-108.3639078,54.3092321],[-108.3631581,54.3090171],[-108.3624408,54.3090224],[-108.3618891,54.3091753],[-108.3614846,54.3094688],[-108.3609945,54.3100533],[-108.3606434,54.3104055],[-108.3603286,54.3105943],[-108.3597376,54.3107708],[-108.3589327,54.310843],[-108.3586683,54.3109508],[-108.3586603,54.311148],[-108.3588944,54.3114834],[-108.3587995,54.312056],[-108.3586453,54.3121593],[-108.3581375,54.3122133],[-108.3578861,54.3123568],[-108.3577179,54.3123777],[-108.3570248,54.3122304],[-108.356055,54.3123326],[-108.3558485,54.3124238],[-108.3557314,54.3125412],[-108.3556404,54.3127301],[-108.3553712,54.313044],[-108.3551394,54.3132411],[-108.3548466,54.313315],[-108.354627,54.3133704],[-108.3543082,54.3133727],[-108.3540156,54.3133157],[-108.3535226,54.3130594],[-108.353284,54.3127994],[-108.3532822,54.3125753],[-108.3535647,54.3121662],[-108.3536417,54.3118949],[-108.3541726,54.3112026],[-108.3541461,54.3108227],[-108.3537824,54.3103072],[-108.3535217,54.3101621],[-108.352653,54.3099713],[-108.3518713,54.3099752],[-108.3504057,54.3101204],[-108.3496568,54.3100829],[-108.349444,54.3100252],[-108.3488926,54.3100472],[-108.3455506,54.3104821],[-108.3451759,54.3105942],[-108.3447966,54.3107816],[-108.3444625,54.3107858],[-108.3443499,54.3108278],[-108.3432974,54.3107907],[-108.3430947,54.310629],[-108.3429447,54.3103486],[-108.3428899,54.3099348],[-108.3429792,54.3090826],[-108.3427832,54.3083687],[-108.3426568,54.3077582],[-108.3424905,54.3074331],[-108.3422921,54.307327],[-108.3419056,54.307319],[-108.3415035,54.3074439],[-108.3409886,54.3077416],[-108.3402896,54.3078847],[-108.3398781,54.3078518],[-108.3395826,54.3076549],[-108.3392794,54.3070852],[-108.3393291,54.3063874],[-108.3392074,54.3061409],[-108.3389195,54.3060085],[-108.3377103,54.3058039],[-108.3373951,54.3056842],[-108.3370724,54.3055001],[-108.3370145,54.3050774],[-108.3369953,54.3044537],[-108.3368404,54.3039402],[-108.3364426,54.3036813],[-108.3351672,54.3033821],[-108.3343868,54.3033017],[-108.3334819,54.3032741],[-108.3311367,54.3034163],[-108.3303115,54.3033881],[-108.3288417,54.3031691],[-108.3275939,54.3031654],[-108.3272153,54.303091],[-108.3256281,54.302681],[-108.3252925,54.302461],[-108.3234319,54.3006832],[-108.3231964,54.3005629],[-108.3229008,54.3004969],[-108.3224558,54.3007672],[-108.3225065,54.3009945],[-108.3226053,54.3011785],[-108.3230833,54.3016143],[-108.3231343,54.3017108],[-108.3231026,54.3021072],[-108.3227682,54.3022422],[-108.3222582,54.3023337],[-108.3218129,54.3022956],[-108.321412,54.3020277],[-108.3208778,54.3013932],[-108.3207348,54.3009998],[-108.3209232,54.3000232],[-108.3212671,54.2996067],[-108.3212396,54.299311],[-108.3210897,54.2990306],[-108.3208241,54.2987833],[-108.3204186,54.2985907],[-108.3202092,54.298542],[-108.3183821,54.2985262],[-108.317444,54.2986708],[-108.3166547,54.2987408],[-108.31594,54.2990166],[-108.3150117,54.299188],[-108.314308,54.2991909],[-108.3137781,54.2990954],[-108.3132951,54.2986324],[-108.3133121,54.2984154],[-108.3138813,54.2978926],[-108.3151257,54.297641],[-108.3163869,54.2974814],[-108.3173544,54.2971078],[-108.3173779,54.2968093],[-108.3174525,54.2965391],[-108.3175263,54.2959506],[-108.3174737,54.29563],[-108.3173069,54.2955667],[-108.3169641,54.2955906],[-108.3164779,54.2957912],[-108.3150863,54.2969676],[-108.313817,54.2975703],[-108.313284,54.2978239],[-108.312805,54.2983762],[-108.3129001,54.2993284],[-108.3130113,54.30029],[-108.3126395,54.3006526],[-108.3123329,54.3008717],[-108.3119091,54.3009783],[-108.3116218,54.3010234],[-108.310862,54.300852],[-108.3104676,54.300427],[-108.3100369,54.2994651],[-108.3094465,54.2985472],[-108.3093273,54.298263],[-108.309361,54.2979598],[-108.3095082,54.2976612],[-108.309787,54.297505],[-108.3107897,54.297228],[-108.3117564,54.2973505],[-108.3122457,54.2973798],[-108.3125892,54.2971143],[-108.3122449,54.2966521],[-108.3116944,54.2964534],[-108.3107778,54.2963918],[-108.3099505,54.2964624],[-108.3089687,54.2966543],[-108.3081027,54.2969893],[-108.3074622,54.2975112],[-108.3065896,54.2977929],[-108.3058733,54.2976969],[-108.3053919,54.2972899],[-108.3056909,54.2966582],[-108.3058517,54.296331],[-108.3062618,54.2957865],[-108.3072448,54.2951846],[-108.3083285,54.2950376],[-108.3092824,54.2949721],[-108.3097581,54.2946355],[-108.3096908,54.2942443],[-108.3091985,54.2939632],[-108.3086252,54.2938268],[-108.3079484,54.2939009],[-108.3074333,54.2941129],[-108.3070662,54.2944151],[-108.3068777,54.2948957],[-108.3066577,54.2953198],[-108.3058103,54.2957301],[-108.3049213,54.295946],[-108.3037855,54.2961565],[-108.3026571,54.2961807],[-108.3021279,54.2961223],[-108.3016404,54.2959151],[-108.3012569,54.2955915],[-108.3010433,54.2953227],[-108.300845,54.2951429],[-108.3005048,54.2951037],[-108.3001378,54.2951372],[-108.2997842,54.2955453],[-108.2996727,54.296045],[-108.299523,54.2963784],[-108.2990151,54.2967546],[-108.2983978,54.2968302],[-108.2979093,54.2968123],[-108.2974221,54.2964795],[-108.2972442,54.295998],[-108.2973233,54.2955255],[-108.2984265,54.2933703],[-108.2985803,54.2930896],[-108.2989067,54.292096],[-108.2987367,54.2914069],[-108.298311,54.291114],[-108.2978487,54.2909845],[-108.2972638,54.2910011],[-108.2967066,54.2911823],[-108.2962189,54.2914671],[-108.2956575,54.2922096],[-108.2956992,54.292765],[-108.2959025,54.2932817],[-108.2958887,54.2935077],[-108.2956649,54.2938158],[-108.2945458,54.2942537],[-108.2943249,54.2943932],[-108.2939381,54.2951327],[-108.2928689,54.2956204],[-108.2924288,54.2956843],[-108.2920448,54.2956385],[-108.2917734,54.2955507],[-108.2911518,54.2951139],[-108.2910694,54.2949746],[-108.2911176,54.2940062],[-108.2910445,54.2934079],[-108.2907439,54.2929313],[-108.2904054,54.2927023],[-108.2895356,54.2924178],[-108.2891331,54.2923649],[-108.2884619,54.2923641],[-108.2879111,54.2925632],[-108.2876628,54.2927154],[-108.2876192,54.2929918],[-108.2880754,54.293281],[-108.2891509,54.2937362],[-108.2892454,54.2938647],[-108.2892755,54.2939918],[-108.2890044,54.2946981],[-108.288925,54.2954929],[-108.2887179,54.2957148],[-108.2884075,54.295828],[-108.2880008,54.296028],[-108.2874852,54.296148],[-108.2868116,54.2964931],[-108.286578,54.2967744],[-108.2866831,54.2969762],[-108.2871728,54.2970931],[-108.288436,54.2972728],[-108.2890489,54.297421],[-108.289305,54.2975107],[-108.2899039,54.297885],[-108.2900244,54.298085],[-108.2899914,54.2984348],[-108.2897588,54.299071],[-108.28949,54.2994313],[-108.2892296,54.2995945],[-108.2886514,54.2998063],[-108.2878225,54.3002081],[-108.2869474,54.3001297],[-108.2864666,54.2999931],[-108.2858148,54.2997376],[-108.2848495,54.2989696],[-108.2843252,54.298801],[-108.2839444,54.2987641],[-108.2825342,54.298752],[-108.2817388,54.2986731],[-108.2811977,54.2985906],[-108.2808461,54.2986342],[-108.2805921,54.2988152],[-108.2806375,54.2989404],[-108.281114,54.2993298],[-108.2811983,54.2995623],[-108.2811657,54.3000896],[-108.2810386,54.3004884],[-108.2808893,54.3006938],[-108.2805454,54.3009794],[-108.2802118,54.3011609],[-108.2797484,54.301293],[-108.2785994,54.3014728],[-108.2777608,54.3015393],[-108.2764437,54.3014315],[-108.2759382,54.3014474],[-108.275214,54.3015651],[-108.2748429,54.301555],[-108.2745653,54.3016268],[-108.2744263,54.3017281],[-108.2742867,54.3019603],[-108.2742729,54.3026721],[-108.2740085,54.3040597],[-108.2736728,54.3044563],[-108.2733094,54.3046882],[-108.2726096,54.3049617],[-108.2721749,54.3049969],[-108.2716806,54.3049553],[-108.2705089,54.304764],[-108.2701327,54.3046518],[-108.2696974,54.3043319],[-108.2694253,54.3038891],[-108.2694858,54.3035266],[-108.2699406,54.3031058],[-108.270536,54.3029854],[-108.2707936,54.3029909],[-108.2713006,54.3028907],[-108.2716792,54.302657],[-108.2718726,54.3023527],[-108.2718261,54.3020034],[-108.2716496,54.3019132],[-108.2708871,54.3017927],[-108.2698384,54.3014554],[-108.2693047,54.3014374],[-108.268426,54.3011724],[-108.2676187,54.3007958],[-108.2670103,54.3003947],[-108.2666659,54.3000168],[-108.266082,54.2989773],[-108.2660502,54.298757],[-108.2662201,54.2983435],[-108.2666528,54.2977294],[-108.2667842,54.2973861],[-108.2667488,54.2969794],[-108.2661201,54.2964779],[-108.2655876,54.2961981],[-108.2650657,54.2959918],[-108.2646905,54.2959261],[-108.2639614,54.2959416],[-108.2636292,54.2960388],[-108.2634646,54.296246],[-108.2635196,54.2963981],[-108.2639144,54.2966949],[-108.2645957,54.2969002],[-108.265439,54.2972443],[-108.2657413,54.2975058],[-108.2658819,54.2978061],[-108.2658399,54.2981757],[-108.2655468,54.2985577],[-108.2647903,54.2990718],[-108.2644984,54.299192],[-108.2639247,54.2993284],[-108.2620209,54.2991436],[-108.2617036,54.2990614],[-108.2606915,54.2988689],[-108.2601993,54.2986122],[-108.2594634,54.2979465],[-108.2590226,54.2976553],[-108.2588341,54.2975758],[-108.2586542,54.297785],[-108.2588809,54.2981026],[-108.2596048,54.2987792],[-108.2595745,54.2989604],[-108.2592805,54.2992958],[-108.2586612,54.2996153],[-108.2582516,54.2996753],[-108.2576294,54.2996776],[-108.2572372,54.2995205],[-108.2546628,54.298232],[-108.2524373,54.2970006],[-108.2514336,54.2963527],[-108.2504945,54.2959985],[-108.2501139,54.2960758],[-108.25,54.2961057],[-108.25,54.2958317],[-108.25,54.2956061],[-108.2503314,54.2956658],[-108.2508579,54.2957242],[-108.2517632,54.2960975],[-108.2523761,54.2964367],[-108.2534786,54.2970331],[-108.2543486,54.2974954],[-108.2553758,54.2981718],[-108.2564504,54.2987583],[-108.2576212,54.2990806],[-108.2578667,54.299097],[-108.2581725,54.2990591],[-108.2584348,54.2989893],[-108.2586374,54.2988428],[-108.2586677,54.2986615],[-108.2579541,54.2978809],[-108.2577298,54.2975256],[-108.2577495,54.2972709],[-108.2578886,54.2971696],[-108.2580453,54.2970288],[-108.2582802,54.2969717],[-108.2584452,54.2969419],[-108.2588062,54.2967478],[-108.2590476,54.2967086],[-108.2592473,54.2967306],[-108.2595389,54.2969187],[-108.2601608,54.2977107],[-108.261114,54.2983588],[-108.2619935,54.2986705],[-108.2631432,54.2988458],[-108.2641702,54.2988589],[-108.2643963,54.2988215],[-108.2648135,54.2985176],[-108.2651436,54.2981498],[-108.2651689,54.2978663],[-108.2651236,54.2977411],[-108.2648481,54.2975977],[-108.2639251,54.2972542],[-108.2630727,54.2967524],[-108.262863,54.296526],[-108.2628563,54.2963307],[-108.2630262,54.2959172],[-108.2634957,54.2956256],[-108.2638617,54.2955335],[-108.2654181,54.295509],[-108.2658433,54.2956246],[-108.2668657,54.2961988],[-108.2672044,54.2966053],[-108.2673445,54.2970364],[-108.2672473,54.2975623],[-108.2669275,54.298312],[-108.2668309,54.298707],[-108.266798,54.2992343],[-108.2669395,54.2995812],[-108.2671719,54.2998701],[-108.2683453,54.3006405],[-108.2687464,54.3007777],[-108.270112,54.3010197],[-108.2721256,54.3016393],[-108.2723294,54.3017169],[-108.2726211,54.301905],[-108.272735,54.3020871],[-108.2727751,54.3024185],[-108.2725697,54.3027336],[-108.271987,54.3031982],[-108.2702219,54.3037064],[-108.2701199,54.3038218],[-108.2701952,54.3040741],[-108.2703846,54.3042001],[-108.2710146,54.3044398],[-108.2717369,54.3045372],[-108.2728846,54.3044418],[-108.2732286,54.3041563],[-108.273565,54.3033204],[-108.2735792,54.3027861],[-108.2734927,54.3025912],[-108.2734675,54.3020805],[-108.2739762,54.3012793],[-108.2742223,54.3011647],[-108.2748251,54.3011088],[-108.2761348,54.3011521],[-108.2769507,54.301023],[-108.2775006,54.3010857],[-108.2778703,54.30118],[-108.2783493,54.3012234],[-108.2788562,54.3011233],[-108.2796082,54.3008619],[-108.2801018,54.3005485],[-108.2804332,54.3000963],[-108.2804815,54.2997446],[-108.2797164,54.299176],[-108.2796764,54.2985362],[-108.2798835,54.2983143],[-108.2801852,54.2982209],[-108.2811034,54.2981538],[-108.2838472,54.2984958],[-108.284479,54.2985203],[-108.2852827,54.2987103],[-108.2860925,54.2990491],[-108.2862791,54.2993436],[-108.2864542,54.2995181],[-108.2869109,54.2996764],[-108.2874052,54.2997179],[-108.2878597,54.2996055],[-108.2884773,54.2993701],[-108.2890143,54.2990886],[-108.2892881,54.2988303],[-108.28941,54.2983293],[-108.289316,54.29807],[-108.2889145,54.2977554],[-108.2885851,54.2976841],[-108.2869665,54.2976699],[-108.2864189,54.2975696],[-108.2860313,54.2973374],[-108.2857965,54.2970862],[-108.285696,54.296809],[-108.2857581,54.2965396],[-108.2862178,54.296221],[-108.2873435,54.2958011],[-108.288069,54.2952907],[-108.2883433,54.2949016],[-108.2884542,54.2941497],[-108.2883569,54.2938814],[-108.287702,54.2936169],[-108.2872551,54.2931771],[-108.2869741,54.2927541],[-108.2869593,54.2923168],[-108.2872285,54.2921339],[-108.2879483,54.2919606],[-108.2890071,54.2918853],[-108.2900326,54.2919824],[-108.2906227,54.292068],[-108.2912938,54.2923772],[-108.2914763,54.2926162],[-108.291724,54.2932115],[-108.2918342,54.2944406],[-108.2917832,54.2946525],[-108.2920333,54.2949018],[-108.2924497,54.295037],[-108.2927054,54.2949492],[-108.2930783,54.2947441],[-108.2933776,54.2943799],[-108.2940155,54.2939364],[-108.2948752,54.2937082],[-108.2949882,54.2935354],[-108.2950341,54.2932213],[-108.2945885,54.2920806],[-108.2945987,54.2919765],[-108.2946366,54.2917289],[-108.2951675,54.2912986],[-108.2963036,54.2906437],[-108.2969895,54.2904651],[-108.2972864,54.2904469],[-108.2978714,54.2904304],[-108.2985453,54.290571],[-108.2991512,54.2908322],[-108.2997783,54.2912402],[-108.2999354,54.2915852],[-108.2999503,54.2920225],[-108.2996738,54.2927576],[-108.2986785,54.2939195],[-108.2982131,54.2946501],[-108.2977022,54.2958738],[-108.2978775,54.2963721],[-108.2983631,54.2965279],[-108.2989596,54.2962839],[-108.2991927,54.2959417],[-108.2992667,54.2957032],[-108.2995039,54.2951675],[-108.299857,54.2949029],[-108.3004091,54.2947152],[-108.3010123,54.2948229],[-108.3015491,54.2953311],[-108.3019979,54.2957098],[-108.3032557,54.2958385],[-108.3043061,54.2957368],[-108.3053936,54.2955134],[-108.3061967,54.2951061],[-108.3065589,54.2944703],[-108.3069413,54.2940325],[-108.3073797,54.293778],[-108.3079708,54.293616],[-108.3087388,54.2935553],[-108.3096467,54.2936964],[-108.3100586,54.2939069],[-108.3102999,54.294479],[-108.3099627,54.2949187],[-108.3096742,54.2951277],[-108.3091232,54.2952416],[-108.3085829,54.2952641],[-108.3078246,54.2953267],[-108.3071306,54.295628],[-108.3065851,54.2961763],[-108.3060307,54.2969166],[-108.3059563,54.2973505],[-108.3063293,54.2975166],[-108.3068571,54.297427],[-108.3073875,54.2970956],[-108.3079589,54.2966879],[-108.3090618,54.2964416],[-108.3097913,54.2962949],[-108.3105807,54.2962249],[-108.3113098,54.2962091],[-108.3122067,54.2963032],[-108.3125305,54.2964032],[-108.312696,54.2965508],[-108.313009,54.2969148],[-108.3130017,54.2972854],[-108.3126087,54.2976452],[-108.3121115,54.2977209],[-108.3115791,54.2976963],[-108.311221,54.2975612],[-108.3108222,54.297501],[-108.3103681,54.2976097],[-108.3101224,54.2977928],[-108.3099389,54.2980637],[-108.3099096,54.2984264],[-108.31033,54.2991518],[-108.3108352,54.2998645],[-108.3110981,54.3006626],[-108.3115465,54.3007589],[-108.3121192,54.300578],[-108.3124761,54.3001528],[-108.3126141,54.2998291],[-108.3124218,54.2990796],[-108.3123952,54.298177],[-108.312936,54.2975582],[-108.3134074,54.2973221],[-108.3141101,54.2970705],[-108.3150509,54.2966242],[-108.3161896,54.2954813],[-108.3164743,54.2951692],[-108.317021,54.2949623],[-108.3175735,54.295113],[-108.3178524,54.2952652],[-108.3180146,54.2954039],[-108.3180666,54.295547],[-108.3178619,54.2966419],[-108.3177928,54.2970714],[-108.3174313,54.2974482],[-108.3159511,54.2978111],[-108.314271,54.2980683],[-108.3138351,54.2986676],[-108.3141999,54.2988452],[-108.3148968,54.2988302],[-108.316207,54.298432],[-108.3182993,54.2980785],[-108.3195352,54.2979623],[-108.320359,54.2980748],[-108.3211222,54.2983724],[-108.3219286,54.2988329],[-108.3221678,54.2991396],[-108.3221908,54.2995105],[-108.3217781,54.3003094],[-108.3216104,54.300947],[-108.3215667,54.3013543],[-108.3216925,54.3016564],[-108.3219975,54.3018801],[-108.3222014,54.3019576],[-108.322446,54.3019272],[-108.3224695,54.301728],[-108.3220914,54.3010835],[-108.3220275,54.300512],[-108.3221557,54.3003372],[-108.3224674,54.3001396],[-108.3228671,54.3000525],[-108.3232447,54.3000803],[-108.3237953,54.3003203],[-108.3241982,54.3006814],[-108.3245009,54.3009428],[-108.3253375,54.3019695],[-108.3257505,54.3022265],[-108.3267441,54.3025422],[-108.3278581,54.3027494],[-108.3315203,54.3028453],[-108.3344509,54.3029946],[-108.3355236,54.3031322],[-108.3366998,54.3033783],[-108.3369747,54.3034749],[-108.3374434,54.303753],[-108.3375749,54.3040264],[-108.3375954,54.3050051],[-108.3377236,54.3052695],[-108.3381368,54.3055265],[-108.3389259,54.3055872],[-108.3394015,54.3057523],[-108.3397379,54.3061496],[-108.3401558,54.3072098],[-108.3403705,54.3073606],[-108.3408796,54.3072225],[-108.3414429,54.3067505],[-108.3417018,54.3066715],[-108.3419891,54.3066264],[-108.3422269,54.306709],[-108.3427471,54.3069526],[-108.3433406,54.307617],[-108.3436101,54.3081816],[-108.3437176,54.3089159],[-108.3437752,54.3100396],[-108.3439571,54.3102319],[-108.34453,54.3103568],[-108.3460141,54.3102188],[-108.3471579,54.3099361],[-108.3480778,54.3096533],[-108.3486774,54.309588],[-108.3493117,54.3095744],[-108.3512036,54.3097219],[-108.352455,54.3096034],[-108.3530162,54.3096083],[-108.353814,54.3097799],[-108.3543506,54.3100682],[-108.3546143,54.3103531],[-108.3548308,54.310728],[-108.3549928,54.3111284],[-108.3548306,54.311429],[-108.3543526,54.3118718],[-108.3541282,54.3121334],[-108.3539866,54.3125343],[-108.3542678,54.3127796],[-108.3543209,54.3129693],[-108.3544267,54.3130402],[-108.3546395,54.3130978],[-108.3549674,54.3129448],[-108.3554753,54.3123207],[-108.356047,54.3119597],[-108.3565561,54.3118215],[-108.356887,54.3118083],[-108.3577558,54.3119991],[-108.3580375,54.3119827],[-108.3582528,54.3118718],[-108.3583154,54.311649],[-108.3580793,54.3112205],[-108.3580176,54.3109197],[-108.3581883,54.3107302],[-108.3600628,54.3102162],[-108.3605022,54.3099745],[-108.3609227,54.3092865],[-108.3616921,54.3088541],[-108.3625853,54.3087614],[-108.3629457,54.3086978],[-108.3635736,54.3086662],[-108.3642338,54.3088549],[-108.3647083,54.3091042],[-108.3656158,54.309664],[-108.3672322,54.3106774],[-108.3685065,54.3113223],[-108.3694567,54.3118674],[-108.3701362,54.3123715],[-108.3708913,54.3126885],[-108.3721642,54.3128475],[-108.3727885,54.3130687],[-108.373192,54.3134297],[-108.3733618,54.3137636],[-108.3734071,54.3141506],[-108.373336,54.3142623],[-108.3728791,54.3145436],[-108.3716688,54.3148628],[-108.3710541,54.3147993],[-108.3701568,54.3145748],[-108.3690506,54.3146099],[-108.3688398,54.3146456],[-108.3686692,54.3148351],[-108.3690488,54.3150869],[-108.3696317,54.3152385],[-108.3701884,54.3153186],[-108.3716113,54.3153187],[-108.3720794,54.31555],[-108.3724774,54.3159397],[-108.3725166,54.3160469],[-108.3725032,54.3162729],[-108.3723719,54.3164389],[-108.3721019,54.3165754],[-108.3710038,54.3169834],[-108.3702474,54.3174516],[-108.3699795,54.3176814],[-108.3697049,54.3180241],[-108.3696652,54.3183094],[-108.3698374,54.3184749],[-108.3702316,54.3185472],[-108.3707525,54.318529],[-108.3711055,54.3184008],[-108.3716007,54.3180493],[-108.3716735,54.3175916],[-108.3723242,54.3169215],[-108.3730675,54.3164175],[-108.3734783,54.3162728],[-108.3738541,54.3162072],[-108.3746623,54.3161438],[-108.3751724,54.3160521],[-108.3755885,54.3160095],[-108.3761027,54.3161042],[-108.3773448,54.3165287],[-108.3780511,54.3167116],[-108.3801294,54.3174991],[-108.3803072,54.3176358],[-108.3803311,54.317745],[-108.379316,54.3181615],[-108.3779767,54.3184782],[-108.375457,54.3186711],[-108.3727381,54.3191506],[-108.3723982,54.3193145],[-108.3721817,54.3195097],[-108.3718227,54.3200592],[-108.3717283,54.3203701],[-108.3718984,54.3205732],[-108.3722477,54.3206979],[-108.3725819,54.3206936],[-108.3730419,54.3205521],[-108.3737971,54.3201681],[-108.3740411,54.3198292],[-108.3745333,54.3193379],[-108.3748721,54.3191273],[-108.3754477,54.3190836],[-108.3757152,54.3191156],[-108.3760525,54.3192511],[-108.3763197,54.3195449],[-108.3767741,54.320264],[-108.3773088,54.3205899],[-108.3780994,54.3206969],[-108.3790419,54.3207381],[-108.3796199,54.3205258],[-108.3804557,54.3203187],[-108.3812653,54.32004],[-108.3816912,54.3200242],[-108.3823387,54.3201771],[-108.3828506,54.3204403],[-108.3831484,54.3207303],[-108.3832333,54.3209627],[-108.3831772,54.3213343],[-108.3819205,54.3227531],[-108.3818231,54.3229241],[-108.3817824,54.3231629],[-108.382153,54.323827],[-108.3836836,54.3253465],[-108.3839049,54.325777],[-108.3839372,54.3261281],[-108.3836122,54.3266828],[-108.3833676,54.3275453],[-108.3836038,54.3282356],[-108.3838833,54.3283876],[-108.3841509,54.3284197],[-108.3845377,54.3282966],[-108.3847149,54.3281249],[-108.3848398,54.3278102],[-108.3850031,54.3263316],[-108.3853826,54.3249194],[-108.3853128,54.3238532],[-108.3854775,54.3231222],[-108.3857104,54.3228407],[-108.385858,54.3227195],[-108.3862568,54.3225856],[-108.3865922,54.3224969],[-108.3873043,54.3225202],[-108.3876198,54.3226397],[-108.3880051,54.3228627],[-108.3887253,54.3235205],[-108.389354,54.3239281],[-108.3916163,54.3248233],[-108.3931252,54.3254948],[-108.3941518,54.3257218],[-108.3947426,54.3258069],[-108.3956962,54.3257905],[-108.3961604,54.3258354],[-108.3972769,54.325565],[-108.3990776,54.3247603],[-108.3993792,54.3246666],[-108.3998564,54.3247471],[-108.4001763,54.3249222],[-108.4003705,54.3252344],[-108.4002305,54.3255511],[-108.4001756,54.3259692],[-108.4005051,54.3264328],[-108.4008196,54.3266366],[-108.4012116,54.3267465],[-108.4018922,54.3267269],[-108.4022593,54.3265501],[-108.402642,54.3259787],[-108.4026751,54.3255446],[-108.4027998,54.3252299],[-108.4029277,54.325055],[-108.4032642,54.324882],[-108.4035384,54.324801],[-108.4040289,54.3247864],[-108.4054355,54.325134],[-108.4063091,54.3255109],[-108.4070221,54.3259732],[-108.4080014,54.3269445],[-108.4087758,54.3271375],[-108.4092073,54.3270928],[-108.4097514,54.3268752],[-108.4104212,54.3263895],[-108.4108563,54.3255685],[-108.4110684,54.3250558],[-108.4110969,54.3248279],[-108.4104681,54.3240278],[-108.4095303,54.3231261],[-108.409264,54.3227481],[-108.4092531,54.3226747],[-108.4092029,54.322494],[-108.4093942,54.3221429],[-108.4100083,54.3216361],[-108.4100762,54.3211228],[-108.41,54.3206088],[-108.4100997,54.3200074],[-108.4102363,54.3196818],[-108.4105815,54.319489],[-108.4117862,54.319329],[-108.4118692,54.3193373],[-108.4127069,54.3190922],[-108.4131907,54.3190597],[-108.4141167,54.3193178],[-108.4151475,54.3198618],[-108.4160942,54.3204819],[-108.4165484,54.3208924],[-108.4173085,54.3211338],[-108.4177399,54.3212201],[-108.4180741,54.3212156],[-108.4185208,54.3210382],[-108.4187874,54.3207617],[-108.4188115,54.3204783],[-108.4183551,54.3195819],[-108.4176782,54.3189561],[-108.4174882,54.3186994],[-108.4172143,54.3179952],[-108.4165144,54.3175687],[-108.4158494,54.3173247],[-108.4156398,54.3171453],[-108.4152916,54.3166747],[-108.4150002,54.3160101],[-108.4149708,54.3156679],[-108.4150561,54.3153767],[-108.4154733,54.3151188],[-108.4158119,54.3150391],[-108.4163371,54.3150762],[-108.416966,54.3153527],[-108.417359,54.3157709],[-108.4175074,54.3160888],[-108.4175608,54.3165402],[-108.4177671,54.3169725],[-108.4178894,54.317088],[-108.4182225,54.3171679],[-108.4184147,54.3171251],[-108.4186266,54.3170051],[-108.4190264,54.3163941],[-108.4190275,54.3160481],[-108.4185964,54.3153075],[-108.4185036,54.3148797],[-108.4185856,54.3147105],[-108.418993,54.3142949],[-108.4195543,54.3140377],[-108.4201287,54.313947],[-108.4229131,54.3138227],[-108.4243589,54.3136229],[-108.4245806,54.3135297],[-108.4249671,54.3134065],[-108.4256824,54.3126531],[-108.4264827,54.3118704],[-108.4264947,54.3112052],[-108.4262797,54.3110545],[-108.4259226,54.3109964],[-108.4252511,54.3109964],[-108.4245338,54.311133],[-108.424287,54.3110704],[-108.4238907,54.3110359],[-108.4230259,54.3107703],[-108.4225685,54.3104817],[-108.422479,54.3103247],[-108.4225008,54.3102097],[-108.4224222,54.3099952],[-108.4225838,54.3098254],[-108.4226231,54.3098018],[-108.4234802,54.3096103],[-108.4241452,54.3095924],[-108.4253571,54.3098893],[-108.4269522,54.3103158],[-108.4273453,54.3103413],[-108.4276499,54.3102564],[-108.4276947,54.3100732],[-108.4276674,54.3098242],[-108.4275789,54.3097138],[-108.4272656,54.3095567],[-108.4260853,54.3094335],[-108.4249455,54.3092024],[-108.4244727,54.3090466],[-108.4240983,54.3087663],[-108.4239247,54.3085543],[-108.4237708,54.308396],[-108.4235066,54.3078495],[-108.4235034,54.307317],[-108.4237327,54.3070266],[-108.4240438,54.3068286],[-108.4248725,54.3066033],[-108.4256946,54.3064909],[-108.4266105,54.3064603],[-108.4287448,54.3062209],[-108.4301455,54.3062042],[-108.4309348,54.3062642],[-108.4325768,54.306208],[-108.4343595,54.3058816],[-108.4349086,54.3056352],[-108.4350919,54.3053504],[-108.4352054,54.3050931],[-108.4351388,54.3048677],[-108.4345534,54.3040998],[-108.4340796,54.3037665],[-108.4336844,54.3036478],[-108.4317543,54.3034411],[-108.4305622,54.3031979],[-108.4297544,54.3027382],[-108.4295241,54.3025895],[-108.4293581,54.3023111],[-108.4293057,54.3019064],[-108.4291343,54.3016568],[-108.4285721,54.3012131],[-108.4274358,54.3004674],[-108.4272175,54.3001769],[-108.4271923,54.2997594],[-108.427415,54.2993202],[-108.4277294,54.2991312],[-108.4283177,54.298992],[-108.4288514,54.2990092],[-108.4294856,54.2991261],[-108.4302759,54.2993635],[-108.4310771,54.2995435],[-108.4313281,54.2995308],[-108.4316425,54.2993418],[-108.431685,54.2991962],[-108.4315027,54.299004],[-108.4300236,54.2980209],[-108.4297868,54.2977234],[-108.4297191,54.2975824],[-108.4295826,54.2972536],[-108.4294657,54.2951462],[-108.4297635,54.2939964],[-108.4298889,54.2926813],[-108.4302239,54.2921999],[-108.43056,54.291896],[-108.4311013,54.2915851],[-108.4323835,54.2911158],[-108.4330284,54.2907825],[-108.4334638,54.2906625],[-108.4345888,54.2904185],[-108.4356702,54.2902735],[-108.4362824,54.2902434],[-108.4364799,54.2903028],[-108.4370104,54.2905728],[-108.4371523,54.2908728],[-108.437136,54.2910899],[-108.4366755,54.2913159],[-108.4360852,54.2916237],[-108.4352614,54.2919047],[-108.4344626,54.2920796],[-108.4341472,54.292222],[-108.4337119,54.2929965],[-108.4334796,54.2940633],[-108.4335835,54.2950879],[-108.4334668,54.2952054],[-108.432657,54.2956995],[-108.4323667,54.2959977],[-108.4323242,54.2962741],[-108.432548,54.2965359],[-108.4328722,54.2967663],[-108.4332149,54.2968729],[-108.4339003,54.2968244],[-108.4344406,54.2968594],[-108.4349285,54.2967515],[-108.4351467,54.2966493],[-108.4357196,54.2958577],[-108.4362082,54.2946185],[-108.436195,54.2941901],[-108.4360924,54.2939973],[-108.4360867,54.2932408],[-108.4361936,54.2929656],[-108.4364413,54.2926821],[-108.436869,54.2923667],[-108.4373207,54.2921605],[-108.437587,54.2921458],[-108.4379886,54.2921515],[-108.4390091,54.2924067],[-108.4400175,54.292542],[-108.4403395,54.2926792],[-108.4417028,54.2934336],[-108.4420489,54.2938109],[-108.4422346,54.2941428],[-108.4422751,54.2944275],[-108.4419816,54.2945859],[-108.4415058,54.294683],[-108.4410692,54.2946256],[-108.4402069,54.2941916],[-108.439612,54.2940512],[-108.4389496,54.2940315],[-108.4379869,54.2938905],[-108.4378407,54.2940584],[-108.4377982,54.294204],[-108.4384972,54.2957616],[-108.4387036,54.296063],[-108.4389482,54.2965558],[-108.4397923,54.2976372],[-108.4400991,54.2979072],[-108.4405718,54.2981938],[-108.4420312,54.2983379],[-108.4432612,54.2981181],[-108.4436475,54.2979948],[-108.4447084,54.2978803],[-108.4453457,54.2977442],[-108.4456251,54.2976344],[-108.4477086,54.2974757],[-108.4481604,54.2974003],[-108.4487868,54.2971907],[-108.4500463,54.2971822],[-108.4509794,54.2969809],[-108.4517313,54.2967649],[-108.4519124,54.2966487],[-108.4522263,54.296067],[-108.4522837,54.295396],[-108.4522064,54.2940969],[-108.4523895,54.2936812],[-108.4534321,54.2926902],[-108.4538008,54.2924756],[-108.4544554,54.292169],[-108.4547988,54.2916677],[-108.4550056,54.2909686],[-108.4554103,54.2907215],[-108.4563333,54.2904933],[-108.4569433,54.2905008],[-108.4574694,54.2905843],[-108.4586732,54.2908163],[-108.4596458,54.2911148],[-108.4598872,54.2913369],[-108.4599289,54.2916682],[-108.4597633,54.2919134],[-108.4594721,54.292165],[-108.4591623,54.2922788],[-108.4579675,54.2925504],[-108.4574767,54.2929113],[-108.4568843,54.2931259],[-108.4565255,54.2933674],[-108.4563368,54.29355],[-108.4562551,54.2937192],[-108.4561379,54.2945753],[-108.4563017,54.2947604],[-108.456483,54.2949059],[-108.4568411,54.2950105],[-108.4573715,54.2950187],[-108.4576891,54.2949695],[-108.4582257,54.2946028],[-108.4588672,54.2942605],[-108.4592872,54.2941422],[-108.4603635,54.2942875],[-108.4608679,54.2944859],[-108.4614476,54.2947589],[-108.4617142,54.2950059],[-108.4617884,54.295034],[-108.4623571,54.296234],[-108.462862,54.2969559],[-108.4632411,54.2972916],[-108.46362,54.2974964],[-108.4638668,54.2975588],[-108.4641243,54.2975639],[-108.464277,54.2974138],[-108.4643117,54.2972037],[-108.4641848,54.2969018],[-108.4633526,54.2963333],[-108.4629254,54.2959101],[-108.4625287,54.2953523],[-108.4624236,54.2950663],[-108.4624746,54.2947701],[-108.4627024,54.2944329],[-108.4634198,54.2936883],[-108.4639117,54.293374],[-108.4645815,54.2930655],[-108.4660769,54.2923071],[-108.4682762,54.2906375],[-108.468611,54.2904178],[-108.4691792,54.2900939],[-108.4695129,54.2899584],[-108.4700683,54.2898605],[-108.4709696,54.289878],[-108.4713103,54.2900222],[-108.4715933,54.2903138],[-108.4717541,54.2906208],[-108.4718058,54.2909789],[-108.4718202,54.2911922],[-108.4722182,54.2917966],[-108.4723059,54.2921221],[-108.4721799,54.2926054],[-108.4720361,54.2928666],[-108.4717157,54.2931687],[-108.4709686,54.2935712],[-108.4695613,54.2940474],[-108.4685469,54.2945489],[-108.4671095,54.2955524],[-108.4667259,54.2960307],[-108.4666683,54.2963091],[-108.4668813,54.2964974],[-108.4674862,54.2966644],[-108.4679588,54.2966891],[-108.4682785,54.2966022],[-108.4685785,54.2964616],[-108.4692437,54.2959666],[-108.4705309,54.2944677],[-108.4713148,54.2938175],[-108.4717032,54.2936565],[-108.4730856,54.2934171],[-108.4738852,54.2931576],[-108.4744207,54.2928752],[-108.4746364,54.2925489],[-108.4746318,54.2923624],[-108.4747341,54.2921626],[-108.4746221,54.291597],[-108.4748811,54.2910408],[-108.4749883,54.2904196],[-108.4751277,54.2902338],[-108.4752976,54.2899132],[-108.4755503,54.2896009],[-108.4758721,54.2894763],[-108.4768781,54.2893871],[-108.478181,54.2894101],[-108.4787858,54.2895771],[-108.4791025,54.2897429],[-108.4800346,54.290626],[-108.480969,54.2916023],[-108.4819149,54.2921751],[-108.4827897,54.292598],[-108.4840043,54.2932491],[-108.4843353,54.2934973],[-108.4845409,54.2937519],[-108.4851072,54.2950738],[-108.4853039,54.2952173],[-108.4855081,54.2952944],[-108.4858891,54.2953306],[-108.4867391,54.2952516],[-108.4870555,54.2951557],[-108.4883063,54.2945587],[-108.488912,54.2939027],[-108.4891828,54.2933357],[-108.4892193,54.2929571],[-108.4890038,54.2926757],[-108.4882535,54.2923307],[-108.4874971,54.2922296],[-108.4862453,54.2921722],[-108.4856338,54.2919874],[-108.4848704,54.2916067],[-108.4841505,54.291127],[-108.4830555,54.2901055],[-108.4828216,54.289817],[-108.4826976,54.2893932],[-108.4826154,54.2891698],[-108.4825371,54.2886093],[-108.4827156,54.288269],[-108.4837632,54.2876415],[-108.4845147,54.2874253],[-108.4847896,54.2873907],[-108.485296,54.2874204],[-108.485678,54.2875032],[-108.4860034,54.2876492],[-108.4863617,54.2878846],[-108.486786,54.2884296],[-108.4873802,54.2887848],[-108.4879774,54.2890182],[-108.4887204,54.2895604],[-108.4906234,54.2901715],[-108.4911223,54.2902676],[-108.4927017,54.2904333],[-108.4934066,54.290438],[-108.4945195,54.2903351],[-108.4959647,54.2899193],[-108.4964316,54.2898417],[-108.4981218,54.2897876],[-108.4987666,54.2897157],[-108.5,54.289439],[-108.5009624,54.2892986],[-108.5020301,54.2889864],[-108.503228,54.288854],[-108.5041507,54.2886255],[-108.5050608,54.288146],[-108.5053636,54.2878834],[-108.5054484,54.2877231],[-108.5054817,54.2874664],[-108.5053437,54.287222],[-108.5052027,54.2870996],[-108.5041878,54.287078],[-108.5034035,54.2872049],[-108.501351,54.2877068],[-108.5004915,54.28789],[-108.5,54.287885],[-108.4990391,54.2878955],[-108.4984475,54.2877643],[-108.4976351,54.2875114],[-108.4965399,54.2870978],[-108.4962507,54.2870501],[-108.495597,54.2870109],[-108.492483,54.2871042],[-108.4914929,54.2868456],[-108.4899661,54.2860842],[-108.4897234,54.2858156],[-108.4895905,54.2852807],[-108.4897472,54.2850552],[-108.4900459,54.284868],[-108.4918506,54.2842573],[-108.4926567,54.2841464],[-108.4946329,54.284262],[-108.4952975,54.2843746],[-108.4958377,54.2844093],[-108.4983584,54.2840074],[-108.4999785,54.2836906],[-108.5001545,54.2836799],[-108.5010764,54.2835338],[-108.5029685,54.2831176],[-108.5043189,54.2829659],[-108.5077859,54.2827904],[-108.5108076,54.2825775],[-108.5121846,54.2826281],[-108.5144526,54.2825382],[-108.5176363,54.2825477],[-108.5180423,54.2826086],[-108.5181887,54.2827024],[-108.5183697,54.2835398],[-108.5187573,54.2845475],[-108.5190344,54.284952],[-108.5193231,54.2852148],[-108.5200987,54.2855844],[-108.5205632,54.2858904],[-108.5214357,54.2870426],[-108.5216904,54.2876463],[-108.5218191,54.2884717],[-108.5219279,54.2887665],[-108.5223737,54.2894115],[-108.5226331,54.2897248],[-108.5234347,54.290381],[-108.5240065,54.2908044],[-108.5243288,54.2909413],[-108.5254645,54.2912467],[-108.5260704,54.2913292],[-108.5266772,54.2913274],[-108.5288807,54.2906282],[-108.5300357,54.2903794],[-108.5303453,54.2902654],[-108.5306049,54.2902326],[-108.532533,54.2897833],[-108.5330246,54.2895996],[-108.5334168,54.289363],[-108.5339993,54.2889059],[-108.5341979,54.2885348],[-108.5342562,54.288303],[-108.5343719,54.2875777],[-108.534268,54.2871233],[-108.5342525,54.2866483],[-108.5344198,54.2860193],[-108.5347732,54.2855912],[-108.5352685,54.2852013],[-108.5358343,54.2850456],[-108.5360328,54.2850205],[-108.537556,54.2850337],[-108.5388345,54.2852928],[-108.5398022,54.2856193],[-108.5406507,54.2858393],[-108.5414121,54.2861264],[-108.5420757,54.2865381],[-108.5423311,54.2869267],[-108.5423794,54.2873601],[-108.5421288,54.28785],[-108.5416988,54.2881569],[-108.5406376,54.2883565],[-108.5394164,54.2882959],[-108.538002,54.2885776],[-108.5376119,54.2887765],[-108.537126,54.2894084],[-108.5370504,54.2896798],[-108.5373743,54.2903402],[-108.538042,54.2910227],[-108.5387634,54.2914177],[-108.539267,54.2915692],[-108.54018,54.2917904],[-108.5407979,54.2918619],[-108.5413039,54.2917605],[-108.5430784,54.2910685],[-108.544029,54.2907425],[-108.5444343,54.2905416],[-108.5453394,54.2903523],[-108.5476665,54.2901608],[-108.5492188,54.2899924],[-108.5521492,54.2897899],[-108.5559385,54.2896188],[-108.5571412,54.2896723],[-108.5583458,54.2902492],[-108.558942,54.2906507],[-108.5594435,54.2908397],[-108.5610471,54.2918898],[-108.5619075,54.2923139],[-108.5625499,54.2924945],[-108.5637168,54.2925804],[-108.5652553,54.2928064],[-108.5661194,54.2930243],[-108.5665571,54.2933429],[-108.5667461,54.293983],[-108.5665188,54.2941895],[-108.566377,54.2944974],[-108.5666539,54.2949861],[-108.567536,54.2956412],[-108.5686297,54.2959609],[-108.5689922,54.2959898],[-108.5701666,54.2960094],[-108.5710504,54.2959348],[-108.5727059,54.2956127],[-108.5731099,54.2953651],[-108.5735505,54.2950006],[-108.5740778,54.2947841],[-108.5750667,54.2945185],[-108.5759173,54.2943545],[-108.5763042,54.2944925],[-108.5765972,54.294895],[-108.5766818,54.2952958],[-108.5764405,54.2955508],[-108.5759457,54.2957258],[-108.5757795,54.2959246],[-108.576033,54.2960047],[-108.5772612,54.2960828],[-108.5797851,54.2964642],[-108.5808872,54.296418],[-108.5815785,54.2962555],[-108.581932,54.2959581],[-108.5821574,54.2955741],[-108.5824781,54.2947571],[-108.582988,54.2932427],[-108.5835661,54.2926456],[-108.5841368,54.2921149],[-108.5847811,54.2916964],[-108.5857352,54.2915099],[-108.5862849,54.2914401],[-108.5882678,54.291441],[-108.5893637,54.2915077],[-108.5909919,54.2917594],[-108.5914041,54.2919222],[-108.5925698,54.2929527],[-108.593183,54.2933987],[-108.5948217,54.2940231],[-108.5968463,54.2945236],[-108.5973727,54.2946064],[-108.5990642,54.2950277],[-108.6003281,54.2952881],[-108.6034092,54.2957479],[-108.6047715,54.2957993],[-108.6052243,54.2957698],[-108.6056346,54.2957551],[-108.6059201,54.2956627],[-108.6059334,54.2954833],[-108.6053812,54.2950296],[-108.6042687,54.294273],[-108.6032094,54.2934441],[-108.6032134,54.2933688],[-108.6026793,54.2925761],[-108.6025885,54.2920732],[-108.6025908,54.291175],[-108.6029182,54.2907218],[-108.6032987,54.2904116],[-108.6045894,54.2896676],[-108.6059392,54.2887384],[-108.6066051,54.2881206],[-108.6074655,54.287553],[-108.6081757,54.287313],[-108.6083742,54.2872878],[-108.6092052,54.2876311],[-108.6095031,54.288089],[-108.6095303,54.2882913],[-108.6092481,54.288823],[-108.6088876,54.289402],[-108.608525,54.2902338],[-108.608963,54.2909825],[-108.6093685,54.2913425],[-108.6098398,54.2915352],[-108.6100801,54.2915795],[-108.6103835,54.2915783],[-108.6107639,54.2914832],[-108.6109996,54.2912568],[-108.6116005,54.2894312],[-108.6116637,54.2889555],[-108.6121935,54.2875412],[-108.6126535,54.2867998],[-108.6130512,54.2862348],[-108.6135941,54.2857168],[-108.6148685,54.2850589],[-108.6161794,54.2842842],[-108.6175287,54.2837852],[-108.6181226,54.2834477],[-108.6187677,54.2832908],[-108.620822,54.2843016],[-108.6221999,54.2846968],[-108.6229659,54.2846929],[-108.6233773,54.2845095],[-108.6237449,54.283649],[-108.6235489,54.283122],[-108.6231878,54.2827096],[-108.6230516,54.2821283],[-108.6233714,54.2813112],[-108.6239405,54.2802191],[-108.6241575,54.2799857],[-108.6248297,54.2796008],[-108.6262091,54.2788827],[-108.6278804,54.2778748],[-108.6295557,54.2770067],[-108.6319747,54.2761186],[-108.6333042,54.2754815],[-108.635185,54.2747368],[-108.6358465,54.2746244],[-108.6360243,54.2746298],[-108.6365154,54.2748759],[-108.6368374,54.2750968],[-108.637885,54.2759362],[-108.6384857,54.2762619],[-108.6389562,54.2763235],[-108.6404744,54.2762797],[-108.6420124,54.2760743],[-108.6432611,54.2758216],[-108.6436988,54.2754945],[-108.6438418,54.2751488],[-108.6434511,54.2743567],[-108.6432073,54.2740885],[-108.6422646,54.2732732],[-108.6420885,54.273015],[-108.6421373,54.2725878],[-108.6423117,54.2723692],[-108.6427593,54.2720689],[-108.6432654,54.2718827],[-108.6435401,54.2718477],[-108.6449939,54.2720178],[-108.6456354,54.2718518],[-108.6464148,54.271584],[-108.6466223,54.2714547],[-108.6467475,54.2712329],[-108.6470786,54.2704049],[-108.6486281,54.2692437],[-108.6497812,54.2685634],[-108.650258,54.2684277],[-108.6507171,54.2684159],[-108.6510324,54.2686189],[-108.6510917,54.2688639],[-108.6509487,54.2692096],[-108.6504748,54.2696536],[-108.6501209,54.2701197],[-108.6500621,54.270305],[-108.6498295,54.2706246],[-108.6501243,54.2708583],[-108.6503492,54.2709044],[-108.6512178,54.270962],[-108.6516941,54.2709106],[-108.6520795,54.2707866],[-108.6525231,54.2705616],[-108.653156,54.2699008],[-108.654098,54.2691258],[-108.6547699,54.2689559],[-108.6560839,54.2687507],[-108.6561541,54.2686389],[-108.6558058,54.2685617],[-108.6547941,54.2686347],[-108.6539409,54.2685752],[-108.6544025,54.2684415],[-108.6549908,54.2683477],[-108.6559176,54.2683042],[-108.6568679,54.2685384],[-108.6574068,54.2687409],[-108.6581929,54.2692206],[-108.659,54.2695853],[-108.6594586,54.2696577],[-108.6599157,54.2696836],[-108.6606433,54.2695345],[-108.6608497,54.2695737],[-108.6609135,54.2696591],[-108.6603637,54.2698135],[-108.6599093,54.2698808],[-108.6590668,54.269979],[-108.6581562,54.2696369],[-108.6572864,54.2690182],[-108.656563,54.2687925],[-108.6568461,54.2692522],[-108.6568802,54.2694723],[-108.6558617,54.2705565],[-108.6557074,54.2708288],[-108.6559592,54.2711615],[-108.6565999,54.2715943],[-108.658501,54.2717632],[-108.6588447,54.2717848],[-108.65943,54.2718972],[-108.6616598,54.2728193],[-108.6625037,54.2732823],[-108.6642695,54.2739455],[-108.6645536,54.2740215],[-108.6649246,54.2740303],[-108.6653923,54.2739986],[-108.6657959,54.2736664],[-108.6658156,54.2735048],[-108.6656494,54.2732735],[-108.6647708,54.2726747],[-108.6641327,54.2723352],[-108.6634018,54.2719608],[-108.6626699,54.2714555],[-108.6624414,54.2711853],[-108.6624996,54.2705698],[-108.6627912,54.27028],[-108.6629735,54.2701257],[-108.6632281,54.2700371],[-108.6638148,54.2696815],[-108.6644395,54.2694708],[-108.6649532,54.2691338],[-108.6657319,54.2689502],[-108.6675115,54.2682364],[-108.6681764,54.2678334],[-108.6690908,54.267071],[-108.6696252,54.266404],[-108.6697885,54.2660277],[-108.6697998,54.2655865],[-108.6696841,54.2654049],[-108.6693682,54.2652862],[-108.6679977,54.2653397],[-108.6660953,54.2659382],[-108.6648926,54.2659702],[-108.6646743,54.2659419],[-108.6635416,54.2656469],[-108.6631436,54.265651],[-108.6625616,54.2655476],[-108.6617154,54.2652066],[-108.661625,54.2650498],[-108.6616261,54.2648812],[-108.6624865,54.2643597],[-108.6628989,54.2642229],[-108.6637493,54.2641891],[-108.6651691,54.2643539],[-108.6665609,54.2644006],[-108.6672507,54.2643218],[-108.6678237,54.2642299],[-108.6683243,54.2640724],[-108.6686033,54.2638777],[-108.6686116,54.2636428],[-108.6685602,54.2634622],[-108.6682754,54.2632554],[-108.6678499,54.2630572],[-108.667494,54.2628314],[-108.6672555,54.2625344],[-108.6671969,54.2619057],[-108.6673411,54.2616067],[-108.667477,54.2615425],[-108.6677992,54.2614639],[-108.6678289,54.2613292],[-108.6674189,54.2608296],[-108.6672447,54.2605338],[-108.6670841,54.2599743],[-108.6668872,54.2595317],[-108.6664229,54.2590578],[-108.6661026,54.2585842],[-108.6656808,54.2580955],[-108.6654564,54.2579651],[-108.6649098,54.2579134],[-108.6645948,54.2579255],[-108.6641985,54.2581913],[-108.6640835,54.2584399],[-108.6640568,54.258883],[-108.6642523,54.259279],[-108.6652322,54.2604074],[-108.6658889,54.260969],[-108.6660551,54.2612003],[-108.6660193,54.261233],[-108.6650087,54.2609224],[-108.6644337,54.2605374],[-108.6640923,54.2601788],[-108.6638744,54.2598511],[-108.6635147,54.2586716],[-108.663586,54.2578767],[-108.6637781,54.2577492],[-108.664343,54.2575929],[-108.6652032,54.2575859],[-108.6658016,54.2577339],[-108.6660465,54.2578336],[-108.6664861,54.2581984],[-108.6668727,54.2586355],[-108.6677245,54.2601918],[-108.6681824,54.260863],[-108.6687316,54.2613074],[-108.6694677,54.261653],[-108.6698923,54.2617204],[-108.6708186,54.2614617],[-108.6713263,54.2612377],[-108.6714009,54.2609663],[-108.6702863,54.2594341],[-108.6699479,54.2588693],[-108.6697947,54.2584586],[-108.6698365,54.2580135],[-108.6701795,54.2576048],[-108.6713049,54.2566378],[-108.6731941,54.2556198],[-108.6743932,54.2547649],[-108.6750205,54.2543479],[-108.677557,54.252667],[-108.6783293,54.2520818],[-108.6795484,54.2514955],[-108.6806747,54.2508743],[-108.6817999,54.2498496],[-108.6826481,54.2493937],[-108.6830681,54.2490388],[-108.683816,54.2488035],[-108.6844168,54.2487722],[-108.6851893,54.2490543],[-108.6858438,54.2493928],[-108.6864982,54.2496999],[-108.6872371,54.25],[-108.6876787,54.2502445],[-108.6881139,54.2504434],[-108.6889444,54.2507718],[-108.6897924,54.2509756],[-108.6903101,54.250993],[-108.6909995,54.2509141],[-108.6912068,54.2507846],[-108.691454,54.2506519],[-108.6912081,54.2501733],[-108.6902533,54.2499193],[-108.6887003,54.2492521],[-108.6885254,54.2488543],[-108.6884002,54.2485616],[-108.688415,54.2483446],[-108.6886028,54.2480773],[-108.6893735,54.2477253],[-108.6902849,54.2477733],[-108.6905809,54.2478425],[-108.6909044,54.2478862],[-108.6914988,54.2481262],[-108.6929196,54.2483372],[-108.6935461,54.2483037],[-108.6942494,54.2477802],[-108.694572,54.2476173],[-108.6948002,54.2473729],[-108.6949737,54.246939],[-108.694887,54.2464075],[-108.6949437,54.2462599],[-108.6947579,54.2458908],[-108.6947452,54.2448726],[-108.6952783,54.2439904],[-108.6963088,54.2434561],[-108.697112,54.2432971],[-108.6981376,54.243306],[-108.6989251,54.2432332],[-108.6994681,54.2432759],[-108.7008478,54.2435482],[-108.7025052,54.2440936],[-108.7047772,54.2449157],[-108.7053737,54.2451012],[-108.7061098,54.2451472],[-108.7064361,54.2452083],[-108.7069764,54.2454571],[-108.7076022,54.2461909],[-108.7077456,54.2462754],[-108.7079771,54.2463393],[-108.7082987,54.2463448],[-108.7085803,54.2462432],[-108.7091904,54.2457814],[-108.7100492,54.2453438],[-108.7108767,54.2450787],[-108.7115598,54.2448975],[-108.7119371,54.244924],[-108.712544,54.2447526],[-108.7133393,54.2441453],[-108.7140009,54.243864],[-108.7145362,54.2434585],[-108.7149691,54.2432065],[-108.7152692,54.2431119],[-108.7170792,54.2426551],[-108.7177881,54.2427139],[-108.7193384,54.2430576],[-108.7205329,54.243475],[-108.721058,54.2437257],[-108.7223635,54.2446529],[-108.7226719,54.2449221],[-108.7237056,54.245637],[-108.7241294,54.2461253],[-108.7256947,54.247273],[-108.7265473,54.2479971],[-108.7273155,54.2487408],[-108.7274973,54.2490461],[-108.7279716,54.2493314],[-108.728278,54.2493389],[-108.7285238,54.2492699],[-108.7295012,54.2485285],[-108.7297104,54.2482902],[-108.730038,54.2481602],[-108.7306864,54.2479308],[-108.7314503,54.24771],[-108.7320232,54.247599],[-108.7329596,54.2474913],[-108.7342409,54.247488],[-108.7348756,54.2475188],[-108.736195,54.2477142],[-108.7374933,54.2481088],[-108.7388503,54.2486175],[-108.739875,54.2493028],[-108.7411165,54.2500595],[-108.7434334,54.2515094],[-108.7446843,54.2523311],[-108.7460933,54.2541712],[-108.7464711,54.2548805],[-108.7466039,54.2558741],[-108.7462719,54.2570771],[-108.7460388,54.2573503],[-108.7460406,54.2576963],[-108.7463609,54.2580388],[-108.7477489,54.2589272],[-108.7496554,54.2597488],[-108.75,54.2598806],[-108.7506444,54.260127],[-108.7512306,54.260454],[-108.7523446,54.2609097],[-108.7554822,54.2621999],[-108.75742,54.263317],[-108.7580606,54.2636182],[-108.7584881,54.2638627],[-108.7594967,54.2644629],[-108.7607919,54.2654005],[-108.7614227,54.2660586],[-108.7617993,54.2663377],[-108.7622654,54.2671106],[-108.7620889,54.26762],[-108.761861,54.2678645],[-108.7614299,54.2680791],[-108.7610874,54.2681887],[-108.7607927,54.2681704],[-108.7599958,54.2679641],[-108.7592001,54.2678887],[-108.7589408,54.267922],[-108.7572991,54.2676372],[-108.7565641,54.2676382],[-108.756355,54.2678054],[-108.7562659,54.2680789],[-108.7564639,54.2685213],[-108.7568933,54.2687281],[-108.7587492,54.268817],[-108.7599809,54.2687334],[-108.7608447,54.2687346],[-108.7616591,54.268817],[-108.7627506,54.2690415],[-108.7633631,54.2692247],[-108.7636741,54.2693719],[-108.7643902,54.2699161],[-108.7649446,54.2702004],[-108.7655013,54.2703627],[-108.7657874,54.2704008],[-108.7695221,54.2708934],[-108.7698012,54.2709978],[-108.7706522,54.2712626],[-108.7714742,54.2715779],[-108.7720654,54.2720446],[-108.772223,54.2724642],[-108.7722184,54.2732603],[-108.7719716,54.2735822],[-108.7719558,54.2737527],[-108.7716845,54.2742649],[-108.7716275,54.2745811],[-108.7717586,54.2748449],[-108.7721573,54.2751399],[-108.7727482,54.2752229],[-108.7733331,54.2751195],[-108.7736369,54.2749494],[-108.7738532,54.2746314],[-108.7738395,54.2742121],[-108.7733691,54.2731309],[-108.773305,54.2725776],[-108.7735039,54.2723835],[-108.7739877,54.2720966],[-108.7748653,54.2720491],[-108.7760965,54.2721339],[-108.7763112,54.2722373],[-108.7765473,54.2725251],[-108.7768095,54.273605],[-108.7770441,54.2738462],[-108.7776481,54.2740492],[-108.778307,54.2740579],[-108.7791578,54.273939],[-108.7804981,54.2733358],[-108.7815377,54.272996],[-108.7837262,54.27248],[-108.7848155,54.2724426],[-108.7863239,54.2722014],[-108.7866457,54.2722067],[-108.7869688,54.2723429],[-108.787997,54.2728655],[-108.7884126,54.2732051],[-108.7894553,54.2739785],[-108.7902943,54.2743383],[-108.7906717,54.2744488],[-108.7914778,54.2745508],[-108.7921447,54.2747081],[-108.7933403,54.2753776],[-108.7935874,54.2754393],[-108.7938653,54.2754128],[-108.7941776,54.2752228],[-108.7943306,54.2750346],[-108.7943606,54.274647],[-108.7942192,54.2743564],[-108.7939398,54.2737841],[-108.7938935,54.2734063],[-108.7939721,54.2731902],[-108.7944498,54.2726326],[-108.7947554,54.2724247],[-108.7956779,54.2720718],[-108.7968126,54.2715604],[-108.7976809,54.2712331],[-108.7989298,54.2710252],[-108.7993636,54.270988],[-108.799885,54.2710985],[-108.8004472,54.2711477],[-108.8031102,54.2716371],[-108.8058713,54.2715802],[-108.8067791,54.2716128],[-108.8069164,54.2715951],[-108.8081391,54.2710629],[-108.8095862,54.2701928],[-108.8108391,54.2697408],[-108.813531,54.2689065],[-108.8153753,54.2682845],[-108.8169208,54.2679726],[-108.8180513,54.2676206],[-108.8191697,54.2673638],[-108.8204608,54.2671408],[-108.8206472,54.267126],[-108.8244232,54.2667503],[-108.8251359,54.2669016],[-108.8255402,54.2670833],[-108.8258646,54.2674345],[-108.8259491,54.2682941],[-108.825303,54.2686584],[-108.8242131,54.2690333],[-108.8237776,54.2691083],[-108.8229403,54.2693476],[-108.8203917,54.2698829],[-108.8195092,54.2698752],[-108.8189928,54.2698203],[-108.8188252,54.2697577],[-108.8184153,54.2697732],[-108.8180729,54.2698829],[-108.8178673,54.2701435],[-108.8183289,54.270477],[-108.8189789,54.2706738],[-108.8192947,54.2710449],[-108.819572,54.2712711],[-108.819975,54.271322],[-108.8209234,54.2713773],[-108.8221372,54.270949],[-108.8233828,54.2706476],[-108.8242011,54.2705699],[-108.8249853,54.2705715],[-108.825368,54.2706531],[-108.825693,54.2707515],[-108.8260548,54.2710324],[-108.8263906,54.2716255],[-108.8271377,54.2723339],[-108.8289076,54.2732096],[-108.8291835,54.273305],[-108.8298643,54.2734135],[-108.8313988,54.2734959],[-108.8335536,54.2734419],[-108.8348906,54.2732128],[-108.8351314,54.2730881],[-108.8355046,54.2728058],[-108.835954,54.2725136],[-108.8369388,54.272199],[-108.8366788,54.2708754],[-108.8365777,54.2706076],[-108.8361437,54.2699243],[-108.8358357,54.2697863],[-108.8352666,54.2698037],[-108.8350478,54.2699443],[-108.8348508,54.2701851],[-108.8347691,54.2703923],[-108.8349408,54.2709317],[-108.8353767,54.2714931],[-108.8354239,54.2716181],[-108.8352544,54.2716774],[-108.8350547,54.2715722],[-108.8343179,54.2707221],[-108.8342952,54.2702383],[-108.8347347,54.2698351],[-108.8350823,54.2696123],[-108.8352756,54.2695311],[-108.8361596,54.2695852],[-108.8365439,54.2697134],[-108.8369851,54.2701618],[-108.8371976,54.2706397],[-108.8372693,54.2712108],[-108.8376168,54.2719615],[-108.8373693,54.2720685],[-108.8373115,54.2721695],[-108.8377194,54.2723601],[-108.8388351,54.2726464],[-108.8410621,54.2729105],[-108.8418515,54.2728832],[-108.842631,54.2727449],[-108.8443104,54.2723216],[-108.8447221,54.2722683],[-108.8455724,54.2722331],[-108.8461362,54.2724129],[-108.8463902,54.2724924],[-108.84722,54.2725721],[-108.8474963,54.2724989],[-108.8478269,54.2723157],[-108.8481324,54.2719392],[-108.8481842,54.2713146],[-108.8482594,54.2709211],[-108.8485427,54.2706129],[-108.8490969,54.2704288],[-108.8500386,54.270466],[-108.8503535,54.2705376],[-108.8511249,54.2709881],[-108.8516386,54.2711991],[-108.8520402,54.2713187],[-108.8532432,54.2719879],[-108.8535931,54.2721681],[-108.8541571,54.2721793],[-108.8547942,54.2720874],[-108.8551706,54.271814],[-108.8553037,54.2711508],[-108.8552843,54.2705074],[-108.8549769,54.2698638],[-108.8548368,54.2695356],[-108.8547343,54.2689685],[-108.8549212,54.2685324],[-108.8551367,54.2682985],[-108.8557791,54.2679251],[-108.8561078,54.2678638],[-108.8570075,54.2675787],[-108.8580748,54.2673561],[-108.858954,54.2672703],[-108.8594165,54.2671823],[-108.8598755,54.2671696],[-108.8600972,54.2672906],[-108.8602748,54.2674642],[-108.8602964,54.2677329],[-108.8601471,54.2679301],[-108.8600872,54.2697165],[-108.8597456,54.2706314],[-108.8591859,54.2711814],[-108.8592194,54.2714392],[-108.8593479,54.2716097],[-108.8596305,54.2718072],[-108.8601928,54.271856],[-108.860923,54.2717988],[-108.8612992,54.2716096],[-108.8614519,54.2714213],[-108.8612014,54.2699559],[-108.8613514,54.2692531],[-108.8615482,54.268928],[-108.8618772,54.2686139],[-108.8622146,54.2683642],[-108.8627857,54.2680561],[-108.8642632,54.267565],[-108.8650221,54.2674573],[-108.867146,54.2674066],[-108.8676608,54.267499],[-108.8686126,54.2675628],[-108.8689021,54.2676937],[-108.8690983,54.2678742],[-108.8691251,54.2681984],[-108.8686993,54.2703694],[-108.868934,54.271116],[-108.8691032,54.2712251],[-108.8696418,54.2712957],[-108.8699315,54.2712581],[-108.8703891,54.270946],[-108.8706589,54.2705178],[-108.870711,54.2693034],[-108.8707738,54.2690893],[-108.8711875,54.2687454],[-108.8718755,54.2683659],[-108.8736103,54.2678788],[-108.8757802,54.2675691],[-108.8791523,54.2675622],[-108.8796466,54.2678538],[-108.8797481,54.2680372],[-108.8801777,54.2687491],[-108.880797,54.2696237],[-108.8816078,54.2702861],[-108.8824527,54.2707007],[-108.882844,54.2707623],[-108.8836822,54.2709905],[-108.8840701,54.2710431],[-108.8872221,54.2713829],[-108.8880927,54.2714852],[-108.8894866,54.2717442],[-108.8907028,54.2717454],[-108.8910721,54.2716225],[-108.8921616,54.2709099],[-108.8931782,54.2701318],[-108.8938948,54.2697016],[-108.8944928,54.2694647],[-108.8960562,54.2694114],[-108.8965118,54.2694739],[-108.8969843,54.269581],[-108.8977177,54.2697011],[-108.8984577,54.2700075],[-108.8984949,54.2702742],[-108.8975733,54.2709651],[-108.8970802,54.2715628],[-108.89697,54.2719048],[-108.8972325,54.2722172],[-108.8976305,54.272465],[-108.8987941,54.2727913],[-108.8992684,54.2727765],[-108.8996563,54.272492],[-108.900002,54.2719696],[-108.9006814,54.2714412],[-108.901586,54.2709585],[-108.9023178,54.2706948],[-108.9039523,54.2704917],[-108.906515,54.270458],[-108.9067301,54.2704769],[-108.9105463,54.2707108],[-108.9107987,54.2708278],[-108.9108698,54.2709309],[-108.9108241,54.2713582],[-108.9100619,54.2717102],[-108.9086289,54.2720651],[-108.9078937,54.2724884],[-108.9076159,54.2726837],[-108.9075431,54.2728711],[-108.9074838,54.2733469],[-108.9076735,54.2736781],[-108.908202,54.2739745],[-108.9090354,54.2743155],[-108.9103957,54.2749064],[-108.9113529,54.2751096],[-108.9119475,54.2750323],[-108.9122879,54.2748756],[-108.9137395,54.2736849],[-108.9147152,54.2731366],[-108.9153588,54.2728937],[-108.9166512,54.2727161],[-108.9180165,54.2727725],[-108.9191514,54.2727278],[-108.9197545,54.2727991],[-108.9203322,54.2730985],[-108.9205203,54.2732987],[-108.920639,54.273611],[-108.9205713,54.2737696],[-108.9199803,54.2746986],[-108.9197029,54.2758209],[-108.9201165,54.2767409],[-108.9219975,54.2782377],[-108.922477,54.2783626],[-108.9226531,54.2783209],[-108.9232438,54.276802],[-108.9237535,54.2762487],[-108.9242108,54.2759364],[-108.9256098,54.2754077],[-108.9258944,54.2753145],[-108.926594,54.2752609],[-108.9269158,54.2751815],[-108.9280491,54.2751744],[-108.9290606,54.2755202],[-108.931279,54.277104],[-108.9324652,54.2776143],[-108.9332092,54.2780137],[-108.933743,54.278197],[-108.9344394,54.2783871],[-108.9351714,54.2784603],[-108.9362318,54.2783034],[-108.9369247,54.2782319],[-108.9376734,54.2781811],[-108.937975,54.2782167],[-108.9386596,54.2783335],[-108.939251,54.2784999],[-108.939395,54.2785841],[-108.9397324,54.2788398],[-108.9399749,54.2790985],[-108.9403159,54.2797002],[-108.9408008,54.280049],[-108.9413888,54.2802065],[-108.9439303,54.2803247],[-108.9452061,54.280355],[-108.9460924,54.2805391],[-108.9470991,54.2809135],[-108.949062,54.281697],[-108.9501316,54.2821943],[-108.9520946,54.2829777],[-108.9523487,54.2829726],[-108.9542138,54.281231],[-108.955514,54.2804432],[-108.9560723,54.2798085],[-108.9562349,54.2797311],[-108.9564787,54.279615],[-108.9570782,54.2794244],[-108.9574796,54.2793439],[-108.9587706,54.279372],[-108.9590892,54.2794522],[-108.9599861,54.2799158],[-108.9603138,54.2803974],[-108.9603108,54.2807256],[-108.9601485,54.2809715],[-108.9593122,54.2814647],[-108.9589738,54.2817523],[-108.9581955,54.2825656],[-108.9575308,54.2834671],[-108.957385,54.2847223],[-108.9575569,54.2852993],[-108.9578781,54.2860159],[-108.9580903,54.2862786],[-108.9584735,54.2865282],[-108.958721,54.2865896],[-108.9589532,54.2865687],[-108.9597271,54.2862054],[-108.9607483,54.2858193],[-108.9616105,54.2856037],[-108.9619917,54.285554],[-108.9626932,54.2855467],[-108.9643761,54.2857203],[-108.9657608,54.2859516],[-108.9669307,54.2863327],[-108.9680769,54.2868198],[-108.9693812,54.2875111],[-108.9709787,54.2882578],[-108.9718555,54.2886677],[-108.9725833,54.2891065],[-108.9740399,54.2896093],[-108.974218,54.2896984],[-108.9744374,54.2901474],[-108.9744291,54.2902515],[-108.9744226,54.2904022],[-108.9741284,54.2908059],[-108.9734953,54.2912445],[-108.9719168,54.2918066],[-108.9707972,54.2921869],[-108.9702434,54.2924559],[-108.9699032,54.292697],[-108.9696901,54.2929777],[-108.9694909,54.2934627],[-108.9694594,54.2939257],[-108.9699537,54.2945916],[-108.9702997,54.2947431],[-108.9715851,54.2950904],[-108.9736855,54.2953499],[-108.9743514,54.2952068],[-108.9746579,54.295045],[-108.9754083,54.2947877],[-108.9760013,54.2946634],[-108.9767096,54.2945896],[-108.978613,54.2945844],[-108.9792961,54.2946544],[-108.9800705,54.2945438],[-108.980784,54.2945255],[-108.9814961,54.2946291],[-108.9824434,54.2945522],[-108.9839759,54.2947078],[-108.9850166,54.2947497],[-108.9857371,54.2948334],[-108.9865003,54.2950708],[-108.9888751,54.2959218],[-108.9892619,54.296096],[-108.9893179,54.2961167],[-108.9922162,54.2975829],[-108.9931543,54.2979004],[-108.994305,54.2985648],[-108.9950551,54.298935],[-108.9966125,54.29949],[-108.9970566,54.2994787],[-108.9975393,54.2992751],[-108.998489,54.2987855],[-108.9987365,54.2987625],[-109.0,54.298424],[-109.0004794,54.2982534],[-109.0008776,54.2981638],[-109.002091,54.2980706],[-109.0028861,54.2980977],[-109.0037301,54.2980434],[-109.00475,54.297863],[-109.0059666,54.2976944],[-109.0092272,54.2967991],[-109.010494,54.2964272],[-109.0118143,54.2957765],[-109.0122051,54.2955005],[-109.0137184,54.2935975],[-109.0141964,54.2930477],[-109.0152953,54.2920701],[-109.0160234,54.2912534],[-109.0172901,54.2903381],[-109.017967,54.2900152],[-109.0181531,54.2899159],[-109.0205321,54.2892293],[-109.0233495,54.2878483],[-109.0240363,54.2874679],[-109.0253741,54.2866555],[-109.026883,54.2852867],[-109.0277716,54.2844301],[-109.0301662,54.2829919],[-109.0328451,54.2820034],[-109.0344824,54.2811796],[-109.0348035,54.2809314],[-109.0348095,54.2806964],[-109.0342988,54.2804918],[-109.0334739,54.2805532],[-109.0319043,54.2808435],[-109.0298238,54.2813881],[-109.0294585,54.2816047],[-109.0286271,54.2822758],[-109.0282702,54.2824725],[-109.0276371,54.2826586],[-109.0273052,54.2827115],[-109.0270511,54.2827167],[-109.0267864,54.2826109],[-109.0265349,54.2823723],[-109.0265528,54.2821264],[-109.0268394,54.2811614],[-109.0273849,54.2800782],[-109.0274816,54.2795784],[-109.0281453,54.278386],[-109.0288111,54.2773245],[-109.0294377,54.2767458],[-109.0299937,54.2763169],[-109.0307614,54.2758977],[-109.031599,54.2756191],[-109.0320189,54.2755453],[-109.0331876,54.2755043],[-109.0343467,54.2756051],[-109.0374656,54.2761417],[-109.0384639,54.2762823],[-109.0394787,54.276299],[-109.0404711,54.2762155],[-109.0436786,54.2754382],[-109.0472628,54.2748924],[-109.0478857,54.2747637],[-109.0485186,54.2745775],[-109.0504734,54.2741239],[-109.0523645,54.2738379],[-109.0552158,54.2735099],[-109.0568257,54.273242],[-109.0589067,54.2730339],[-109.0616603,54.2728685],[-109.0629928,54.272712],[-109.0650965,54.2726881],[-109.0666102,54.2729199],[-109.069223,54.2735129],[-109.0714467,54.2741758],[-109.0742178,54.2752632],[-109.074585,54.2755521],[-109.0755849,54.2760294],[-109.0765171,54.2764969],[-109.0775727,54.2769107],[-109.0787723,54.2773242],[-109.081802,54.277834],[-109.0825426,54.2778863],[-109.0839857,54.2778087],[-109.0858264,54.2776411],[-109.0872122,54.2772899],[-109.0884483,54.2767991],[-109.0903431,54.2759403],[-109.0912248,54.2754025],[-109.0922794,54.2748981],[-109.0937947,54.2740518],[-109.0963634,54.272823],[-109.0978615,54.2723069],[-109.0990531,54.2717843],[-109.0999802,54.2712404],[-109.1006009,54.2710648],[-109.104053,54.2700941],[-109.1049685,54.2699358],[-109.1068319,54.2696618],[-109.1093418,54.2696115],[-109.1099462,54.2695599],[-109.1105839,54.2697193],[-109.1111931,54.2699293],[-109.1121466,54.2705343],[-109.1126104,54.2707822],[-109.1133744,54.271103],[-109.1144312,54.2713945],[-109.1165136,54.2718128],[-109.118429,54.2723376],[-109.1207846,54.2731321],[-109.1218328,54.273359],[-109.1223497,54.2734125],[-109.1226544,54.2733723],[-109.1236048,54.2730968],[-109.1242343,54.2729855],[-109.1261287,54.2727914],[-109.1261591,54.2727873],[-109.1299901,54.2726745],[-109.1310825,54.272933],[-109.1316074,54.2731729],[-109.1317332,54.2732499],[-109.1326469,54.2739163],[-109.1332554,54.2745386],[-109.133536,54.2747264],[-109.1340403,54.2749127],[-109.1346133,54.2749869],[-109.135834,54.2748723],[-109.136776,54.2746165],[-109.1378005,54.2742842],[-109.1382929,54.274191],[-109.1391008,54.2741685],[-109.1394212,54.2742104],[-109.1404267,54.2743679],[-109.1414942,54.2746858],[-109.1423559,54.2751341],[-109.1429439,54.2757029],[-109.1437383,54.2762256],[-109.1448596,54.2767238],[-109.1458588,54.2769477],[-109.1476577,54.2771688],[-109.1483762,54.2772049],[-109.1487496,54.2770524],[-109.1495935,54.2762941],[-109.1502006,54.2758763],[-109.1506344,54.2756315],[-109.1517448,54.2752315],[-109.1524401,54.2750832],[-109.1542456,54.2750315],[-109.1549258,54.2751757],[-109.1552149,54.2753436],[-109.1553261,54.2755069],[-109.1560488,54.2764233],[-109.1569793,54.277256],[-109.1573742,54.2775317],[-109.1583402,54.2778348],[-109.1597652,54.278124],[-109.1608126,54.278182],[-109.1614579,54.2781528],[-109.1621739,54.2780579],[-109.1648164,54.2775203],[-109.1660998,54.2771535],[-109.1681375,54.276874],[-109.1697755,54.2768443],[-109.1715504,54.2770026],[-109.171918,54.2770007],[-109.175747,54.2770459],[-109.1793512,54.276924],[-109.1822618,54.2767065],[-109.1833231,54.2765938],[-109.1835461,54.276508],[-109.1838001,54.2757995],[-109.1834807,54.2752233],[-109.183404,54.2751491],[-109.1829252,54.2747815],[-109.1828383,54.2744744],[-109.1830905,54.274216],[-109.1836777,54.2739131],[-109.184053,54.2738071],[-109.1847508,54.2737894],[-109.1850851,54.2738669],[-109.1852415,54.2739399],[-109.1853266,54.2739942],[-109.1859787,54.2748917],[-109.1866267,54.2756961],[-109.1870993,54.2759239],[-109.1875894,54.2759901],[-109.1881751,54.2759311],[-109.1885705,54.2757942],[-109.1890549,54.275102],[-109.1894283,54.2747431],[-109.1898735,54.2744872],[-109.190631,54.2742929],[-109.192062,54.2740185],[-109.1944305,54.2733946],[-109.1962602,54.2729923],[-109.1963925,54.2727966],[-109.1970115,54.2711304],[-109.1978731,54.2699662],[-109.1981819,54.2696065],[-109.1991304,54.2689556],[-109.1995986,54.2683873],[-109.1997301,54.2683135],[-109.2009576,54.2673912],[-109.2015404,54.2672013],[-109.2020692,54.2672435],[-109.2031909,54.2677411],[-109.2039688,54.2680126],[-109.204793,54.2685685],[-109.205501,54.2685775],[-109.2060278,54.2683669],[-109.2068813,54.2679254],[-109.2072073,54.2678164],[-109.2077306,54.2675969],[-109.2078559,54.2673834],[-109.2077385,54.2658431],[-109.2078105,54.2655336],[-109.2080923,54.2649806],[-109.208473,54.2643113],[-109.2090205,54.263948],[-109.2096482,54.2636677],[-109.2101396,54.263696],[-109.2111368,54.2640789],[-109.2121029,54.2643816],[-109.2128205,54.2645392],[-109.2134545,54.2646048],[-109.2145666,54.2645412],[-109.2148725,54.264463],[-109.2150303,54.2642921],[-109.2149375,54.2641357],[-109.2144496,54.2637038],[-109.213804,54.2630305],[-109.2136434,54.262452],[-109.2147756,54.260708],[-109.2159602,54.2598005],[-109.2170507,54.2591867],[-109.2173573,54.2591928],[-109.2176832,54.25929],[-109.2189572,54.2599734],[-109.2202145,54.2600779],[-109.2217639,54.2602747],[-109.2225222,54.2600425],[-109.2239558,54.259158],[-109.2241267,54.2589384],[-109.224377,54.2585114],[-109.2247119,54.2582606],[-109.2254472,54.2577221],[-109.2265527,54.2571062],[-109.227369,54.2565288],[-109.2276968,54.256054],[-109.227842,54.2556035],[-109.2277623,54.2553985],[-109.2270453,54.2549129],[-109.2253708,54.2541049],[-109.2251292,54.2537715],[-109.2252924,54.2534498],[-109.2260326,54.2530888],[-109.2263674,54.2530442],[-109.226604,54.2529939],[-109.2274044,54.2529529],[-109.2299504,54.2529137],[-109.2305827,54.2528107],[-109.2308538,54.2526433],[-109.2310779,54.2523135],[-109.2312844,54.2515268],[-109.2313043,54.2512898],[-109.230914,54.2509856],[-109.2306896,54.2504906],[-109.2306383,54.250235],[-109.230664,54.25],[-109.2318237,54.2494959],[-109.2334574,54.248922],[-109.2338834,54.248659],[-109.2339345,54.2485022],[-109.2337241,54.2482491],[-109.2329948,54.2478963],[-109.2327387,54.2476493],[-109.2323635,54.2469307],[-109.2323438,54.2462209],[-109.2321188,54.2458479],[-109.2321491,54.2456376],[-109.2326151,54.2451068],[-109.2330685,54.2445028],[-109.2335594,54.2441186],[-109.2338796,54.2439541],[-109.2344252,54.2438345],[-109.2347185,54.2438891],[-109.2352111,54.2440859],[-109.2365585,54.2440938],[-109.2373125,54.2441807],[-109.2377821,54.2440712],[-109.2380904,54.2437114],[-109.2378078,54.2431492],[-109.2373255,54.242773],[-109.2371344,54.2424048],[-109.2369121,54.2408035],[-109.2368193,54.2406471],[-109.2368814,54.2403951],[-109.237072,54.2399386],[-109.2372756,54.2392272],[-109.2375843,54.2385392],[-109.2378041,54.2383225],[-109.2381234,54.2380737],[-109.2389496,54.2377292],[-109.2393852,54.2376148],[-109.2408377,54.2378523],[-109.2427413,54.2383857],[-109.2430421,54.2383362],[-109.2434278,54.2381348],[-109.2438535,54.2376656],[-109.2439554,54.2371458],[-109.243472,54.2362729],[-109.2431012,54.2351133],[-109.2430995,54.2347385],[-109.2431647,54.2340831],[-109.2434823,54.2334596],[-109.243729,54.2332298],[-109.2441312,54.2329887],[-109.2451378,54.2327794],[-109.2456523,54.2327857],[-109.2464669,54.2328645],[-109.2470272,54.2330709],[-109.247541,54.2331992],[-109.2479165,54.2331772],[-109.248229,54.2331167],[-109.2486582,54.2328626],[-109.2489974,54.232583],[-109.2490981,54.2323071],[-109.2491936,54.2316475],[-109.2493627,54.2312594],[-109.2498357,54.2306245],[-109.25,54.2304804],[-109.2502771,54.2302375],[-109.2509206,54.2299173],[-109.2512576,54.229591],[-109.2514802,54.2295051],[-109.2519495,54.2293956],[-109.252333,54.2291475],[-109.2527631,54.2291838],[-109.2532951,54.2294409],[-109.2535277,54.2297097],[-109.2537851,54.2299191],[-109.2544769,54.2302579],[-109.2551263,54.2304055],[-109.2561511,54.2305311],[-109.2565674,54.2305318],[-109.257529,54.2304127],[-109.2584594,54.2302134],[-109.258615,54.230202],[-109.2599793,54.2297198],[-109.2610818,54.2294694],[-109.262248,54.2293417],[-109.2630263,54.2291627],[-109.2637397,54.2291049],[-109.2646517,54.2291048],[-109.2652232,54.2288879],[-109.2659019,54.2287409],[-109.2676252,54.2284824],[-109.2684227,54.2281883],[-109.2693014,54.2277334],[-109.2695648,54.2276701],[-109.2714043,54.227546],[-109.2726316,54.2276162],[-109.2729409,54.227753],[-109.2729951,54.2279332],[-109.2729123,54.2284599],[-109.2727456,54.2288946],[-109.2727463,54.229307],[-109.2728157,54.2294852],[-109.2729916,54.2296492],[-109.2732843,54.2298256],[-109.2741849,54.2300427],[-109.2756986,54.2301496],[-109.2763042,54.2301436],[-109.2767392,54.230151],[-109.2778045,54.2300929],[-109.2784901,54.2302918],[-109.2791783,54.2304153],[-109.2805447,54.2305137],[-109.2825701,54.2310302],[-109.2831754,54.2311461],[-109.2834439,54.2312601],[-109.2837936,54.2315414],[-109.2841054,54.2319309],[-109.2841853,54.2321359],[-109.2837421,54.2324764],[-109.2831158,54.2329633],[-109.2810016,54.2339024],[-109.2809181,54.2340167],[-109.2809246,54.2341565],[-109.2810388,54.2342443],[-109.2812713,54.234307],[-109.2815659,54.2343238],[-109.2820835,54.2341327],[-109.2827084,54.2340116],[-109.2833159,54.2338459],[-109.2850714,54.2337516],[-109.2860052,54.2338891],[-109.2867725,54.2341333],[-109.2872913,54.2345607],[-109.2877235,54.2352997],[-109.2879164,54.2359583],[-109.2879775,54.2368126],[-109.2879014,54.237479],[-109.2875054,54.2383101],[-109.2872076,54.2388187],[-109.2870598,54.2392604],[-109.2870158,54.2397631],[-109.2872663,54.2412671],[-109.2874536,54.241542],[-109.2877874,54.2417411],[-109.2881146,54.2418005],[-109.2886058,54.2418285],[-109.288903,54.2417699],[-109.2898019,54.241284],[-109.2899944,54.2410801],[-109.2909941,54.2408526],[-109.2912987,54.2406899],[-109.2941619,54.240316],[-109.2960651,54.2408861],[-109.2968596,54.2414454],[-109.2969092,54.2416544],[-109.2970352,54.2417313],[-109.2973039,54.2421734],[-109.2974239,54.2426449],[-109.2982125,54.2435987],[-109.2982521,54.2439871],[-109.2979679,54.2446533],[-109.2982517,54.2447653],[-109.2994575,54.2451476],[-109.2997636,54.2456035],[-109.2997784,54.2457234],[-109.2995894,54.2459363],[-109.2981516,54.2470101],[-109.2980234,54.2472148],[-109.2979048,54.2476901],[-109.2975476,54.2481692],[-109.2975637,54.2485795],[-109.2977702,54.2490675],[-109.298705,54.25],[-109.3001476,54.2510556],[-109.3007363,54.251333],[-109.3010845,54.2514458],[-109.3012671,54.2514213],[-109.301368,54.2513515],[-109.3014231,54.2509598],[-109.3015791,54.2508264],[-109.3022598,54.2505195],[-109.302838,54.25],[-109.3034925,54.2496679],[-109.3039324,54.2495676],[-109.3044796,54.2495676],[-109.3049516,54.2497744],[-109.305086,54.25],[-109.3051976,54.2504167],[-109.3046611,54.2513792],[-109.3044065,54.2519571],[-109.3042753,54.2523591],[-109.3046412,54.2531727],[-109.3050143,54.253554],[-109.3052244,54.2537227],[-109.3055366,54.2537841],[-109.3057426,54.2537377],[-109.3061622,54.253869],[-109.3063496,54.2538158],[-109.3065234,54.253605],[-109.307232,54.2522631],[-109.3074679,54.2520064],[-109.3077679,54.2518725],[-109.3082078,54.251851],[-109.30843,54.2518869],[-109.3090888,54.2522205],[-109.3093619,54.2524277],[-109.3107391,54.2542309],[-109.3115593,54.2546085],[-109.3120158,54.2545473],[-109.3124152,54.2543813],[-109.3129359,54.2539927],[-109.3144462,54.2532277],[-109.3151909,54.2530435],[-109.3156273,54.2530131],[-109.3171047,54.2531057],[-109.3179161,54.253297],[-109.3186441,54.2536025],[-109.3192065,54.2540991],[-109.3193741,54.2544048],[-109.3192813,54.2553549],[-109.3186675,54.2560373],[-109.3183031,54.2566206],[-109.3183812,54.257107],[-109.3185622,54.2572422],[-109.319381,54.2573293],[-109.3210412,54.2569473],[-109.322185,54.2567189],[-109.3227176,54.2566474],[-109.3232438,54.2567644],[-109.3242759,54.2571511],[-109.3262317,54.2577701],[-109.3269297,54.2579578],[-109.3281192,54.2581733],[-109.3288001,54.2581944],[-109.3290791,54.258007],[-109.3293793,54.2573009],[-109.3297153,54.2567683],[-109.3301771,54.2564344],[-109.3306513,54.2562957],[-109.3316518,54.256274],[-109.3319628,54.2563729],[-109.3336379,54.2579109],[-109.334803,54.2585141],[-109.3357386,54.2587354],[-109.3365216,54.2586491],[-109.3370671,54.2580789],[-109.3362904,54.2565047],[-109.3359746,54.2559844],[-109.3359158,54.2555891],[-109.3360451,54.2553467],[-109.3375041,54.2548601],[-109.3383324,54.2548896],[-109.3387264,54.2549961],[-109.3393097,54.2552178],[-109.3393019,54.2555658],[-109.3392543,54.2564255],[-109.3396549,54.2572438],[-109.340108,54.2576237],[-109.3410864,54.2580362],[-109.34289,54.2583472],[-109.3438892,54.2583631],[-109.3447086,54.2582061],[-109.3450204,54.2579392],[-109.3451188,54.2573727],[-109.3451111,54.2565766],[-109.3455898,54.2559591],[-109.345954,54.2558258],[-109.346608,54.2552878],[-109.3470647,54.2551045],[-109.3487919,54.2549756],[-109.3495523,54.2549953],[-109.3499721,54.2551265],[-109.3500549,54.255256],[-109.350115,54.2556136],[-109.3493316,54.256516],[-109.3489994,54.2570576],[-109.3488597,54.2572733],[-109.3489213,54.2574714],[-109.3491281,54.2576311],[-109.350919,54.2578687],[-109.3513694,54.2578738],[-109.3517077,54.2578377],[-109.3521434,54.257601],[-109.3530687,54.2565295],[-109.3537004,54.2559757],[-109.3548404,54.2551661],[-109.3554282,54.2549089],[-109.3576072,54.2546253],[-109.3585837,54.2548691],[-109.3587728,54.2551062],[-109.3589539,54.2552413],[-109.3605408,54.2556937],[-109.362418,54.2560695],[-109.3640669,54.255904],[-109.365146,54.2556744],[-109.3654774,54.2554986],[-109.365133,54.2550291],[-109.3644441,54.2542121],[-109.3646527,54.2539684],[-109.3651457,54.2537145],[-109.3653985,54.2536242],[-109.3660854,54.2535787],[-109.3667486,54.253677],[-109.3677074,54.2539981],[-109.3684274,54.2544452],[-109.3690742,54.2545832],[-109.3697202,54.254515],[-109.3710076,54.2541636],[-109.3716515,54.2539269],[-109.3720979,54.2534729],[-109.3722329,54.253164],[-109.3722591,54.2528229],[-109.3719951,54.2525583],[-109.371834,54.2522705],[-109.3716961,54.2513888],[-109.3717538,54.2511278],[-109.3725413,54.2500204],[-109.3725886,54.2498559],[-109.3725457,54.2495958],[-109.3729238,54.249376],[-109.3736377,54.2491955],[-109.373998,54.2491752],[-109.3747008,54.2493337],[-109.375,54.2493716],[-109.3755635,54.249414],[-109.3766578,54.2497148],[-109.3776771,54.2497838],[-109.3784066,54.2496271],[-109.3786856,54.2493513],[-109.3788465,54.2489],[-109.37875,54.2483859],[-109.3782564,54.2477591],[-109.3775483,54.2472576],[-109.3769046,54.2467435],[-109.3762287,54.2462295],[-109.3751773,54.245333],[-109.374555,54.2445745],[-109.374276,54.2436341],[-109.3743082,54.2424304],[-109.374673,54.2411514],[-109.3749627,54.2404868],[-109.3752688,54.2396574],[-109.3755096,54.2394436],[-109.3758961,54.2389507],[-109.3765291,54.2387249],[-109.3777307,54.2386058],[-109.380659,54.2384498],[-109.3815772,54.2382604],[-109.3824172,54.2380347],[-109.3828665,54.2378335],[-109.3836144,54.2372919],[-109.3837764,54.2366777],[-109.384227,54.2358249],[-109.3852355,54.2353107],[-109.386523,54.2353483],[-109.3878105,54.2358124],[-109.3885829,54.2357497],[-109.3895685,54.2354398],[-109.3903758,54.235105],[-109.3907959,54.2347482],[-109.3914673,54.2332791],[-109.3923577,54.2326526],[-109.3928794,54.2324322],[-109.3930045,54.2324247],[-109.3932056,54.2325288],[-109.3933937,54.2326817],[-109.3940976,54.2336929],[-109.3942263,54.2343074],[-109.3951919,54.2352229],[-109.3962433,54.2360883],[-109.3972089,54.2365397],[-109.3976381,54.2363892],[-109.3980243,54.2355365],[-109.3985178,54.2349345],[-109.3995478,54.2343576],[-109.4005134,54.2341068],[-109.4013502,54.2341068],[-109.4026814,54.2344391],[-109.4032894,54.2346008],[-109.4047694,54.2351889],[-109.405444,54.2355199],[-109.4063509,54.236401],[-109.4069959,54.2375519],[-109.4074026,54.2379754],[-109.4074281,54.2389694],[-109.4077178,54.2395275],[-109.4083615,54.240098],[-109.4089429,54.2403842],[-109.4096678,54.2408021],[-109.4099881,54.2410872],[-109.4108932,54.2415558],[-109.4112674,54.2418148],[-109.4122775,54.2429165],[-109.4131976,54.2439928],[-109.4136993,54.2442909],[-109.4148103,54.2448349],[-109.4150993,54.2452013],[-109.4157215,54.2456214],[-109.4156893,54.2458847],[-109.4157296,54.2462279],[-109.4161802,54.2464159],[-109.4172262,54.246861],[-109.4176983,54.2472372],[-109.4183045,54.2480772],[-109.418342,54.2485849],[-109.4184654,54.2489704],[-109.4186746,54.2492306],[-109.4190501,54.2492525],[-109.4193452,54.2491021],[-109.4196027,54.2487542],[-109.4198387,54.2482025],[-109.4201874,54.2478578],[-109.4207238,54.2472873],[-109.4210833,54.2469927],[-109.4215929,54.246673],[-109.4220489,54.2463689],[-109.4223332,54.246253],[-109.4226014,54.2462812],[-109.4231807,54.2464097],[-109.4236475,54.2466918],[-109.4238459,54.2470209],[-109.4237172,54.2473469],[-109.4230681,54.2479079],[-109.4227784,54.248049],[-109.4219308,54.2484689],[-109.4217055,54.2487542],[-109.4216197,54.2489109],[-109.422081,54.2493716],[-109.4225209,54.2496976],[-109.4229615,54.2498997],[-109.4241544,54.2499782],[-109.4255062,54.2497838],[-109.427808,54.25],[-109.4286093,54.2501835],[-109.4295405,54.2504329],[-109.4309959,54.2516056],[-109.4317799,54.2523345],[-109.4323053,54.2532202],[-109.4323311,54.2537326],[-109.4316434,54.2546698],[-109.4307695,54.2556228],[-109.4304338,54.2561934],[-109.4304291,54.2563441],[-109.4304443,54.256464],[-109.4306409,54.2565969],[-109.4314448,54.2568072],[-109.4325154,54.2569626],[-109.4335112,54.2574565],[-109.433695,54.257638],[-109.434038,54.2586704],[-109.4338708,54.2591808],[-109.4337328,54.2593589],[-109.4334064,54.2596281],[-109.4333221,54.2596583],[-109.4329734,54.2597898],[-109.4325569,54.2599118],[-109.4318536,54.2599975],[-109.4306192,54.2602394],[-109.4297533,54.2604408],[-109.4290828,54.2609348],[-109.4285177,54.261452],[-109.4282076,54.2618035],[-109.4275663,54.262331],[-109.4273861,54.2626461],[-109.4274178,54.263214],[-109.4281574,54.2641553],[-109.428793,54.2651575],[-109.4290294,54.2653507],[-109.4291722,54.2656316],[-109.4292366,54.2663639],[-109.4291629,54.2669086],[-109.4290424,54.2672532],[-109.4281354,54.2676759],[-109.4273185,54.2678801],[-109.4265051,54.2678492],[-109.4251802,54.267456],[-109.4242661,54.267617],[-109.4236891,54.2679013],[-109.4230289,54.2685439],[-109.4232232,54.2693619],[-109.4237276,54.2703162],[-109.4237369,54.271722],[-109.4235577,54.2727311],[-109.4232686,54.273136],[-109.4229502,54.2733853],[-109.4224222,54.2736724],[-109.420692,54.2741217],[-109.4193996,54.2745026],[-109.4187581,54.2747862],[-109.4178658,54.2759384],[-109.4178704,54.2763974],[-109.4180517,54.2771421],[-109.4181723,54.2772853],[-109.4184333,54.277297],[-109.4191534,54.2770497],[-109.4197563,54.2767901],[-109.4205067,54.2766607],[-109.4208064,54.2766483],[-109.4215814,54.2768251],[-109.4219548,54.2769998],[-109.4223984,54.2775966],[-109.4225026,54.2780234],[-109.4225189,54.2784714],[-109.4223714,54.2787071],[-109.4221349,54.2788797],[-109.421786,54.2790113],[-109.4209185,54.2791284],[-109.4205602,54.2793175],[-109.4201902,54.2796394],[-109.4200579,54.279873],[-109.4199723,54.2801848],[-109.4202544,54.2809815],[-109.4206149,54.2816927],[-109.4208502,54.2820455],[-109.4210656,54.2821853],[-109.421637,54.2822114],[-109.4219016,54.28211],[-109.4231708,54.2811413],[-109.4236123,54.2809597],[-109.424954,54.2808255],[-109.4253181,54.2808138],[-109.4266247,54.2809563],[-109.4273097,54.2811077],[-109.4280356,54.2814037],[-109.4287217,54.2818832],[-109.4288341,54.2821682],[-109.4287897,54.2829904],[-109.4289747,54.2833781],[-109.4295017,54.2839824],[-109.430079,54.2844297],[-109.4318062,54.2850688],[-109.4334854,54.2853017],[-109.4338988,54.2855366],[-109.4344854,54.2856825],[-109.434955,54.2856941],[-109.435565,54.2855742],[-109.4361352,54.285272],[-109.4362534,54.2850027],[-109.4364969,54.2847259],[-109.4371501,54.2843093],[-109.4376992,54.2840756],[-109.438794,54.2839652],[-109.4392857,54.2838706],[-109.439932,54.2836801],[-109.4408241,54.2835032],[-109.4414389,54.2835983],[-109.441974,54.2838168],[-109.4423875,54.2840517],[-109.4430095,54.2846525],[-109.4440613,54.2852045],[-109.444703,54.2854085],[-109.4451481,54.2856017],[-109.4454842,54.2856407],[-109.4456259,54.2857153],[-109.4464153,54.2860495],[-109.447459,54.2866214],[-109.4481347,54.2867082],[-109.448521,54.2865903],[-109.4488616,54.2862347],[-109.4497506,54.2847916],[-109.4503499,54.2845229],[-109.4506824,54.2844311],[-109.4517116,54.2843575],[-109.4539785,54.2844542],[-109.4548767,54.2845766],[-109.4557528,54.2848052],[-109.4566466,54.2853222],[-109.4574187,54.2858557],[-109.4586148,54.2865288],[-109.459455,54.2871938],[-109.4601485,54.2874471],[-109.4611159,54.2875413],[-109.4613455,54.2877166],[-109.4612489,54.2882832],[-109.4613064,54.288388],[-109.4615289,54.2884236],[-109.4617795,54.2884084],[-109.461934,54.2883125],[-109.4624484,54.2874641],[-109.4629455,54.2869371],[-109.4631912,54.2867068],[-109.4636745,54.2863881],[-109.464494,54.2862302],[-109.4657177,54.2862428],[-109.4662494,54.2863303],[-109.4670954,54.2868068],[-109.4674424,54.2871163],[-109.4675761,54.2873328],[-109.4675911,54.2882221],[-109.4678214,54.2888852],[-109.4679423,54.2891503],[-109.4682131,54.2893481],[-109.4686407,54.2894966],[-109.4693469,54.2895793],[-109.4697299,54.2895743],[-109.4699651,54.2894393],[-109.4702399,54.2891206],[-109.4703427,54.2888533],[-109.4708294,54.2885435],[-109.4718598,54.288432],[-109.4727064,54.288383],[-109.4736081,54.2883922],[-109.4741072,54.2885592],[-109.4745129,54.2889358],[-109.4746752,54.2894674],[-109.4746377,54.290345],[-109.4743948,54.2908658],[-109.4743868,54.2910076],[-109.4753062,54.2919527],[-109.4766576,54.2927735],[-109.4773513,54.2930267],[-109.4783586,54.2930591],[-109.4790178,54.2929416],[-109.4807721,54.2928352],[-109.4818024,54.2926018],[-109.4834644,54.2926674],[-109.4837831,54.2927837],[-109.4853488,54.2934159],[-109.4868643,54.294083],[-109.4873787,54.2942478],[-109.4887899,54.2948541],[-109.4890131,54.2952554],[-109.4890373,54.2957213],[-109.4880058,54.2966399],[-109.4876995,54.2970005],[-109.4879698,54.2982493],[-109.4881869,54.2984732],[-109.4889399,54.2990373],[-109.4893749,54.2993255],[-109.4896596,54.2993151],[-109.4900415,54.2993478],[-109.4904139,54.299316],[-109.4916041,54.2993235],[-109.4927909,54.2994441],[-109.4936721,54.2996436],[-109.4945046,54.3000843],[-109.49482,54.3001916],[-109.4960231,54.3002724],[-109.4967111,54.30047],[-109.4969788,54.3007808],[-109.4969932,54.3009384],[-109.4969515,54.3011974],[-109.4964339,54.3019151],[-109.495217,54.3026901],[-109.4950456,54.3031074],[-109.4945304,54.3038717],[-109.4943183,54.3045104],[-109.4943459,54.3048632],[-109.494877,54.3062832],[-109.4952621,54.3067283],[-109.4956763,54.307085],[-109.4971182,54.3080905],[-109.49831,54.3088297],[-109.5,54.309113],[-109.5004997,54.3092927],[-109.5008352,54.3094912],[-109.5012579,54.3099499],[-109.5013332,54.3100992],[-109.5011857,54.3107386],[-109.5008786,54.3112588],[-109.5008202,54.3119611],[-109.5012068,54.3124905],[-109.5014238,54.3125924],[-109.5021295,54.3127125],[-109.5025502,54.3127211],[-109.503267,54.3125863],[-109.5043613,54.3125129],[-109.5049531,54.3125077],[-109.5052732,54.3125863],[-109.5060941,54.3129159],[-109.5066646,54.3133828],[-109.5068835,54.3138129],[-109.5076836,54.3147366],[-109.5082248,54.3151698],[-109.5086847,54.3153983],[-109.5090951,54.3155022],[-109.509503,54.3155594],[-109.5096657,54.3154435],[-109.5098264,54.3149994],[-109.5096156,54.3145494],[-109.5095481,54.3142583],[-109.509605,54.3139972],[-109.5096349,54.3132236],[-109.5098089,54.3129748],[-109.5102595,54.3127353],[-109.5113171,54.3124885],[-109.512559,54.3124231],[-109.512871,54.3125215],[-109.5138044,54.3132957],[-109.5143353,54.3138242],[-109.514678,54.3140404],[-109.5155311,54.3140466],[-109.5159219,54.3137777],[-109.5163074,54.3132936],[-109.5171927,54.3125728],[-109.5179524,54.3122632],[-109.5185942,54.3121009],[-109.5212092,54.3114923],[-109.5222248,54.3113825],[-109.5230439,54.3113838],[-109.5249401,54.3119144],[-109.5262279,54.3123682],[-109.5271574,54.3124859],[-109.5280743,54.3126522],[-109.5284032,54.3125512],[-109.5292745,54.3119166],[-109.5305281,54.3114364],[-109.5320349,54.3109876],[-109.5325349,54.3108727],[-109.534026,54.3107074],[-109.5346075,54.3107973],[-109.5363816,54.3116259],[-109.5372563,54.3118073],[-109.5389419,54.3120097],[-109.5402883,54.3120049],[-109.5408542,54.3119748],[-109.5413283,54.3118352],[-109.5420138,54.3114604],[-109.5428459,54.3111313],[-109.5438749,54.310813],[-109.5454071,54.3106702],[-109.546327,54.3107233],[-109.5485234,54.3112409],[-109.5503044,54.3115615],[-109.5515932,54.3118554],[-109.5530363,54.3120531],[-109.5547546,54.3121757],[-109.5555326,54.3121543],[-109.5562822,54.3120615],[-109.5592305,54.3114441],[-109.5604617,54.3113514],[-109.5615177,54.3114234],[-109.56239,54.311558],[-109.5661097,54.3119897],[-109.568001,54.3123045],[-109.5684937,54.3124532],[-109.569062,54.3127512],[-109.5694938,54.3131898],[-109.569758,54.3136512],[-109.569833,54.3139601],[-109.5695975,54.3142551],[-109.568804,54.3148419],[-109.568635,54.3150621],[-109.5686207,54.3153081],[-109.568714,54.3155019],[-109.5690483,54.3158974],[-109.5693279,54.3160752],[-109.5699272,54.316491],[-109.5702967,54.316572],[-109.5705926,54.3164284],[-109.5707934,54.3153216],[-109.5710071,54.3151329],[-109.5716117,54.3147971],[-109.5720868,54.3146197],[-109.5727882,54.3144865],[-109.5747695,54.3144228],[-109.5754684,54.3145246],[-109.5758338,54.3147564],[-109.5757754,54.3150929],[-109.5754546,54.3154558],[-109.5753561,54.315732],[-109.575385,54.3159252],[-109.5756752,54.3164113],[-109.5759833,54.3166603],[-109.5767035,54.3168155],[-109.5769379,54.3168398],[-109.5775226,54.3168164],[-109.5781129,54.3167265],[-109.5785215,54.3166238],[-109.5802249,54.3153402],[-109.5813404,54.3150378],[-109.5818149,54.31502],[-109.5829726,54.3152657],[-109.5838892,54.3153096],[-109.5845744,54.3154977],[-109.5851596,54.3158778],[-109.5858764,54.3165872],[-109.5867672,54.3171697],[-109.5887849,54.3178799],[-109.5893468,54.3180004],[-109.5900122,54.3179377],[-109.5903238,54.3176323],[-109.5904669,54.3173875],[-109.5905216,54.3170421],[-109.5906251,54.316859],[-109.5911741,54.3164649],[-109.591806,54.3162378],[-109.5923008,54.3160295],[-109.593737,54.3156456],[-109.5947363,54.3155749],[-109.5957727,54.3156774],[-109.5966331,54.3159823],[-109.5970753,54.3163256],[-109.5973506,54.3168137],[-109.5975847,54.3169976],[-109.5983177,54.317104],[-109.5990028,54.3170104],[-109.5995539,54.3168225],[-109.5997995,54.3167138],[-109.5999861,54.3162565],[-109.5998564,54.3158518],[-109.5999653,54.3153207],[-109.6003264,54.3148583],[-109.6007662,54.3144321],[-109.6010559,54.3142329],[-109.6023092,54.3138739],[-109.6038283,54.3132158],[-109.6044149,54.3131168],[-109.6049529,54.3131372],[-109.6064412,54.3136472],[-109.6080686,54.3140631],[-109.6087893,54.3140585],[-109.609316,54.3139302],[-109.6099982,54.3135083],[-109.6108563,54.3133253],[-109.611187,54.3131487],[-109.6117065,54.3122797],[-109.612507,54.311391],[-109.6137447,54.3107524],[-109.6145797,54.3104317],[-109.6150108,54.3101849],[-109.6153548,54.3100816],[-109.6158069,54.3100479],[-109.6162587,54.3101739],[-109.6176598,54.3112683],[-109.6179649,54.3113486],[-109.6182191,54.311342],[-109.6184747,54.3111381],[-109.6187239,54.3101558],[-109.619055,54.3093783],[-109.6198563,54.3084519],[-109.6201782,54.3081731],[-109.6207796,54.3077904],[-109.6213324,54.307527],[-109.6223735,54.3074409],[-109.6229422,54.3072973],[-109.6238068,54.3072917],[-109.6241352,54.30735],[-109.6247855,54.3075708],[-109.6251592,54.3077825],[-109.6271048,54.3079105],[-109.6277476,54.3078319],[-109.6282894,54.3077014],[-109.6293092,54.3075617],[-109.6298985,54.3073496],[-109.6300115,54.3072309],[-109.6297268,54.3068004],[-109.6295985,54.30648],[-109.62966,54.3061524],[-109.629929,54.3058621],[-109.6305053,54.305417],[-109.6310716,54.3050672],[-109.632122,54.3047638],[-109.6329186,54.3047486],[-109.6334095,54.3049724],[-109.6336839,54.3052164],[-109.6338498,54.3055505],[-109.6339315,54.3059148],[-109.634318,54.306519],[-109.6347238,54.3068108],[-109.6354127,54.3070075],[-109.6361976,54.3070033],[-109.637151,54.3069384],[-109.638208,54.3069719],[-109.6386027,54.3069554],[-109.6387442,54.3069079],[-109.6389549,54.3066724],[-109.6388607,54.305155],[-109.6391299,54.304705],[-109.6393539,54.3045429],[-109.6402093,54.3041534],[-109.6411468,54.303809],[-109.641796,54.3036262],[-109.6427602,54.3034283],[-109.6432963,54.3033642],[-109.6438164,54.3033399],[-109.6441017,54.303451],[-109.6446284,54.3037637],[-109.6452369,54.3044408],[-109.6457438,54.3047844],[-109.6465212,54.3050815],[-109.6471699,54.3052179],[-109.6484882,54.3052625],[-109.6494512,54.3052619],[-109.6499158,54.3051794],[-109.6506902,54.3049887],[-109.6517792,54.3045014],[-109.6526938,54.3038595],[-109.6530782,54.303497],[-109.6536478,54.303156],[-109.6555234,54.3025888],[-109.6563962,54.3024034],[-109.6577547,54.3023484],[-109.6581288,54.3024004],[-109.6587014,54.3025471],[-109.6602257,54.3031454],[-109.6606096,54.3032617],[-109.6611367,54.3032551],[-109.6621355,54.3031837],[-109.662534,54.3030164],[-109.6634342,54.3021792],[-109.664138,54.3017728],[-109.6656893,54.3012781],[-109.6659435,54.3012714],[-109.6661994,54.3013489],[-109.6668104,54.3016312],[-109.6672748,54.3017083],[-109.6676041,54.3017288],[-109.6679702,54.301641],[-109.6693591,54.3015817],[-109.6698622,54.3014751],[-109.6703502,54.3010512],[-109.6706747,54.30034],[-109.6709452,54.2999742],[-109.6715586,54.2995426],[-109.6719383,54.2990491],[-109.6725256,54.2987525],[-109.6729694,54.2987385],[-109.6738542,54.2991427],[-109.6748205,54.2993104],[-109.6759301,54.2993552],[-109.677243,54.2991466],[-109.6776977,54.2989996],[-109.6779573,54.2987668],[-109.6781061,54.2984177],[-109.6781216,54.2979367],[-109.6778472,54.2973735],[-109.6778231,54.2971138],[-109.6779316,54.2967046],[-109.6784993,54.2961195],[-109.6791286,54.2956481],[-109.6801793,54.2951468],[-109.6808441,54.2950836],[-109.6813031,54.2950675],[-109.683387,54.2952599],[-109.6840804,54.2952678],[-109.6850379,54.2951737],[-109.6865868,54.2949138],[-109.6874217,54.2947145],[-109.6876329,54.2946009],[-109.6879989,54.2941937],[-109.6881154,54.2936049],[-109.6878109,54.2916092],[-109.6883506,54.2909153],[-109.6885645,54.2906887],[-109.6889895,54.2903485],[-109.6910994,54.288969],[-109.6912989,54.2888664],[-109.6915682,54.2888576],[-109.6916371,54.2888293],[-109.6916889,54.2890381],[-109.6918875,54.2891329],[-109.6922096,54.2889759],[-109.6932376,54.2886185],[-109.6942915,54.288126],[-109.6951092,54.2876848],[-109.6960056,54.2872798],[-109.6979513,54.2860917],[-109.698718,54.2857233],[-109.6996626,54.2850392],[-109.7006814,54.2841008],[-109.7009292,54.2835596],[-109.7009586,54.2831142],[-109.7010758,54.2829666],[-109.7014032,54.2829027],[-109.7022431,54.2829561],[-109.7034247,54.2829812],[-109.7040025,54.2829016],[-109.7049775,54.2826922],[-109.7059336,54.2823163],[-109.7063844,54.2821603],[-109.7084156,54.2818242],[-109.7094137,54.2814331],[-109.7100084,54.2811164],[-109.7109294,54.2804543],[-109.7122332,54.2796266],[-109.7130648,54.2792209],[-109.7140763,54.2790627],[-109.7169142,54.2790565],[-109.717746,54.2791297],[-109.7184265,54.2790264],[-109.7194718,54.2785536],[-109.7219189,54.2772583],[-109.7241185,54.2766638],[-109.7270505,54.2760152],[-109.7282056,54.2755365],[-109.7309621,54.2747711],[-109.7325676,54.2741363],[-109.7336223,54.2735681],[-109.7341236,54.2731796],[-109.7348329,54.2724712],[-109.7356256,54.2719298],[-109.7365864,54.2714872],[-109.7389202,54.2706297],[-109.7393154,54.2705751],[-109.7399799,54.2706711],[-109.7407282,54.2705772],[-109.7416507,54.2703183],[-109.7425206,54.2702075],[-109.7446863,54.2702464],[-109.7450207,54.2702002],[-109.7464147,54.2701954],[-109.7466971,54.2701],[-109.7473162,54.2696858],[-109.7481521,54.2695702],[-109.7487674,54.2696636],[-109.7492094,54.2698843],[-109.7495295,54.2704787],[-109.7498106,54.2707779],[-109.75,54.2708275],[-109.75,54.2710362],[-109.7498512,54.2709977],[-109.7494942,54.2708686],[-109.7492293,54.2706892],[-109.7489346,54.2703167],[-109.7485257,54.2701384],[-109.7482762,54.2701166],[-109.7479419,54.2701628],[-109.7472691,54.2706032],[-109.7468096,54.2706573],[-109.745614,54.2705971],[-109.7450099,54.2708497],[-109.7447424,54.2707833],[-109.7442128,54.2705841],[-109.7438721,54.2705749],[-109.7427715,54.2706706],[-109.7419803,54.2708174],[-109.7415208,54.2708715],[-109.7396708,54.2709392],[-109.7386187,54.2712348],[-109.7373873,54.272081],[-109.7367045,54.272457],[-109.7357114,54.2728195],[-109.7346247,54.2734673],[-109.7338982,54.2740935],[-109.7331135,54.274615],[-109.7299372,54.2758516],[-109.7287928,54.2761973],[-109.7270591,54.2766338],[-109.725149,54.2769912],[-109.7231604,54.2774721],[-109.7219131,54.278001],[-109.7210298,54.2785172],[-109.7205551,54.2788926],[-109.7200714,54.2791659],[-109.7193489,54.2794439],[-109.7186486,54.279578],[-109.7173428,54.2795233],[-109.7147115,54.2796043],[-109.7141418,54.2796641],[-109.7131554,54.2798846],[-109.7121628,54.2803688],[-109.7116916,54.280753],[-109.7100381,54.2817884],[-109.7089443,54.2822209],[-109.706482,54.2830014],[-109.7053935,54.2832077],[-109.7038452,54.2833083],[-109.7025142,54.2835103],[-109.7020482,54.2836684],[-109.7016305,54.2838668],[-109.7012029,54.2841604],[-109.7008836,54.2845236],[-109.7006618,54.2849298],[-109.6996224,54.2859368],[-109.6985739,54.2866821],[-109.6981401,54.2869202],[-109.6967776,54.2874834],[-109.6956933,54.2881397],[-109.6949033,54.2886897],[-109.6944095,54.2888985],[-109.6923491,54.2893229],[-109.6911171,54.289652],[-109.6906286,54.289954],[-109.6898958,54.2904867],[-109.6887145,54.2915413],[-109.6885194,54.2917747],[-109.6886606,54.2926849],[-109.6886783,54.2932083],[-109.6887811,54.2936636],[-109.6891541,54.2940724],[-109.689095,54.2943247],[-109.6888954,54.2945869],[-109.6885956,54.2947596],[-109.6883817,54.2948266],[-109.6875199,54.2951986],[-109.6871718,54.2954906],[-109.6860094,54.2955941],[-109.6828634,54.2955948],[-109.6806623,54.2955499],[-109.6803804,54.2956074],[-109.679864,54.2958005],[-109.6790996,54.2962154],[-109.6785866,54.2967366],[-109.6785864,54.2972155],[-109.678707,54.2975558],[-109.6786467,54.298165],[-109.6786454,54.2990008],[-109.6784626,54.2993452],[-109.6781377,54.2994556],[-109.6774827,54.2994235],[-109.676644,54.2997735],[-109.6758699,54.2998048],[-109.6733412,54.2995043],[-109.6728106,54.2993424],[-109.6724464,54.2993549],[-109.6721447,54.2996029],[-109.6718113,54.3002121],[-109.6716788,54.3003617],[-109.671223,54.300706],[-109.6710627,54.3009064],[-109.6709585,54.3014466],[-109.6706997,54.3016417],[-109.6703058,54.3017803],[-109.6685792,54.3021583],[-109.6680378,54.3021293],[-109.6675474,54.3020277],[-109.6670902,54.3019684],[-109.6662348,54.3017572],[-109.665628,54.3017654],[-109.6653882,54.3018077],[-109.6642108,54.3023543],[-109.6634094,54.3028775],[-109.6631414,54.3032898],[-109.6626203,54.3035116],[-109.661829,54.3036202],[-109.6607906,54.3039129],[-109.6603816,54.3038939],[-109.6601105,54.3038185],[-109.6590755,54.3033596],[-109.6579825,54.302796],[-109.6576612,54.3027556],[-109.656819,54.3027772],[-109.6556248,54.3030819],[-109.654254,54.3036267],[-109.6531014,54.3042355],[-109.6520183,54.3050976],[-109.6515033,54.3053748],[-109.651027,54.3054683],[-109.6495984,54.3055891],[-109.6485905,54.3057179],[-109.6483425,54.3057801],[-109.6479863,54.3057726],[-109.6470995,54.3056031],[-109.6465807,54.3054301],[-109.6459084,54.3054753],[-109.6456685,54.3055176],[-109.6454431,54.3054359],[-109.645167,54.3051075],[-109.6447718,54.3048425],[-109.6444634,54.3045937],[-109.6438915,54.303968],[-109.6434488,54.3037846],[-109.6426056,54.3038438],[-109.6403234,54.3044382],[-109.639931,54.304661],[-109.6397679,54.3048148],[-109.6397541,54.3050608],[-109.6398154,54.305334],[-109.6400714,54.3058529],[-109.6399787,54.3062223],[-109.6397589,54.3065153],[-109.6397244,54.3068299],[-109.6396014,54.3070439],[-109.6391304,54.3072305],[-109.6371304,54.3074482],[-109.6359517,54.3074313],[-109.635532,54.3073855],[-109.6343589,54.3071425],[-109.6340934,54.3070004],[-109.6335411,54.3065034],[-109.6328002,54.305375],[-109.632592,54.3052158],[-109.6322769,54.3052308],[-109.630723,54.3058003],[-109.6303834,54.3060346],[-109.6303808,54.3064292],[-109.6306879,54.3068754],[-109.6307508,54.3072329],[-109.6306349,54.3074647],[-109.6302532,54.3077141],[-109.6298286,54.3078567],[-109.6286528,54.3081679],[-109.6269229,54.3084987],[-109.6260054,54.3084928],[-109.6252091,54.3083483],[-109.6243237,54.3079814],[-109.6238978,54.30788],[-109.6234341,54.3079247],[-109.6208394,54.3087023],[-109.6199987,54.3092491],[-109.6195877,54.3097466],[-109.6195041,54.3098989],[-109.6194895,54.3104641],[-109.6197177,54.3113154],[-109.6196179,54.3115074],[-109.6188027,54.3117973],[-109.6182171,54.3118586],[-109.6178871,54.311716],[-109.6176948,54.3116766],[-109.617186,54.3114083],[-109.6164218,54.3109026],[-109.6161999,54.3108297],[-109.6155813,54.3108486],[-109.6153109,54.3108949],[-109.6144205,54.3111575],[-109.6138184,54.3114182],[-109.6134446,54.3116477],[-109.6128527,54.3120948],[-109.6124276,54.3128382],[-109.6121807,54.3131442],[-109.6107725,54.3139188],[-109.6100485,54.3141961],[-109.6092316,54.3144017],[-109.6086109,54.3144959],[-109.6077309,54.3145036],[-109.60653,54.314311],[-109.6047579,54.313774],[-109.6038759,54.313857],[-109.6032203,54.3139841],[-109.6025678,54.3142798],[-109.6017885,54.3147806],[-109.6008133,54.315233],[-109.6005125,54.3155651],[-109.6006935,54.3161787],[-109.6005833,54.3169072],[-109.5998993,54.3172447],[-109.5993796,54.3173908],[-109.5985574,54.3175031],[-109.5977214,54.3174201],[-109.5971518,54.31716],[-109.5965969,54.3167758],[-109.5960673,54.3162943],[-109.5955363,54.3160101],[-109.5951257,54.3159066],[-109.5945471,54.3159856],[-109.5932474,54.3162288],[-109.5927429,54.3163727],[-109.5921279,54.316682],[-109.5914281,54.3171812],[-109.5910222,54.3176121],[-109.5907554,54.3182305],[-109.590327,54.3183641],[-109.5896134,54.3183864],[-109.5884581,54.3181874],[-109.5875932,54.3179112],[-109.5856547,54.317359],[-109.5854187,54.3172505],[-109.5851268,54.3169617],[-109.5839152,54.3158974],[-109.5833401,54.3157036],[-109.5824991,54.3155274],[-109.5814962,54.3155891],[-109.5806334,54.3158007],[-109.5799213,54.3161888],[-109.5788976,54.3168823],[-109.5785474,54.3172117],[-109.5781342,54.3173431],[-109.5772505,54.3173416],[-109.5763923,54.3172428],[-109.5758045,54.3170976],[-109.5750367,54.3167424],[-109.5747403,54.3164825],[-109.574514,54.3161566],[-109.5744425,54.3158566],[-109.5748501,54.3152285],[-109.5748106,54.3150086],[-109.5746274,54.3149115],[-109.5742325,54.3149278],[-109.5725952,54.3151699],[-109.5719227,54.3152146],[-109.5715801,54.3154021],[-109.5715125,54.3155146],[-109.5716048,54.3160276],[-109.5714523,54.3168932],[-109.5713203,54.3170051],[-109.570833,54.3170715],[-109.5700098,54.3169397],[-109.5691131,54.3165832],[-109.5685975,54.3162968],[-109.5681896,54.3159582],[-109.5680013,54.3157679],[-109.5678264,54.3153694],[-109.567892,54.3150507],[-109.5681027,54.3146935],[-109.5687328,54.3139787],[-109.5689145,54.3137099],[-109.5688172,54.3133853],[-109.568084,54.3128751],[-109.5674492,54.3126519],[-109.5663962,54.3124669],[-109.5641289,54.3121752],[-109.5614388,54.3119504],[-109.5598641,54.3119866],[-109.5590815,54.3120369],[-109.5581035,54.3121608],[-109.5574772,54.3123212],[-109.5562849,54.3125117],[-109.5542966,54.3125572],[-109.5526361,54.3125393],[-109.5490206,54.312046],[-109.5479185,54.3118582],[-109.546425,54.3112919],[-109.545773,54.311146],[-109.5438399,54.3112495],[-109.5430475,54.3115168],[-109.5414308,54.312375],[-109.5408348,54.3125312],[-109.5403862,54.3125735],[-109.5390362,54.3125694],[-109.5388241,54.3125607],[-109.5368488,54.3122757],[-109.5355247,54.3118926],[-109.5340331,54.3111288],[-109.5334648,54.3111122],[-109.5327654,54.3111698],[-109.5304859,54.3118551],[-109.5301955,54.3119321],[-109.5296594,54.3121176],[-109.5293962,54.3123036],[-109.5290591,54.312828],[-109.5287899,54.3129585],[-109.5284046,54.313039],[-109.5277038,54.3130122],[-109.5249869,54.3127996],[-109.524403,54.3126631],[-109.5239105,54.3125142],[-109.5234007,54.3120392],[-109.5229244,54.3118505],[-109.5221464,54.3118717],[-109.5210454,54.3120495],[-109.5205301,54.3121664],[-109.5193323,54.3125449],[-109.5185429,54.3126991],[-109.518023,54.3128448],[-109.5161175,54.3142297],[-109.5156024,54.3144686],[-109.5152323,54.314547],[-109.5146101,54.3145564],[-109.5141972,54.314406],[-109.5137338,54.3141686],[-109.5127873,54.3133212],[-109.5121773,54.313038],[-109.5116486,54.3129596],[-109.5113288,54.313003],[-109.5108709,54.3131028],[-109.5105222,54.3133565],[-109.51025,54.3137219],[-109.5101938,54.3142269],[-109.5102248,54.3144667],[-109.5104587,54.3147728],[-109.5105612,54.3155565],[-109.5104315,54.3157149],[-109.5101318,54.3158494],[-109.5095544,54.3160123],[-109.5090282,54.3159805],[-109.5087374,54.3159355],[-109.5079422,54.3156305],[-109.5073673,54.3153144],[-109.5068813,54.3149393],[-109.5062844,54.3142039],[-109.5057364,54.3138747],[-109.5054251,54.3134947],[-109.5049264,54.3131682],[-109.5042218,54.3130105],[-109.5032632,54.312981],[-109.5024712,54.3130884],[-109.501979,54.3130614],[-109.5012744,54.3129036],[-109.5008915,54.3129456],[-109.5006044,54.3129123],[-109.4998927,54.3127112],[-109.4996522,54.3124545],[-109.4994352,54.3119895],[-109.4993586,54.3117559],[-109.4994653,54.3112159],[-109.4997445,54.3107464],[-109.4997492,54.3101921],[-109.4994102,54.3099848],[-109.4987313,54.3097297],[-109.4969757,54.308945],[-109.496212,54.3084761],[-109.4948205,54.3074356],[-109.4943169,54.306894],[-109.4940302,54.3064543],[-109.4933534,54.3053544],[-109.4930265,54.3047325],[-109.4930515,54.3042693],[-109.4933776,54.3038779],[-109.4935548,54.3033941],[-109.4940731,54.3030423],[-109.494399,54.3025289],[-109.4951632,54.3020687],[-109.4960447,54.3017427],[-109.4963873,54.3014335],[-109.4964758,54.3011306],[-109.4962961,54.3009204],[-109.4941307,54.3005573],[-109.4919211,54.2997591],[-109.4908186,54.2996083],[-109.4902237,54.2997265],[-109.489842,54.2998158],[-109.4892879,54.2998346],[-109.48894,54.2998067],[-109.4886598,54.2996665],[-109.4883265,54.2992706],[-109.4877696,54.298999],[-109.4871973,54.2986074],[-109.4866445,54.2979411],[-109.4867006,54.2978396],[-109.4872184,54.2964746],[-109.4883519,54.2955703],[-109.4882974,54.2952305],[-109.4880089,54.2949881],[-109.4848274,54.2940026],[-109.4840375,54.2936687],[-109.4833927,54.2932963],[-109.4824437,54.2930872],[-109.4808498,54.2931531],[-109.4788934,54.293559],[-109.4781931,54.2936539],[-109.4777106,54.2936911],[-109.4768578,54.2935627],[-109.4767641,54.2935285],[-109.4759098,54.2931939],[-109.475278,54.2927728],[-109.474525,54.2919647],[-109.4741956,54.2916997],[-109.4738463,54.2914655],[-109.4736973,54.2912512],[-109.4737737,54.2905934],[-109.4739804,54.2901432],[-109.4740554,54.2892793],[-109.4737249,54.2890519],[-109.4729998,54.2888406],[-109.4723509,54.2887408],[-109.471241,54.2889756],[-109.4709345,54.2892141],[-109.4706,54.2896253],[-109.4703953,54.2897563],[-109.4700394,54.2898702],[-109.4693381,54.2900027],[-109.4688064,54.2900371],[-109.4681821,54.2898777],[-109.4676231,54.2895594],[-109.4671907,54.2893177],[-109.4669398,54.289089],[-109.466847,54.2887732],[-109.4669765,54.288371],[-109.4668689,54.2874098],[-109.4667281,54.2871755],[-109.4665136,54.2869982],[-109.4661411,54.2869079],[-109.4656821,54.2869231],[-109.4654865,54.2868746],[-109.4644103,54.2867482],[-109.4638729,54.2868491],[-109.4635931,54.2869526],[-109.4634141,54.2871082],[-109.4632001,54.2874187],[-109.4629034,54.2880874],[-109.4628806,54.2887191],[-109.4625412,54.2889152],[-109.4621653,54.2889379],[-109.4617109,54.2889243],[-109.461076,54.2887382],[-109.4606273,54.2885362],[-109.4597157,54.2879747],[-109.4587419,54.2872152],[-109.4568076,54.2860135],[-109.4558574,54.285354],[-109.4541451,54.2848351],[-109.4520374,54.2847356],[-109.4514379,54.2847604],[-109.4506616,54.2848654],[-109.4503421,54.2850306],[-109.4498553,54.2855843],[-109.4497009,54.2858022],[-109.4494322,54.2867861],[-109.449211,54.2869567],[-109.4490553,54.2870903],[-109.4487521,54.2872158],[-109.4484488,54.2872193],[-109.4481081,54.287209],[-109.4474522,54.2870913],[-109.4471934,54.2870044],[-109.4457433,54.2863374],[-109.4449259,54.2860539],[-109.444537,54.2858813],[-109.4437711,54.2856471],[-109.4431351,54.2852547],[-109.4427697,54.2850601],[-109.4412786,54.2840046],[-109.4408629,54.283845],[-109.4404624,54.2838054],[-109.4400503,54.2838986],[-109.4396722,54.2841186],[-109.4391044,54.2843454],[-109.4374745,54.2846032],[-109.4370496,54.284867],[-109.4363718,54.2855871],[-109.4359703,54.285829],[-109.4353977,54.2859626],[-109.434831,54.2860298],[-109.4331892,54.2858107],[-109.4326482,54.2856587],[-109.4324023,54.285645],[-109.4322911,54.2855662],[-109.4306189,54.2851073],[-109.4298812,54.2848223],[-109.4289081,54.2841845],[-109.4284467,54.2836652],[-109.4281551,54.2831699],[-109.428148,54.2822984],[-109.4280555,54.2821045],[-109.4279595,54.2819017],[-109.4277007,54.2816928],[-109.4269842,54.2814612],[-109.4258192,54.2812715],[-109.4249563,54.2812379],[-109.4239541,54.2812982],[-109.4233839,54.2814784],[-109.4230795,54.2816414],[-109.4227223,54.2822806],[-109.4225057,54.2824224],[-109.4221392,54.2825094],[-109.4211674,54.2825655],[-109.4207529,54.2824902],[-109.4205141,54.2823723],[-109.4200774,54.2820373],[-109.420047,54.2819194],[-109.4193763,54.280828],[-109.4192464,54.2804985],[-109.419284,54.2799025],[-109.4194819,54.2796319],[-109.41975,54.2794174],[-109.4203097,54.2792106],[-109.4211176,54.2786982],[-109.4216819,54.2784625],[-109.4217966,54.2783063],[-109.4217745,54.2775589],[-109.4215848,54.2773218],[-109.4210065,54.2770341],[-109.4204341,54.2769237],[-109.420173,54.2769121],[-109.4199541,54.2770073],[-109.419001,54.2779239],[-109.4182985,54.2780937],[-109.417856,54.2779471],[-109.4175775,54.277769],[-109.4173832,54.2774387],[-109.4171188,54.2765645],[-109.4170709,54.2761583],[-109.4174176,54.2754924],[-109.4183953,54.2745162],[-109.4186926,54.2743354],[-109.4204755,54.2737757],[-109.4210011,54.2735641],[-109.4226107,54.2728496],[-109.4229198,54.2720481],[-109.4229363,54.2713986],[-109.4229539,54.2702237],[-109.422645,54.269318],[-109.4223267,54.2688357],[-109.4222541,54.268489],[-109.4225608,54.2681287],[-109.4227645,54.2680355],[-109.4229716,54.2678293],[-109.4234316,54.2675327],[-109.4238471,54.2674485],[-109.4241011,54.2671984],[-109.4246325,54.2670422],[-109.4250889,54.2669806],[-109.4252691,54.2670313],[-109.425742,54.2672957],[-109.4267087,54.2675122],[-109.4271534,54.2674615],[-109.4276497,54.2672162],[-109.4277924,54.2670093],[-109.4279645,54.266836],[-109.4282418,54.2663201],[-109.4283226,54.2660372],[-109.4283097,54.2655981],[-109.4282394,54.2650541],[-109.4267753,54.2635353],[-109.4266454,54.2633278],[-109.4265974,54.2631654],[-109.4266875,54.262703],[-109.4282848,54.2610239],[-109.4294958,54.2600723],[-109.4298433,54.2598565],[-109.4310216,54.259594],[-109.4316055,54.2595714],[-109.4320525,54.2594453],[-109.4330026,54.2593356],[-109.4334191,54.2590917],[-109.4335747,54.2588362],[-109.4332492,54.2579703],[-109.4325927,54.2575244],[-109.4323283,54.2573819],[-109.4313419,54.2571963],[-109.430758,54.2569751],[-109.4299553,54.256971],[-109.4296605,54.2567107],[-109.429582,54.2565524],[-109.4296849,54.2559194],[-109.4299434,54.2552748],[-109.4303248,54.2549418],[-109.4313811,54.2537203],[-109.4315168,54.2534956],[-109.4315039,54.2533004],[-109.4312781,54.2528901],[-109.4304894,54.25219],[-109.4299173,54.2513481],[-109.4292446,54.2509419],[-109.4281378,54.2506131],[-109.4273061,54.2504535],[-109.4236222,54.2503322],[-109.4231309,54.2503048],[-109.4228899,54.2502623],[-109.4226022,54.2501417],[-109.422112,54.25],[-109.4219657,54.2496459],[-109.4213649,54.2491946],[-109.4213756,54.2488373],[-109.4214721,54.2485615],[-109.4218584,54.2482606],[-109.4226094,54.2477215],[-109.423178,54.247289],[-109.4233604,54.2467373],[-109.4230922,54.2465242],[-109.4221695,54.2466307],[-109.4214936,54.2471636],[-109.420925,54.2476463],[-109.4204958,54.2481666],[-109.4200559,54.2491194],[-109.4194873,54.2497086],[-109.4189938,54.2497274],[-109.4181998,54.2492761],[-109.4179531,54.2488812],[-109.4178458,54.2483734],[-109.4175132,54.2476588],[-109.4170733,54.2470946],[-109.4161614,54.2466182],[-109.4156249,54.2463925],[-109.4146593,54.2456716],[-109.4140049,54.2451638],[-109.4136126,54.2446402],[-109.4122024,54.2437031],[-109.41143,54.2428066],[-109.4103678,54.2416404],[-109.4098206,54.2412705],[-109.4089432,54.2409475],[-109.4076856,54.2401294],[-109.4070097,54.2396278],[-109.4069668,54.2393143],[-109.4069453,54.2385243],[-109.4067629,54.2379099],[-109.4062908,54.2372139],[-109.4057759,54.2366433],[-109.4054433,54.2361918],[-109.4041987,54.2352512],[-109.4024178,54.2345238],[-109.4008621,54.2343671],[-109.3996819,54.2345991],[-109.3988343,54.235107],[-109.398609,54.2356086],[-109.398212,54.236405],[-109.3977829,54.2367499],[-109.397343,54.2368251],[-109.3963935,54.2365962],[-109.3953206,54.236057],[-109.3941619,54.2351289],[-109.3935826,54.2343388],[-109.3932607,54.2336365],[-109.3929174,54.2330721],[-109.3924024,54.2333355],[-109.3916943,54.234251],[-109.3910291,54.2352418],[-109.3899777,54.2358061],[-109.388819,54.2361071],[-109.3876817,54.2361447],[-109.3860939,54.2356306],[-109.385257,54.2355929],[-109.3846562,54.2360946],[-109.3841627,54.2374364],[-109.3835189,54.2381889],[-109.3826177,54.2385149],[-109.3793561,54.2387908],[-109.3765452,54.2392297],[-109.3757942,54.2398065],[-109.3753006,54.2411106],[-109.3748286,54.2423018],[-109.3747427,54.2435683],[-109.3752577,54.2445588],[-109.3767812,54.2458502],[-109.3784978,54.2473046],[-109.379163,54.2481321],[-109.3793399,54.248709],[-109.3793854,54.2488248],[-109.3793054,54.2491919],[-109.3791402,54.249383],[-109.3784051,54.249754],[-109.3780458,54.2498586],[-109.3772444,54.2499384],[-109.3753869,54.2497759],[-109.375,54.2497057],[-109.3738201,54.2494986],[-109.3733695,54.249461],[-109.3731924,54.2497963],[-109.3731949,54.2500392],[-109.3724067,54.2510774],[-109.3723944,54.2514542],[-109.3723782,54.2521879],[-109.372517,54.2524599],[-109.3727553,54.2526998],[-109.372756,54.253028],[-109.3726779,54.2536856],[-109.3725277,54.2539965],[-109.372242,54.2541663],[-109.3718462,54.2543414],[-109.3707637,54.2545622],[-109.3695804,54.2548527],[-109.3692774,54.254856],[-109.3689534,54.2548058],[-109.3686656,54.254807],[-109.3673397,54.2542446],[-109.3664906,54.25404],[-109.3655404,54.254149],[-109.36514,54.254353],[-109.3661131,54.2552818],[-109.3661873,54.255675],[-109.3659565,54.255903],[-109.3652984,54.256226],[-109.364431,54.2564646],[-109.3635252,54.2566052],[-109.3626933,54.256567],[-109.3608967,54.2562742],[-109.3597799,54.2559179],[-109.3587056,54.2554247],[-109.3575619,54.2550815],[-109.3567758,54.2550371],[-109.3560338,54.2551463],[-109.3548723,54.2555744],[-109.3543568,54.2559344],[-109.35378,54.2565464],[-109.3536047,54.2570389],[-109.3533783,54.25736],[-109.3529658,54.2576968],[-109.3521621,54.2581799],[-109.3518775,54.2583119],[-109.3515463,54.2583658],[-109.3511637,54.2583703],[-109.3489447,54.2580215],[-109.3484232,54.2578759],[-109.3481885,54.2576448],[-109.3480573,54.2571467],[-109.3483908,54.2565674],[-109.3495092,54.2554981],[-109.3494965,54.2554248],[-109.3493388,54.2552678],[-109.3491435,54.255219],[-109.3481758,54.2552834],[-109.3477416,54.2553605],[-109.3472088,54.255554],[-109.3464518,54.2561152],[-109.3460295,54.2566314],[-109.3458282,54.2572211],[-109.3458002,54.2577219],[-109.3456156,54.2581499],[-109.3449196,54.258581],[-109.3441388,54.258714],[-109.3433514,54.2587072],[-109.3427852,54.258652],[-109.3411125,54.258389],[-109.3402413,54.2581684],[-109.3395365,54.2578411],[-109.3391769,54.2574955],[-109.3390897,54.2572728],[-109.3386619,54.2555674],[-109.3384657,54.2554343],[-109.3379953,54.25546],[-109.3376662,54.2555604],[-109.3373287,54.2558026],[-109.3369459,54.2563791],[-109.3369875,54.256608],[-109.3372139,54.2568589],[-109.3378717,54.2582522],[-109.3378553,54.258742],[-109.3372743,54.2590169],[-109.3360465,54.2591536],[-109.3352755,54.259107],[-109.3345438,54.2587927],[-109.3331073,54.2581509],[-109.331247,54.2567128],[-109.33084,54.2566549],[-109.3304406,54.256821],[-109.3301917,54.2571263],[-109.3298456,54.2579604],[-109.3298418,54.2580734],[-109.3293622,54.2584847],[-109.3290518,54.258592],[-109.3285122,54.2586456],[-109.3278056,54.2585998],[-109.3264713,54.2583006],[-109.3231033,54.2572239],[-109.3230659,54.2572102],[-109.3194373,54.257678],[-109.3182286,54.2576995],[-109.3177192,54.2574208],[-109.3175317,54.2571459],[-109.3175749,54.2567651],[-109.3181372,54.2557052],[-109.3181636,54.255486],[-109.3186583,54.2547445],[-109.3186581,54.2544164],[-109.3185066,54.2541929],[-109.3180956,54.2539199],[-109.3168228,54.2534904],[-109.3159793,54.2534629],[-109.3154924,54.2535281],[-109.3147452,54.2537877],[-109.3125969,54.2550508],[-109.3116553,54.2553457],[-109.3113314,54.2552954],[-109.3108709,54.2551415],[-109.3101149,54.2544364],[-109.3095819,54.2535234],[-109.3085419,54.2523782],[-109.3082028,54.2523299],[-109.3080811,54.2523462],[-109.3078981,54.2524926],[-109.3071186,54.253694],[-109.3070853,54.2542235],[-109.3068684,54.2543651],[-109.3066154,54.2544552],[-109.3062902,54.2544425],[-109.3060389,54.2543731],[-109.3055262,54.2540855],[-109.3042666,54.2536073],[-109.3040435,54.2534871],[-109.3036199,54.2528126],[-109.3036302,54.2525112],[-109.3041858,54.2511054],[-109.3045942,54.2503475],[-109.3045833,54.2501146],[-109.304477,54.25],[-109.3042864,54.2498434],[-109.3038144,54.2498308],[-109.303603,54.25],[-109.3028589,54.2508237],[-109.3023696,54.2516205],[-109.3021515,54.2517998],[-109.3013881,54.251977],[-109.301029,54.2519595],[-109.3005325,54.2517541],[-109.2987751,54.2504518],[-109.2982486,54.2501285],[-109.297862,54.25],[-109.2971573,54.2490558],[-109.2969112,54.2485075],[-109.2968938,54.2481348],[-109.2970341,54.2474691],[-109.2973349,54.2470913],[-109.2989256,54.2457533],[-109.2989464,54.2454786],[-109.2987704,54.2453147],[-109.2972785,54.2447738],[-109.297092,54.2445831],[-109.2970786,54.2444256],[-109.2973658,54.2442183],[-109.2974966,54.2439383],[-109.2975475,54.2437815],[-109.2975074,54.243515],[-109.2972192,54.2429817],[-109.2965607,54.2419917],[-109.2960804,54.2415404],[-109.2954701,54.2411252],[-109.2946313,54.2408625],[-109.2939616,54.2407459],[-109.290595,54.2415529],[-109.2891299,54.2421052],[-109.288471,54.2422215],[-109.287946,54.2421887],[-109.2876013,54.2420848],[-109.2872397,54.2418144],[-109.286737,54.2411411],[-109.286621,54.2408847],[-109.2864755,54.2403886],[-109.2865008,54.2398789],[-109.2865482,54.2397132],[-109.2869892,54.2374792],[-109.2871884,54.2364307],[-109.2868574,54.2355],[-109.2864595,54.234972],[-109.2859712,54.2345405],[-109.2854458,54.2343015],[-109.2848862,54.2341795],[-109.282478,54.2343236],[-109.2821842,54.2343911],[-109.2818748,54.2345825],[-109.281581,54.2346499],[-109.2809944,54.2345409],[-109.2805578,54.2343649],[-109.2802315,54.2340617],[-109.2802485,54.2339001],[-109.2806628,54.2335259],[-109.2823376,54.2328143],[-109.2827692,54.2324847],[-109.2829339,54.2322096],[-109.2828906,54.2319341],[-109.2827963,54.2318155],[-109.2823127,54.2316834],[-109.2818196,54.2316087],[-109.2805045,54.2312316],[-109.2797707,54.2311141],[-109.2790968,54.2309043],[-109.2782475,54.2307367],[-109.2769349,54.2306123],[-109.2764314,54.2305109],[-109.2749454,54.2304753],[-109.2736724,54.2304112],[-109.2733418,54.2303429],[-109.2728084,54.2301236],[-109.2724353,54.2298641],[-109.2721479,54.229537],[-109.2721241,54.2293527],[-109.2721963,54.2291274],[-109.2723616,54.2287303],[-109.2722935,54.2285145],[-109.2720982,54.2282594],[-109.2712958,54.2280479],[-109.2702614,54.22798],[-109.2698434,54.228139],[-109.2687666,54.2284142],[-109.2669497,54.2289664],[-109.2662931,54.2291292],[-109.2656021,54.229409],[-109.2650125,54.2294972],[-109.2644385,54.2294614],[-109.2627275,54.229587],[-109.2613373,54.2298383],[-109.2595112,54.230326],[-109.2590765,54.2305247],[-109.2586875,54.2307173],[-109.2582085,54.2308843],[-109.2573085,54.2310795],[-109.2565003,54.2311406],[-109.2551891,54.2309783],[-109.2548247,54.2309051],[-109.2539151,54.2306235],[-109.2535499,54.230466],[-109.2524532,54.2297032],[-109.2522333,54.2297139],[-109.2519065,54.2298606],[-109.2514877,54.2301415],[-109.250142,54.231371],[-109.25,54.231568],[-109.249716,54.2319621],[-109.2493912,54.232896],[-109.2491998,54.2330621],[-109.2488328,54.2332705],[-109.2484485,54.2334342],[-109.2477757,54.2335146],[-109.2468747,54.2334193],[-109.2458413,54.2331073],[-109.2451091,54.2331581],[-109.2445492,54.2333641],[-109.2441808,54.2336101],[-109.2435516,54.2345845],[-109.2441221,54.2362987],[-109.2445674,54.2370735],[-109.2445952,54.237351],[-109.2444329,54.2375508],[-109.243982,54.2384077],[-109.2432637,54.2387003],[-109.2427782,54.2387276],[-109.2423902,54.2386762],[-109.2412198,54.2383824],[-109.23971,54.238162],[-109.2393988,54.2381848],[-109.2388539,54.2383887],[-109.2385566,54.2384471],[-109.2381824,54.2393781],[-109.2377615,54.2398185],[-109.2376733,54.2403739],[-109.2376874,54.2408219],[-109.2376141,54.2419097],[-109.2378517,54.2425622],[-109.2378374,54.2428547],[-109.2387017,54.2435549],[-109.2388374,54.2437805],[-109.2388797,54.2439717],[-109.2385506,54.2440719],[-109.2384374,54.2444806],[-109.2382009,54.2445309],[-109.2379948,54.2445772],[-109.2372249,54.2446142],[-109.2367878,54.24456],[-109.2361017,54.244689],[-109.2350413,54.244596],[-109.234669,54.2444206],[-109.2342291,54.2444418],[-109.2339899,54.2445674],[-109.2337548,54.2447862],[-109.2335441,54.2452736],[-109.2330836,54.2456537],[-109.2329975,54.2462557],[-109.2330391,54.2465688],[-109.2331118,54.2467559],[-109.2335965,54.2475912],[-109.2338069,54.2478443],[-109.2344027,54.2482242],[-109.2345176,54.2483964],[-109.234468,54.2487217],[-109.2342385,54.248996],[-109.2338242,54.249248],[-109.2328352,54.2495861],[-109.232319,54.25],[-109.2316843,54.2502081],[-109.2314035,54.250433],[-109.2314293,54.2506639],[-109.2318474,54.2512455],[-109.2318088,54.2516819],[-109.2310602,54.2530095],[-109.2308043,54.2531748],[-109.2305241,54.2532778],[-109.230118,54.2533038],[-109.2287876,54.2533404],[-109.2274122,54.2532612],[-109.2262464,54.2533508],[-109.2258252,54.253585],[-109.2259719,54.2539217],[-109.2272369,54.2547468],[-109.2283047,54.25527],[-109.2285013,54.2554875],[-109.2285346,54.2558205],[-109.2283417,54.2562305],[-109.2280354,54.2566369],[-109.2254675,54.2583099],[-109.2251728,54.2584991],[-109.2250842,54.2586422],[-109.2248864,54.2588747],[-109.224717,54.2592628],[-109.224488,54.2596214],[-109.2242798,54.2598272],[-109.2238751,54.2600217],[-109.2235,54.2601279],[-109.2230116,54.2604366],[-109.2219411,54.2608134],[-109.2212574,54.2606608],[-109.2202063,54.2605101],[-109.2178534,54.2596048],[-109.217468,54.259478],[-109.2172341,54.2594529],[-109.2154779,54.2608676],[-109.2146448,54.261897],[-109.2145493,54.2624346],[-109.2147271,54.2630577],[-109.2150925,54.2636277],[-109.2157846,54.264173],[-109.2158102,54.2644039],[-109.2157625,54.2645696],[-109.2151818,54.2648062],[-109.2137527,54.2650432],[-109.2134427,54.2650282],[-109.2125997,54.2648779],[-109.2103063,54.2642081],[-109.2096627,54.2642],[-109.209208,54.2643073],[-109.2085594,54.265359],[-109.2084929,54.2659302],[-109.2084963,54.2661453],[-109.20878,54.26667],[-109.2088879,54.2670306],[-109.208838,54.2673559],[-109.2087943,54.2676147],[-109.2086746,54.2678837],[-109.2072792,54.2683317],[-109.2066998,54.2687368],[-109.2056372,54.2690937],[-109.205051,54.2690685],[-109.2046524,54.2689903],[-109.2040032,54.2687204],[-109.2038413,54.2685919],[-109.2020745,54.2677114],[-109.2018337,54.2676684],[-109.2012017,54.2678555],[-109.2009172,54.2680714],[-109.2006222,54.2684668],[-109.1992943,54.2693368],[-109.19889,54.2696155],[-109.1984558,54.2701887],[-109.1979342,54.2710734],[-109.1974427,54.2725727],[-109.1972486,54.2733109],[-109.1970166,54.2735385],[-109.1949175,54.2739485],[-109.1943969,54.2740927],[-109.1928101,54.2743784],[-109.1920563,54.2743754],[-109.1914456,54.274494],[-109.1909284,54.274647],[-109.1905448,54.2747729],[-109.190103,54.2750378],[-109.1894692,54.2756749],[-109.1889407,54.2761293],[-109.1884726,54.2762852],[-109.1878668,54.276375],[-109.1869792,54.2763991],[-109.1858684,54.2760123],[-109.1851226,54.2745836],[-109.1846203,54.2742379],[-109.184376,54.274186],[-109.1840389,54.2741839],[-109.1836857,54.2743057],[-109.1835381,54.2745034],[-109.1837557,54.2750649],[-109.1843955,54.2756829],[-109.18449,54.2760922],[-109.1842848,54.276513],[-109.1838372,54.2769286],[-109.1834252,54.2771051],[-109.1827923,54.2772078],[-109.1799248,54.2772884],[-109.1792192,54.2774101],[-109.1772972,54.2775338],[-109.1755759,54.2777621],[-109.1747037,54.2777897],[-109.1728519,54.2774334],[-109.1696153,54.2776715],[-109.1676872,54.2776553],[-109.1668307,54.2777595],[-109.1631316,54.2783809],[-109.1622736,54.2785227],[-109.161712,54.2786439],[-109.1610126,54.2786991],[-109.1599776,54.2787144],[-109.1585614,54.2784896],[-109.1574347,54.2782265],[-109.1566058,54.2779052],[-109.1562041,54.2776117],[-109.1553601,54.2767957],[-109.1551943,54.276574],[-109.1550728,54.2758872],[-109.1549616,54.2757239],[-109.1543417,54.2754873],[-109.1532709,54.2754511],[-109.1527633,54.2755464],[-109.1513296,54.2759799],[-109.1504511,54.2763586],[-109.1502542,54.2765533],[-109.1502912,54.2767734],[-109.1501675,54.2770334],[-109.1498851,54.27738],[-109.1496232,54.2774896],[-109.1490616,54.2776109],[-109.1476968,54.2777259],[-109.1470682,54.2777154],[-109.145862,54.2774533],[-109.1454634,54.2773749],[-109.144584,54.2770883],[-109.1433512,54.2766329],[-109.1422959,54.2760978],[-109.1418652,54.2757706],[-109.1415717,54.2754252],[-109.140797,54.2750779],[-109.1403488,54.2749123],[-109.1395143,54.2747416],[-109.1386538,54.2747523],[-109.1383643,54.2747906],[-109.1356199,54.2756034],[-109.1350494,54.2756601],[-109.1340306,54.2755512],[-109.1335047,54.2754333],[-109.1308591,54.2738059],[-109.1307111,54.273713],[-109.1299607,54.273428],[-109.1290752,54.2732078],[-109.1268943,54.2733648],[-109.1259626,54.2733568],[-109.1247237,54.2735486],[-109.1241252,54.2737402],[-109.1237704,54.2738995],[-109.1233964,54.2739676],[-109.1225664,54.2739742],[-109.1215968,54.2738681],[-109.1209914,54.2737513],[-109.1192657,54.2732203],[-109.1156063,54.2725323],[-109.1151248,54.272446],[-109.1145307,54.272234],[-109.1136036,54.2718223],[-109.1125449,54.2711938],[-109.111971,54.270951],[-109.1107753,54.2703405],[-109.1101965,54.2701265],[-109.1096556,54.2700105],[-109.1088493,54.2699951],[-109.1079721,54.2700453],[-109.1063136,54.2703111],[-109.1027202,54.2711225],[-109.1021162,54.2712585],[-109.0989621,54.2725459],[-109.095823,54.2738312],[-109.0943404,54.2744296],[-109.0926461,54.2753932],[-109.0898052,54.2767889],[-109.0891965,54.2770377],[-109.0883593,54.2773167],[-109.0874424,54.2775968],[-109.086585,54.2779065],[-109.0845104,54.2784235],[-109.0836212,54.2784844],[-109.0826201,54.2785038],[-109.0813625,54.2783978],[-109.0798436,54.278195],[-109.0791518,54.2780612],[-109.0783834,54.2778532],[-109.0751624,54.2766378],[-109.0748044,54.2764976],[-109.0737042,54.2759678],[-109.0715235,54.2750838],[-109.0702833,54.2746475],[-109.0668572,54.2736463],[-109.0667825,54.2736186],[-109.0643745,54.2733921],[-109.0634393,54.2733746],[-109.0622852,54.2732454],[-109.0608896,54.273279],[-109.0590013,54.2734056],[-109.0558723,54.2737608],[-109.0531485,54.2742126],[-109.0498459,54.2748247],[-109.047798,54.275328],[-109.0441789,54.2760751],[-109.0440875,54.2760871],[-109.0420964,54.2764048],[-109.039255,54.2767592],[-109.0385857,54.2767253],[-109.036679,54.2764698],[-109.0357979,54.2764263],[-109.0347558,54.2763382],[-109.033398,54.2760949],[-109.0326171,54.2761038],[-109.0320871,54.2761827],[-109.0315048,54.276334],[-109.031121,54.2765437],[-109.0298012,54.2775693],[-109.0288611,54.2781235],[-109.0280618,54.2792962],[-109.0274234,54.2815157],[-109.027343,54.2818073],[-109.0274607,54.2820728],[-109.0276844,54.2820716],[-109.0279062,54.2820238],[-109.028951,54.2813247],[-109.029777,54.2810571],[-109.030215,54.2808216],[-109.0307311,54.2806227],[-109.0324703,54.2803571],[-109.0346146,54.280188],[-109.0350046,54.2802867],[-109.0355221,54.2805092],[-109.0356546,54.2806042],[-109.035635,54.2808035],[-109.0354868,54.2810852],[-109.0345146,54.2816812],[-109.0321443,54.2827229],[-109.0293587,54.2842687],[-109.0286179,54.284675],[-109.0280058,54.2850832],[-109.0268673,54.2862067],[-109.0258954,54.2869712],[-109.0242363,54.2880318],[-109.0224754,54.2890776],[-109.019142,54.2901984],[-109.0189456,54.290271],[-109.0175999,54.2908127],[-109.0168272,54.2914291],[-109.0157226,54.292726],[-109.0145174,54.2938862],[-109.0129298,54.2958458],[-109.0099894,54.2972426],[-109.0078128,54.2977899],[-109.007152,54.2979045],[-109.0053056,54.2983523],[-109.0043974,54.29849],[-109.0030196,54.2986141],[-109.0015551,54.2986372]],[[-108.5049524,54.2832975],[-108.5049435,54.2831864],[-108.503882,54.2832548],[-108.5026421,54.2835327],[-108.5027121,54.2836361],[-108.5030133,54.2836729],[-108.503717,54.2836309],[-108.5047344,54.2833998],[-108.5049524,54.2832975]],[[-108.3790076,54.3176672],[-108.3787741,54.3175094],[-108.3774641,54.3172055],[-108.3764818,54.3167486],[-108.3749426,54.3163425],[-108.374154,54.3164595],[-108.3731161,54.3168134],[-108.372353,54.3173946],[-108.3721744,54.3177814],[-108.3721888,54.3184339],[-108.3724571,54.3186435],[-108.3730162,54.3186859],[-108.3750633,54.318337],[-108.3761041,54.3182539],[-108.3778321,54.3180382],[-108.3789856,54.3177821],[-108.3790076,54.3176672]],[[-108.9789016,54.2948371],[-108.9785101,54.2948601],[-108.9784559,54.2948859],[-108.9784595,54.2949791],[-108.978997,54.2950869],[-108.9791579,54.2950471],[-108.9792119,54.294937],[-108.9789016,54.2948371]],[[-108.9920221,54.2979548],[-108.9921055,54.2981313],[-108.9924924,54.2983055],[-108.9931233,54.2984477],[-108.9934779,54.2985793],[-108.9934299,54.2983702],[-108.9922374,54.2979735],[-108.9920221,54.2979548]],[[-108.9954225,54.299477],[-108.9954143,54.2995812],[-108.9954891,54.2996931],[-108.9960404,54.2998364],[-108.9963609,54.2998788],[-108.9963828,54.2998104],[-108.9958397,54.299563],[-108.9954225,54.299477]],[[-109.4285344,54.26629],[-109.4284583,54.2663003],[-109.428442,54.26634],[-109.4284034,54.2668517],[-109.4285485,54.2669353],[-109.4287943,54.2668271],[-109.4288001,54.2666387],[-109.4287439,54.2664962],[-109.4287556,54.2663633],[-109.4285344,54.26629]],[[-109.4624271,54.288424],[-109.4621262,54.2884741],[-109.4621287,54.2886426],[-109.4624871,54.2886973],[-109.4625536,54.2885007],[-109.4624271,54.288424]],[[-109.1156556,54.2719543],[-109.1153254,54.2719698],[-109.1152561,54.2719976],[-109.1152581,54.2720442],[-109.1161572,54.2723003],[-109.1164811,54.2723512],[-109.1166771,54.2722785],[-109.1166241,54.2721824],[-109.1156556,54.2719543]]]]},"properties":{"name":"Beaver River","natural":"water","source":"NRCan-CanVec-10.0","type":"multipolygon","water":"river","osmId":6663795,"osmType":"relation","sourceUrl":"https://www.openstreetmap.org/relation/6663795"}},{"type":"Feature","id":"relation/14577245","geometry":{"type":"MultiPolygon","coordinates":[[[[-108.3282404,54.5039088],[-108.3282113,54.5047576],[-108.3284173,54.505555],[-108.3294472,54.5062859],[-108.3312325,54.5069902],[-108.3331093,54.5085317],[-108.3332467,54.5092094],[-108.3332467,54.5096745],[-108.3323998,54.5115746],[-108.3320336,54.5123453],[-108.3315758,54.5131957],[-108.3321252,54.5142852],[-108.3331551,54.5154544],[-108.3332238,54.5163578],[-108.3332009,54.5179787],[-108.3330636,54.5195729],[-108.331141,54.5210209],[-108.3294243,54.5216719],[-108.3273644,54.5229604],[-108.3259225,54.5249928],[-108.3232216,54.5281806],[-108.3222531,54.5290549],[-108.3200402,54.5303455],[-108.3179574,54.5317799],[-108.3174309,54.5323775],[-108.3152337,54.5332806],[-108.3119017,54.5348798],[-108.3096129,54.5363539],[-108.3079649,54.5376154],[-108.3075758,54.5379341],[-108.3054014,54.5387839],[-108.3044173,54.5395275],[-108.3040739,54.5401516],[-108.3037306,54.5408686],[-108.3030669,54.541891],[-108.3004576,54.5430329],[-108.2991759,54.5439888],[-108.2988096,54.5446394],[-108.298741,54.5451041],[-108.2993132,54.5463388],[-108.2993132,54.5470026],[-108.2991987,54.5475203],[-108.2968413,54.5500559],[-108.2957884,54.5518613],[-108.2930647,54.5529896],[-108.2916456,54.5538126],[-108.2895628,54.5556443],[-108.2888762,54.5567592],[-108.2888762,54.557184],[-108.2871367,54.5578741],[-108.2854201,54.5584581],[-108.2844816,54.5588297],[-108.2821699,54.5593341],[-108.2766768,54.5607541],[-108.275601,54.5605418],[-108.2731062,54.5610328],[-108.2708174,54.5616699],[-108.2699705,54.562068],[-108.267819,54.562068],[-108.2643172,54.5619884],[-108.2628065,54.5622803],[-108.2610441,54.5625192],[-108.2584578,54.5628112],[-108.2570387,54.5628244],[-108.2562605,54.5626917],[-108.2554823,54.562413],[-108.2527357,54.5622405],[-108.2515913,54.5628112],[-108.25063,54.5635676],[-108.2491423,54.5658102],[-108.2472883,54.5670443],[-108.24532,54.5679466],[-108.2436491,54.5692868],[-108.2419783,54.5702023],[-108.2389113,54.5707596],[-108.2380186,54.5709055],[-108.2364165,54.571423],[-108.2345167,54.571277],[-108.2333952,54.5709984],[-108.2325712,54.5706269],[-108.2318846,54.570481],[-108.2291838,54.5702023],[-108.2261625,54.5696318],[-108.222592,54.5697777],[-108.2213789,54.5699104],[-108.2200056,54.5696849],[-108.2173048,54.5692868],[-108.2158171,54.5689551],[-108.2153593,54.5687826],[-108.2124525,54.5687428],[-108.210919,54.5689683],[-108.2079664,54.5700564],[-108.2035948,54.5715424],[-108.2008024,54.5725375],[-108.1989027,54.5726702],[-108.1937986,54.573705],[-108.1922651,54.5740765],[-108.1901465,54.5741047],[-108.1900163,54.5737241],[-108.1912352,54.5735326],[-108.1943708,54.5731743],[-108.1956297,54.5728294],[-108.1957441,54.5726038],[-108.1974608,54.5720864],[-108.2002302,54.5714363],[-108.2016493,54.5711974],[-108.2034575,54.5708923],[-108.2063643,54.5698971],[-108.2087217,54.569446],[-108.2095686,54.5691806],[-108.2108961,54.5686234],[-108.2114454,54.5684243],[-108.2128416,54.5681722],[-108.2143293,54.5680926],[-108.2145811,54.5680926],[-108.2153135,54.5683447],[-108.2158629,54.5684376],[-108.2171446,54.5687162],[-108.2194792,54.5688091],[-108.2206465,54.5688489],[-108.2212187,54.5691143],[-108.2224547,54.569048],[-108.2236906,54.5688887],[-108.2245375,54.5691276],[-108.2261854,54.5692072],[-108.228932,54.569446],[-108.2306944,54.569592],[-108.2323881,54.5696716],[-108.2336241,54.569791],[-108.2351805,54.5703085],[-108.237332,54.5702421],[-108.2378355,54.5702952],[-108.2387053,54.570335],[-108.2392088,54.5700962],[-108.2398268,54.5698441],[-108.2401243,54.5696716],[-108.2419096,54.569101],[-108.2432142,54.5684907],[-108.2438093,54.5682386],[-108.2444044,54.5677078],[-108.2455031,54.5668851],[-108.2461668,54.5662216],[-108.2466703,54.5659031],[-108.2473112,54.5652662],[-108.2477003,54.5644036],[-108.2485014,54.5632093],[-108.2493483,54.5625723],[-108.2508589,54.5619353],[-108.251454,54.5617097],[-108.2534681,54.5616168],[-108.2550703,54.5617495],[-108.2572676,54.5619485],[-108.2588469,54.5618158],[-108.2607924,54.5618158],[-108.2623259,54.5618158],[-108.2636305,54.5614841],[-108.264546,54.5613115],[-108.2658278,54.5614841],[-108.2670637,54.56163],[-108.2689406,54.5615504],[-108.2700621,54.5611257],[-108.2723509,54.5605418],[-108.2739988,54.5603029],[-108.2758299,54.5601171],[-108.2773634,54.5598251],[-108.2786223,54.5593739],[-108.2797209,54.5591483],[-108.2821928,54.5587103],[-108.2840239,54.5581927],[-108.2859465,54.5575025],[-108.2878004,54.5568654],[-108.2883955,54.556069],[-108.2891279,54.5552726],[-108.2899977,54.5544364],[-108.2913252,54.5535205],[-108.2925383,54.5528834],[-108.2936369,54.5518613],[-108.2941862,54.5513038],[-108.295262,54.5507329],[-108.2957884,54.5498302],[-108.297711,54.5479053],[-108.2987867,54.5472415],[-108.2986265,54.5466308],[-108.2980772,54.5457281],[-108.2979399,54.5449447],[-108.2982145,54.5438693],[-108.2996107,54.542754],[-108.3005262,54.542369],[-108.301808,54.5418246],[-108.3023344,54.5413201],[-108.3029524,54.5404968],[-108.3029295,54.5398197],[-108.3033186,54.5391292],[-108.3059279,54.5376552],[-108.3083998,54.535836],[-108.310208,54.5343752],[-108.3123823,54.5332729],[-108.3140074,54.5327152],[-108.3148771,54.5322238],[-108.3161589,54.5315199],[-108.3169142,54.5308425],[-108.3186766,54.5299925],[-108.3193174,54.529541],[-108.3198498,54.5290549],[-108.3208738,54.5284386],[-108.3219954,54.527562],[-108.3228651,54.5263001],[-108.3235289,54.5254367],[-108.3243986,54.5245202],[-108.3248335,54.5238162],[-108.3260008,54.5229262],[-108.328221,54.5212922],[-108.3294798,54.5206679],[-108.3306242,54.5198044],[-108.3313337,54.5195652],[-108.3315169,54.5189674],[-108.3317457,54.5184626],[-108.3317686,54.5179445],[-108.3314024,54.5169348],[-108.3309218,54.5160313],[-108.3302351,54.5153006],[-108.3294569,54.5143174],[-108.3299605,54.5132677],[-108.3307387,54.5120586],[-108.3311049,54.5115271],[-108.3315397,54.5101186],[-108.3318602,54.5094276],[-108.3312422,54.5083779],[-108.329022,54.5070357],[-108.3286558,54.5066636],[-108.3270079,54.5058928],[-108.3265959,54.5056669],[-108.326161,54.5051752],[-108.3261839,54.5049626],[-108.3265043,54.5047499],[-108.3268477,54.5040456],[-108.3268765,54.5039313],[-108.3282404,54.5039088]]]]},"properties":{"natural":"water","type":"multipolygon","water":"river","osmId":14577245,"osmType":"relation","sourceUrl":"https://www.openstreetmap.org/relation/14577245"}}]}
